# Blender 5.2.0 LTS
# www.blender.org
mtllib model.mtl
o Cube
v 1.000000 1.000000 1.000000
v 1.000000 1.000000 0.000000
v 1.000000 0.000000 1.000000
v 1.000000 0.000000 0.000000
v 0.000000 1.000000 1.000000
v 0.000000 1.000000 0.000000
v 0.000000 0.000000 1.000000
v 0.000000 0.000000 0.000000
v 0.910326 0.000000 0.089674
v 0.910326 0.000000 0.910326
v 0.089674 0.000000 0.910326
v 0.089674 0.000000 0.089674
v 0.000000 0.089674 0.089674
v 0.000000 0.089674 0.910326
v 0.000000 0.910326 0.910326
v 0.000000 0.910326 0.089674
v 1.000000 0.910326 0.089674
v 1.000000 0.910326 0.910326
v 1.000000 0.089674 0.910326
v 1.000000 0.089674 0.089674
v 0.089674 1.000000 0.089674
v 0.089674 1.000000 0.910326
v 0.910326 1.000000 0.910326
v 0.910326 1.000000 0.089674
v 0.889972 0.889972 0.047898
v 0.889972 0.110028 0.047898
v 0.110028 0.889972 0.047898
v 0.110028 0.110028 0.047898
v 0.889972 0.889972 0.835017
v 0.889972 0.110028 0.835017
v 0.110028 0.889972 0.835017
v 0.110028 0.110028 0.835017
v 0.889972 0.889972 0.948895
v 0.889972 0.110028 0.948895
v 0.110028 0.889972 0.948895
v 0.110028 0.110028 0.948895
vn -0.0000 -0.0000 1.0000
vn -0.0000 -0.0000 -1.0000
vn -0.0000 -1.0000 -0.0000
vn -0.3308 -0.0000 -0.9437
vn -1.0000 -0.0000 -0.0000
vn 1.0000 -0.0000 -0.0000
vn -0.0000 1.0000 -0.0000
vn -0.3550 -0.0000 0.9349
vn 0.3550 -0.0000 0.9349
vn -0.0000 -0.3550 0.9349
vn -0.0000 0.3550 0.9349
vn 0.2918 0.2918 0.9109
vn 0.2918 -0.2918 0.9109
vn -0.2918 -0.2918 0.9109
vn -0.2918 0.2918 0.9109
vn 0.7071 0.7071 -0.0000
vn 0.7071 -0.7071 -0.0000
vn -0.7071 -0.7071 -0.0000
vn -0.7071 0.7071 -0.0000
vn 0.3308 -0.0000 -0.9437
vn -0.0000 -0.3308 -0.9437
vn -0.0000 0.3308 -0.9437
vn 0.2729 0.2729 -0.9225
vn -0.2729 -0.2729 -0.9225
vn -0.2729 0.2729 -0.9225
vn 0.2729 -0.2729 -0.9225
vt 0.660636 0.353846
vt 0.987271 0.353846
vt 0.987271 0.680481
vt 0.660636 0.680481
vt 0.601869 0.424467
vt 0.619653 0.442272
vt 0.619645 0.605023
vt 0.601856 0.622823
vt 0.666124 0.034981
vt 0.690513 0.059342
vt 0.690499 0.283087
vt 0.666124 0.307530
vt 0.601866 0.622823
vt 0.584080 0.605035
vt 0.584082 0.442243
vt 0.601869 0.424467
vt 0.990585 0.307620
vt 0.966195 0.283240
vt 0.966199 0.059413
vt 0.990575 0.034979
vt 0.940163 0.309105
vt 0.716403 0.309105
vt 0.722403 0.277191
vt 0.934282 0.277245
vt 0.619654 0.442271
vt 0.619654 0.605022
vt 0.964669 0.009034
vt 0.940301 0.033423
vt 0.716488 0.033405
vt 0.692044 0.009029
vt 0.601856 0.622823
vt 0.584071 0.605034
vt 0.584081 0.442242
vt 0.601869 0.424467
vt 0.750870 0.093128
vt 0.722383 0.065308
vt 0.934340 0.065292
vt 0.906784 0.093287
vt 0.601869 0.424467
vt 0.619653 0.442272
vt 0.619645 0.605023
vt 0.601856 0.622823
vt 0.692031 0.333495
vt 0.964595 0.333479
vt 0.584071 0.605034
vt 0.584081 0.442242
vt 0.692031 0.333496
vt 0.716403 0.309106
vt 0.906625 0.249202
vt 0.750710 0.249042
vt 0.619653 0.442272
vt 0.619645 0.605023
vt 0.584071 0.605034
vt 0.584081 0.442242
vt 0.722403 0.277192
vt 0.558931 0.605020
vt 0.558923 0.442275
vt 0.558922 0.605018
vt 0.558922 0.442273
vt 0.558922 0.442273
vt 0.558922 0.442273
vt 0.558922 0.605018
s 0
usemtl Material
f 1/1/1 5/2/1 7/3/1 3/4/1
f 6/1/2 2/2/2 4/3/2 8/4/2
f 3/5/3 10/6/3 9/7/3 4/8/3
f 7/9/3 11/10/3 10/11/3 3/12/3
f 8/13/3 12/14/3 11/15/3 7/16/3
f 4/17/3 9/18/3 12/19/3 8/20/3
f 18/21/4 19/22/4 34/23/4 33/24/4
f 7/16/5 14/25/5 13/26/5 8/13/5
f 5/27/5 15/28/5 14/29/5 7/30/5
f 6/31/5 16/32/5 15/33/5 5/34/5
f 8/27/5 13/28/5 16/29/5 6/30/5
f 32/35/5 36/36/5 35/37/5 31/38/5
f 1/39/6 18/40/6 17/41/6 2/42/6
f 3/43/6 19/22/6 18/21/6 1/44/6
f 4/8/6 20/45/6 19/46/6 3/5/6
f 2/47/6 17/48/6 20/21/6 4/44/6
f 31/38/2 29/49/2 30/50/2 32/35/2
f 5/34/7 22/51/7 21/52/7 6/31/7
f 1/17/7 23/18/7 22/19/7 5/20/7
f 2/42/7 24/53/7 23/54/7 1/39/7
f 6/9/7 21/10/7 24/11/7 2/12/7
f 27/36/1 28/37/1 26/24/1 25/55/1
f 17/48/8 25/55/8 26/24/8 20/21/8
f 13/28/9 28/37/9 27/36/9 16/29/9
f 21/10/10 27/36/10 25/55/10 24/11/10
f 9/18/11 26/24/11 28/37/11 12/19/11
f 28/37/12 13/28/12 12/19/12
f 27/36/13 21/10/13 16/29/13
f 25/55/14 17/48/14 24/11/14
f 26/24/15 9/18/15 20/21/15
f 12/14/16 13/56/16 14/57/16 11/15/16
f 16/32/17 21/58/17 22/59/17 15/33/17
f 18/60/18 23/54/18 24/53/18 17/58/18
f 10/61/19 19/46/19 20/45/19 9/62/19
f 14/29/20 15/28/20 35/37/20 36/36/20
f 22/19/21 23/18/21 33/24/21 35/37/21
f 10/11/22 11/10/22 36/36/22 34/23/22
f 11/10/23 14/29/23 36/36/23
f 23/18/24 18/21/24 33/24/24
f 10/11/25 34/23/25 19/22/25
f 22/19/26 35/37/26 15/28/26
f 29/49/6 33/24/6 34/23/6 30/50/6
f 31/38/7 35/37/7 33/24/7 29/49/7
f 30/50/3 34/23/3 36/36/3 32/35/3
o Cylinder
v 0.297839 0.430535 0.421227
v 0.297839 0.260015 0.630359
v 0.323120 0.429290 0.419071
v 0.341820 0.257849 0.626607
v 0.347430 0.425603 0.412685
v 0.384112 0.251435 0.615497
v 0.369835 0.419615 0.402314
v 0.423088 0.241018 0.597455
v 0.389472 0.411557 0.388357
v 0.457250 0.227000 0.573175
v 0.405588 0.401739 0.371350
v 0.485287 0.209919 0.543589
v 0.417564 0.390537 0.351948
v 0.506120 0.190431 0.509835
v 0.424938 0.378382 0.330894
v 0.518949 0.169285 0.473209
v 0.427428 0.365741 0.309000
v 0.523281 0.147294 0.435120
v 0.424938 0.353100 0.287105
v 0.518949 0.125303 0.397031
v 0.417564 0.340945 0.266052
v 0.506120 0.104158 0.360406
v 0.405588 0.329743 0.246650
v 0.485287 0.084670 0.326651
v 0.389472 0.319924 0.229643
v 0.457250 0.067588 0.297066
v 0.369835 0.311866 0.215686
v 0.423088 0.053570 0.272785
v 0.347430 0.305878 0.205315
v 0.384112 0.043154 0.254743
v 0.323120 0.302191 0.198929
v 0.341820 0.036739 0.243633
v 0.297839 0.300946 0.196772
v 0.297839 0.034573 0.239882
v 0.272557 0.302191 0.198929
v 0.253857 0.036739 0.243633
v 0.248247 0.305878 0.205315
v 0.211566 0.043154 0.254743
v 0.225843 0.311866 0.215686
v 0.172590 0.053570 0.272785
v 0.206205 0.319924 0.229643
v 0.138427 0.067588 0.297066
v 0.190089 0.329743 0.246650
v 0.110391 0.084670 0.326651
v 0.178114 0.340945 0.266052
v 0.089558 0.104158 0.360406
v 0.170740 0.353100 0.287105
v 0.076729 0.125303 0.397031
v 0.168250 0.365741 0.309000
v 0.072397 0.147294 0.435120
v 0.170740 0.378382 0.330894
v 0.076729 0.169285 0.473209
v 0.178114 0.390537 0.351948
v 0.089558 0.190431 0.509835
v 0.190089 0.401739 0.371350
v 0.110391 0.209919 0.543589
v 0.206205 0.411557 0.388357
v 0.138427 0.227000 0.573175
v 0.225843 0.419615 0.402314
v 0.172590 0.241018 0.597455
v 0.248247 0.425603 0.412685
v 0.211566 0.251435 0.615497
v 0.272557 0.429290 0.419071
v 0.253857 0.257849 0.626607
v 0.310359 0.178766 0.489630
v 0.297839 0.179382 0.490698
v 0.322398 0.176940 0.486467
v 0.333493 0.173974 0.481331
v 0.343218 0.169984 0.474420
v 0.351199 0.165121 0.465997
v 0.357129 0.159574 0.456389
v 0.360781 0.153554 0.445963
v 0.362015 0.147294 0.435120
v 0.360781 0.141034 0.424277
v 0.357129 0.135015 0.413851
v 0.351199 0.129467 0.404243
v 0.343218 0.124605 0.395821
v 0.333493 0.120614 0.388909
v 0.322398 0.117649 0.383773
v 0.310359 0.115823 0.380610
v 0.297839 0.115206 0.379542
v 0.285319 0.115823 0.380610
v 0.273280 0.117649 0.383773
v 0.262185 0.120614 0.388909
v 0.252460 0.124605 0.395821
v 0.244479 0.129467 0.404243
v 0.238548 0.135015 0.413851
v 0.234896 0.141034 0.424277
v 0.233663 0.147294 0.435120
v 0.234896 0.153554 0.445963
v 0.238548 0.159574 0.456389
v 0.244479 0.165121 0.465997
v 0.252460 0.169984 0.474420
v 0.262185 0.173974 0.481331
v 0.273280 0.176940 0.486467
v 0.285319 0.178766 0.489630
v 0.310359 0.144819 0.509229
v 0.297839 0.145435 0.510297
v 0.322398 0.142993 0.506067
v 0.333493 0.140027 0.500931
v 0.343218 0.136037 0.494019
v 0.351199 0.131174 0.485597
v 0.357129 0.125627 0.475988
v 0.360781 0.119607 0.465562
v 0.362015 0.113347 0.454719
v 0.360781 0.107087 0.443877
v 0.357129 0.101068 0.433451
v 0.351199 0.095520 0.423842
v 0.343218 0.090658 0.415420
v 0.333493 0.086667 0.408508
v 0.322398 0.083702 0.403372
v 0.310359 0.081876 0.400209
v 0.297839 0.081259 0.399142
v 0.285319 0.081876 0.400209
v 0.273280 0.083702 0.403372
v 0.262185 0.086667 0.408508
v 0.252460 0.090658 0.415420
v 0.244479 0.095520 0.423842
v 0.238548 0.101068 0.433451
v 0.234896 0.107087 0.443877
v 0.233663 0.113347 0.454719
v 0.234896 0.119607 0.465562
v 0.238548 0.125627 0.475988
v 0.244479 0.131174 0.485597
v 0.252460 0.136037 0.494019
v 0.262185 0.140027 0.500931
v 0.273280 0.142993 0.506067
v 0.285319 0.144819 0.509229
v 0.308308 0.139663 0.500300
v 0.297839 0.140179 0.501193
v 0.318375 0.138136 0.497655
v 0.327652 0.135657 0.493361
v 0.335784 0.132320 0.487581
v 0.342458 0.128254 0.480539
v 0.347417 0.123615 0.472504
v 0.350471 0.118582 0.463786
v 0.351502 0.113347 0.454719
v 0.350471 0.108113 0.445653
v 0.347417 0.103079 0.436935
v 0.342458 0.098440 0.428900
v 0.335784 0.094375 0.421858
v 0.327652 0.091038 0.416078
v 0.318375 0.088558 0.411784
v 0.308308 0.087031 0.409139
v 0.297839 0.086516 0.408246
v 0.287370 0.087031 0.409139
v 0.277303 0.088558 0.411784
v 0.268025 0.091038 0.416078
v 0.259893 0.094375 0.421858
v 0.253220 0.098440 0.428900
v 0.248261 0.103079 0.436935
v 0.245207 0.108113 0.445653
v 0.244176 0.113347 0.454719
v 0.245207 0.118582 0.463786
v 0.248261 0.123615 0.472504
v 0.253220 0.128254 0.480539
v 0.259893 0.132320 0.487581
v 0.268025 0.135657 0.493361
v 0.277303 0.138136 0.497655
v 0.287370 0.139663 0.500300
v 0.306825 0.135934 0.493841
v 0.297839 0.136377 0.494608
v 0.315465 0.134624 0.491572
v 0.323428 0.132496 0.487885
v 0.330408 0.129632 0.482925
v 0.336136 0.126142 0.476880
v 0.340392 0.122160 0.469984
v 0.343013 0.117840 0.462501
v 0.343898 0.113347 0.454719
v 0.343013 0.108854 0.446938
v 0.340392 0.104534 0.439455
v 0.336136 0.100553 0.432559
v 0.330408 0.097063 0.426514
v 0.323428 0.094199 0.421553
v 0.315465 0.092071 0.417867
v 0.306825 0.090760 0.415597
v 0.297839 0.090318 0.414831
v 0.288853 0.090760 0.415597
v 0.280213 0.092071 0.417867
v 0.272250 0.094199 0.421553
v 0.265270 0.097063 0.426514
v 0.259542 0.100553 0.432559
v 0.255286 0.104534 0.439455
v 0.252665 0.108854 0.446938
v 0.251780 0.113347 0.454719
v 0.252665 0.117840 0.462501
v 0.255286 0.122160 0.469984
v 0.259542 0.126142 0.476880
v 0.265270 0.129632 0.482925
v 0.272250 0.132496 0.487885
v 0.280213 0.134624 0.491572
v 0.288853 0.135934 0.493841
v 0.308308 0.146518 0.496342
v 0.297839 0.147034 0.497235
v 0.318375 0.144992 0.493697
v 0.327652 0.142512 0.489403
v 0.335784 0.139175 0.483623
v 0.342458 0.135109 0.476581
v 0.347417 0.130470 0.468546
v 0.350471 0.125437 0.459828
v 0.351502 0.120203 0.450762
v 0.350471 0.114968 0.441695
v 0.347417 0.109935 0.432977
v 0.342458 0.105296 0.424942
v 0.335784 0.101230 0.417900
v 0.327652 0.097893 0.412120
v 0.318375 0.095414 0.407826
v 0.308308 0.093887 0.405181
v 0.297839 0.093371 0.404288
v 0.287370 0.093887 0.405181
v 0.277303 0.095414 0.407826
v 0.268025 0.097893 0.412120
v 0.259893 0.101230 0.417900
v 0.253220 0.105296 0.424942
v 0.248261 0.109935 0.432977
v 0.245207 0.114968 0.441695
v 0.244176 0.120203 0.450762
v 0.245207 0.125437 0.459828
v 0.248261 0.130470 0.468546
v 0.253220 0.135109 0.476581
v 0.259893 0.139175 0.483623
v 0.268025 0.142512 0.489403
v 0.277303 0.144992 0.493697
v 0.287370 0.146518 0.496342
v 0.306825 0.142790 0.489884
v 0.297839 0.143232 0.490650
v 0.315465 0.141479 0.487614
v 0.323428 0.139351 0.483927
v 0.330408 0.136487 0.478967
v 0.336136 0.132997 0.472922
v 0.340392 0.129016 0.466026
v 0.343013 0.124695 0.458543
v 0.343898 0.120203 0.450761
v 0.343013 0.115710 0.442980
v 0.340392 0.111389 0.435497
v 0.336136 0.107408 0.428601
v 0.330408 0.103918 0.422556
v 0.323428 0.101054 0.417595
v 0.315465 0.098926 0.413909
v 0.306825 0.097615 0.411640
v 0.297839 0.097173 0.410873
v 0.288853 0.097615 0.411640
v 0.280213 0.098926 0.413909
v 0.272250 0.101054 0.417595
v 0.265270 0.103918 0.422556
v 0.259542 0.107408 0.428601
v 0.255286 0.111389 0.435497
v 0.252665 0.115710 0.442980
v 0.251780 0.120203 0.450761
v 0.252665 0.124695 0.458543
v 0.255286 0.129016 0.466026
v 0.259542 0.132997 0.472922
v 0.265270 0.136487 0.478967
v 0.272250 0.139351 0.483927
v 0.280213 0.141479 0.487614
v 0.288853 0.142790 0.489884
v 0.297839 0.465578 0.511677
v 0.341820 0.463412 0.507926
v 0.384112 0.456997 0.496815
v 0.423088 0.446581 0.478773
v 0.457250 0.432562 0.454493
v 0.485287 0.415481 0.424907
v 0.506120 0.395993 0.391153
v 0.518949 0.374847 0.354528
v 0.523281 0.352857 0.316439
v 0.518949 0.330866 0.278349
v 0.506120 0.309720 0.241724
v 0.485287 0.290232 0.207970
v 0.457250 0.273151 0.178384
v 0.423088 0.259133 0.154104
v 0.384112 0.248716 0.136062
v 0.341820 0.242302 0.124952
v 0.297839 0.240136 0.121200
v 0.253857 0.242302 0.124952
v 0.211566 0.248716 0.136062
v 0.172590 0.259133 0.154104
v 0.138427 0.273151 0.178384
v 0.110391 0.290232 0.207970
v 0.089558 0.309720 0.241724
v 0.076729 0.330866 0.278349
v 0.072397 0.352857 0.316439
v 0.076729 0.374847 0.354528
v 0.089558 0.395993 0.391153
v 0.110391 0.415481 0.424907
v 0.138427 0.432562 0.454493
v 0.172590 0.446581 0.478773
v 0.211566 0.456997 0.496815
v 0.253857 0.463412 0.507926
v 0.297839 0.491153 0.526220
v 0.346772 0.488743 0.522047
v 0.346772 0.475859 0.529485
v 0.393825 0.481607 0.509686
v 0.393825 0.468723 0.517124
v 0.437190 0.470017 0.489612
v 0.437190 0.457133 0.497051
v 0.475199 0.454421 0.462598
v 0.475199 0.441537 0.470037
v 0.506392 0.435416 0.429681
v 0.506392 0.422532 0.437120
v 0.529571 0.413734 0.392127
v 0.529571 0.400850 0.399565
v 0.543844 0.390207 0.351378
v 0.543844 0.377323 0.358816
v 0.548664 0.365741 0.309000
v 0.548664 0.352857 0.316439
v 0.543844 0.341274 0.266622
v 0.543844 0.328390 0.274061
v 0.529571 0.317748 0.225873
v 0.529571 0.304863 0.233312
v 0.506392 0.296065 0.188319
v 0.506392 0.283181 0.195757
v 0.475199 0.277061 0.155402
v 0.475199 0.264177 0.162840
v 0.437190 0.261464 0.128388
v 0.437190 0.248580 0.135826
v 0.393825 0.249875 0.108314
v 0.393825 0.236991 0.115753
v 0.346772 0.242738 0.095953
v 0.346772 0.229854 0.103392
v 0.297839 0.240328 0.091779
v 0.297839 0.227444 0.099218
v 0.248905 0.242738 0.095953
v 0.248905 0.229854 0.103392
v 0.201852 0.249875 0.108314
v 0.201852 0.236991 0.115753
v 0.158488 0.261464 0.128388
v 0.158488 0.248580 0.135826
v 0.120479 0.277061 0.155402
v 0.120479 0.264177 0.162840
v 0.089286 0.296065 0.188319
v 0.089286 0.283181 0.195757
v 0.066107 0.317748 0.225873
v 0.066107 0.304863 0.233312
v 0.051834 0.341274 0.266622
v 0.051834 0.328390 0.274061
v 0.047014 0.365741 0.309000
v 0.047014 0.352857 0.316439
v 0.051834 0.390207 0.351378
v 0.051834 0.377323 0.358816
v 0.066107 0.413734 0.392127
v 0.066107 0.400850 0.399565
v 0.089286 0.435416 0.429681
v 0.089286 0.422532 0.437120
v 0.120479 0.454421 0.462598
v 0.120479 0.441537 0.470037
v 0.158488 0.470017 0.489612
v 0.158488 0.457133 0.497051
v 0.201852 0.481607 0.509686
v 0.201852 0.468723 0.517124
v 0.248905 0.488743 0.522047
v 0.248905 0.475859 0.529485
v 0.297839 0.478269 0.533659
v 0.297839 0.472690 0.396889
v 0.323120 0.471445 0.394733
v 0.347430 0.467758 0.388346
v 0.369835 0.461771 0.377975
v 0.389472 0.453712 0.364019
v 0.405588 0.443894 0.347012
v 0.417564 0.432692 0.327609
v 0.424938 0.420537 0.306556
v 0.427428 0.407896 0.284662
v 0.424938 0.395255 0.262767
v 0.417564 0.383100 0.241714
v 0.405588 0.371898 0.222311
v 0.389472 0.362079 0.205305
v 0.369835 0.354021 0.191348
v 0.347430 0.348033 0.180977
v 0.323120 0.344346 0.174591
v 0.297839 0.343101 0.172434
v 0.272557 0.344346 0.174591
v 0.248247 0.348033 0.180977
v 0.225843 0.354021 0.191348
v 0.206205 0.362079 0.205305
v 0.190089 0.371898 0.222311
v 0.178114 0.383100 0.241714
v 0.170740 0.395255 0.262767
v 0.168250 0.407896 0.284662
v 0.170740 0.420537 0.306556
v 0.178114 0.432692 0.327609
v 0.190089 0.443894 0.347012
v 0.206205 0.453712 0.364019
v 0.225843 0.461771 0.377975
v 0.248247 0.467758 0.388346
v 0.272557 0.471445 0.394733
v 0.172625 0.131453 0.030811
v 0.172625 0.131453 0.281176
v 0.172625 0.455498 0.030811
v 0.172625 0.404999 0.281176
v 0.423052 0.131453 0.030811
v 0.423052 0.131453 0.281176
v 0.423052 0.455498 0.030811
v 0.423052 0.404999 0.281176
v 0.172625 0.131453 0.141459
v 0.172625 0.363450 0.141459
v 0.423052 0.363450 0.141459
v 0.423052 0.131453 0.141459
v 0.306825 0.123693 0.500909
v 0.297839 0.124136 0.501675
v 0.315465 0.122383 0.498639
v 0.323428 0.120254 0.494953
v 0.330408 0.117390 0.489992
v 0.336136 0.113901 0.483948
v 0.340392 0.109919 0.477052
v 0.343013 0.105599 0.469569
v 0.343898 0.101106 0.461787
v 0.343013 0.096613 0.454005
v 0.340392 0.092293 0.446522
v 0.336136 0.088311 0.439626
v 0.330408 0.084822 0.433582
v 0.323428 0.081958 0.428621
v 0.315465 0.079829 0.424935
v 0.306825 0.078519 0.422665
v 0.297839 0.078076 0.421898
v 0.288853 0.078519 0.422665
v 0.280213 0.079829 0.424935
v 0.272250 0.081958 0.428621
v 0.265270 0.084822 0.433582
v 0.259542 0.088311 0.439626
v 0.255286 0.092293 0.446522
v 0.252665 0.096613 0.454005
v 0.251780 0.101106 0.461787
v 0.252665 0.105599 0.469569
v 0.255286 0.109919 0.477052
v 0.259542 0.113901 0.483948
v 0.265270 0.117390 0.489992
v 0.272250 0.120254 0.494953
v 0.280213 0.122383 0.498639
v 0.288853 0.123693 0.500909
v 0.306825 0.102481 0.513156
v 0.297839 0.102924 0.513922
v 0.315465 0.101170 0.510886
v 0.323428 0.099042 0.507200
v 0.330408 0.096178 0.502239
v 0.336136 0.092688 0.496195
v 0.340392 0.088707 0.489298
v 0.343013 0.084387 0.481816
v 0.343898 0.079894 0.474034
v 0.343013 0.075401 0.466252
v 0.340392 0.071081 0.458769
v 0.336136 0.067099 0.451873
v 0.330408 0.063609 0.445828
v 0.323428 0.060745 0.440868
v 0.315465 0.058617 0.437182
v 0.306825 0.057307 0.434912
v 0.297839 0.056864 0.434145
v 0.288853 0.057307 0.434912
v 0.280213 0.058617 0.437182
v 0.272250 0.060745 0.440868
v 0.265270 0.063609 0.445828
v 0.259542 0.067099 0.451873
v 0.255286 0.071081 0.458769
v 0.252665 0.075401 0.466252
v 0.251780 0.079894 0.474034
v 0.252665 0.084387 0.481816
v 0.255286 0.088707 0.489298
v 0.259542 0.092688 0.496195
v 0.265270 0.096178 0.502239
v 0.272250 0.099042 0.507200
v 0.280213 0.101170 0.510886
v 0.288853 0.102481 0.513156
v 0.304883 0.131054 0.485388
v 0.297839 0.131401 0.485989
v 0.311657 0.130027 0.483609
v 0.317899 0.128358 0.480719
v 0.323371 0.126113 0.476831
v 0.327861 0.123377 0.472092
v 0.331198 0.120256 0.466686
v 0.333252 0.116869 0.460820
v 0.333946 0.113347 0.454719
v 0.333252 0.109825 0.448619
v 0.331198 0.106438 0.442753
v 0.327861 0.103317 0.437347
v 0.323371 0.100581 0.432608
v 0.317899 0.098336 0.428719
v 0.311657 0.096668 0.425830
v 0.304883 0.095640 0.424050
v 0.297839 0.095294 0.423449
v 0.290795 0.095640 0.424050
v 0.284021 0.096668 0.425830
v 0.277779 0.098336 0.428719
v 0.272307 0.100581 0.432608
v 0.267817 0.103317 0.437347
v 0.264480 0.106438 0.442753
v 0.262425 0.109825 0.448619
v 0.261731 0.113347 0.454719
v 0.262425 0.116869 0.460820
v 0.264480 0.120256 0.466686
v 0.267817 0.123377 0.472092
v 0.272307 0.126113 0.476831
v 0.277779 0.128358 0.480719
v 0.284021 0.130027 0.483609
v 0.290795 0.131054 0.485388
v 0.304883 0.118813 0.492456
v 0.297839 0.119160 0.493057
v 0.311657 0.117785 0.490677
v 0.317899 0.116117 0.487787
v 0.323371 0.113872 0.483898
v 0.327861 0.111136 0.479160
v 0.331198 0.108015 0.473753
v 0.333252 0.104628 0.467887
v 0.333946 0.101106 0.461787
v 0.333252 0.097584 0.455686
v 0.331198 0.094197 0.449820
v 0.327861 0.091076 0.444414
v 0.323371 0.088340 0.439676
v 0.317899 0.086095 0.435787
v 0.311657 0.084427 0.432897
v 0.304883 0.083399 0.431118
v 0.297839 0.083052 0.430517
v 0.290795 0.083399 0.431118
v 0.284021 0.084427 0.432897
v 0.277779 0.086095 0.435787
v 0.272307 0.088340 0.439676
v 0.267817 0.091076 0.444414
v 0.264480 0.094197 0.449820
v 0.262425 0.097584 0.455686
v 0.261731 0.101106 0.461787
v 0.262425 0.104628 0.467887
v 0.264480 0.108015 0.473753
v 0.267817 0.111136 0.479159
v 0.272307 0.113872 0.483898
v 0.277779 0.116117 0.487787
v 0.284021 0.117785 0.490677
v 0.290795 0.118813 0.492456
v 0.302389 0.059733 0.464909
v 0.289869 0.060350 0.465977
v 0.350659 0.497635 0.591789
v 0.306677 0.499801 0.595541
v 0.347483 0.481337 0.563962
v 0.303501 0.483503 0.567713
v 0.289843 0.088280 0.449547
v 0.302363 0.087663 0.448479
v 0.303481 0.512727 0.550600
v 0.347462 0.510561 0.546849
v 0.288110 0.404527 0.432863
v 0.332092 0.402361 0.429112
v 0.288089 0.433751 0.415750
v 0.332071 0.431585 0.411999
v 0.303540 0.427978 0.600228
v 0.306716 0.444276 0.628055
v 0.347522 0.425813 0.596476
v 0.350698 0.442110 0.624304
v 0.303609 0.329575 0.657851
v 0.306785 0.345873 0.685678
v 0.347591 0.327409 0.654099
v 0.350767 0.343707 0.681926
v 0.306716 0.444276 0.805044
v 0.350698 0.442110 0.805044
v 0.306785 0.345873 0.805044
v 0.350767 0.343707 0.805044
v 0.286419 0.490616 0.805044
v 0.370932 0.486454 0.805044
v 0.286551 0.301528 0.805044
v 0.371064 0.297367 0.805044
v 0.286419 0.490616 0.837596
v 0.370932 0.486454 0.837596
v 0.286551 0.301528 0.837596
v 0.371064 0.297367 0.837596
v 0.305773 0.219014 0.734361
v 0.306910 0.250227 0.742360
v 0.305307 0.235873 0.731859
v 0.350892 0.248062 0.738608
v 0.347611 0.216954 0.730792
v 0.349289 0.233707 0.728107
v 0.344223 0.227568 0.686337
v 0.347634 0.258692 0.694284
v 0.349275 0.233752 0.727917
v 0.303653 0.260858 0.698035
v 0.302620 0.229616 0.689885
v 0.305293 0.235918 0.731668
v 0.306670 0.510584 0.589226
v 0.304562 0.518277 0.560077
v 0.348544 0.516111 0.556326
v 0.350651 0.508418 0.585475
v 0.569465 0.297839 0.421227
v 0.739985 0.297839 0.630359
v 0.570710 0.323120 0.419071
v 0.742151 0.341820 0.626607
v 0.574397 0.347430 0.412685
v 0.748565 0.384112 0.615497
v 0.580384 0.369835 0.402314
v 0.758982 0.423088 0.597455
v 0.588443 0.389472 0.388357
v 0.773000 0.457250 0.573175
v 0.598261 0.405588 0.371350
v 0.790081 0.485287 0.543589
v 0.609463 0.417564 0.351948
v 0.809569 0.506120 0.509835
v 0.621618 0.424938 0.330894
v 0.830715 0.518949 0.473209
v 0.634259 0.427428 0.309000
v 0.852706 0.523281 0.435120
v 0.646900 0.424938 0.287105
v 0.874696 0.518949 0.397031
v 0.659055 0.417564 0.266052
v 0.895842 0.506120 0.360406
v 0.670257 0.405588 0.246650
v 0.915330 0.485287 0.326651
v 0.680076 0.389472 0.229643
v 0.932412 0.457250 0.297066
v 0.688134 0.369835 0.215686
v 0.946430 0.423088 0.272785
v 0.694122 0.347430 0.205315
v 0.956846 0.384112 0.254743
v 0.697809 0.323120 0.198929
v 0.963261 0.341820 0.243633
v 0.699054 0.297839 0.196772
v 0.965427 0.297839 0.239882
v 0.697809 0.272557 0.198929
v 0.963261 0.253857 0.243633
v 0.694122 0.248247 0.205315
v 0.956846 0.211566 0.254743
v 0.688134 0.225843 0.215686
v 0.946430 0.172590 0.272785
v 0.680076 0.206205 0.229643
v 0.932412 0.138427 0.297066
v 0.670257 0.190089 0.246650
v 0.915330 0.110391 0.326651
v 0.659055 0.178114 0.266052
v 0.895842 0.089558 0.360406
v 0.646900 0.170740 0.287105
v 0.874696 0.076729 0.397031
v 0.634259 0.168250 0.309000
v 0.852706 0.072397 0.435120
v 0.621618 0.170740 0.330894
v 0.830715 0.076729 0.473209
v 0.609463 0.178114 0.351948
v 0.809569 0.089558 0.509835
v 0.598261 0.190089 0.371350
v 0.790081 0.110391 0.543589
v 0.588443 0.206205 0.388357
v 0.773000 0.138427 0.573175
v 0.580384 0.225843 0.402314
v 0.758982 0.172590 0.597455
v 0.574397 0.248247 0.412685
v 0.748565 0.211566 0.615497
v 0.570710 0.272557 0.419071
v 0.742151 0.253857 0.626607
v 0.821234 0.310359 0.489630
v 0.820618 0.297839 0.490698
v 0.823060 0.322398 0.486467
v 0.826026 0.333493 0.481331
v 0.830016 0.343218 0.474420
v 0.834879 0.351199 0.465997
v 0.840426 0.357129 0.456389
v 0.846446 0.360781 0.445963
v 0.852706 0.362015 0.435120
v 0.858966 0.360781 0.424277
v 0.864985 0.357129 0.413851
v 0.870533 0.351199 0.404243
v 0.875395 0.343218 0.395821
v 0.879386 0.333493 0.388909
v 0.882351 0.322398 0.383773
v 0.884177 0.310359 0.380610
v 0.884794 0.297839 0.379542
v 0.884177 0.285319 0.380610
v 0.882351 0.273280 0.383773
v 0.879386 0.262185 0.388909
v 0.875395 0.252460 0.395821
v 0.870533 0.244479 0.404243
v 0.864985 0.238548 0.413851
v 0.858966 0.234896 0.424277
v 0.852706 0.233663 0.435120
v 0.846446 0.234896 0.445963
v 0.840426 0.238548 0.456389
v 0.834879 0.244479 0.465997
v 0.830016 0.252460 0.474420
v 0.826026 0.262185 0.481331
v 0.823060 0.273280 0.486467
v 0.821234 0.285319 0.489630
v 0.855181 0.310359 0.509229
v 0.854565 0.297839 0.510297
v 0.857007 0.322398 0.506067
v 0.859973 0.333493 0.500931
v 0.863963 0.343218 0.494019
v 0.868826 0.351199 0.485597
v 0.874373 0.357129 0.475988
v 0.880393 0.360781 0.465562
v 0.886653 0.362015 0.454719
v 0.892913 0.360781 0.443877
v 0.898932 0.357129 0.433451
v 0.904480 0.351199 0.423842
v 0.909342 0.343218 0.415420
v 0.913333 0.333493 0.408508
v 0.916298 0.322398 0.403372
v 0.918124 0.310359 0.400209
v 0.918741 0.297839 0.399142
v 0.918124 0.285319 0.400209
v 0.916298 0.273280 0.403372
v 0.913333 0.262185 0.408508
v 0.909342 0.252460 0.415420
v 0.904480 0.244479 0.423842
v 0.898932 0.238548 0.433451
v 0.892913 0.234896 0.443877
v 0.886653 0.233663 0.454719
v 0.880393 0.234896 0.465562
v 0.874373 0.238548 0.475988
v 0.868826 0.244479 0.485597
v 0.863963 0.252460 0.494019
v 0.859973 0.262185 0.500931
v 0.857007 0.273280 0.506067
v 0.855181 0.285319 0.509229
v 0.860337 0.308308 0.500300
v 0.859821 0.297839 0.501193
v 0.861864 0.318375 0.497655
v 0.864343 0.327652 0.493361
v 0.867680 0.335784 0.487581
v 0.871746 0.342458 0.480539
v 0.876385 0.347417 0.472504
v 0.881418 0.350471 0.463786
v 0.886653 0.351502 0.454719
v 0.891887 0.350471 0.445653
v 0.896921 0.347417 0.436935
v 0.901559 0.342458 0.428900
v 0.905625 0.335784 0.421858
v 0.908962 0.327652 0.416078
v 0.911442 0.318375 0.411784
v 0.912969 0.308308 0.409139
v 0.913484 0.297839 0.408246
v 0.912969 0.287370 0.409139
v 0.911442 0.277303 0.411784
v 0.908962 0.268025 0.416078
v 0.905625 0.259893 0.421858
v 0.901559 0.253220 0.428900
v 0.896921 0.248261 0.436935
v 0.891887 0.245207 0.445653
v 0.886653 0.244176 0.454719
v 0.881418 0.245207 0.463786
v 0.876385 0.248261 0.472504
v 0.871746 0.253220 0.480539
v 0.867680 0.259893 0.487581
v 0.864343 0.268025 0.493361
v 0.861864 0.277303 0.497655
v 0.860337 0.287370 0.500300
v 0.864066 0.306825 0.493841
v 0.863623 0.297839 0.494608
v 0.865376 0.315465 0.491572
v 0.867504 0.323428 0.487885
v 0.870368 0.330408 0.482925
v 0.873858 0.336136 0.476880
v 0.877840 0.340392 0.469984
v 0.882160 0.343013 0.462501
v 0.886653 0.343898 0.454719
v 0.891146 0.343013 0.446938
v 0.895466 0.340392 0.439455
v 0.899447 0.336136 0.432559
v 0.902937 0.330408 0.426514
v 0.905801 0.323428 0.421553
v 0.907929 0.315465 0.417867
v 0.909240 0.306825 0.415597
v 0.909682 0.297839 0.414831
v 0.909240 0.288853 0.415597
v 0.907929 0.280213 0.417867
v 0.905801 0.272250 0.421553
v 0.902937 0.265270 0.426514
v 0.899447 0.259542 0.432559
v 0.895466 0.255286 0.439455
v 0.891146 0.252665 0.446938
v 0.886653 0.251780 0.454719
v 0.882160 0.252665 0.462501
v 0.877840 0.255286 0.469984
v 0.873858 0.259542 0.476880
v 0.870368 0.265270 0.482925
v 0.867504 0.272250 0.487885
v 0.865376 0.280213 0.491572
v 0.864066 0.288853 0.493841
v 0.853482 0.308308 0.496342
v 0.852966 0.297839 0.497235
v 0.855008 0.318375 0.493697
v 0.857488 0.327652 0.489403
v 0.860825 0.335784 0.483623
v 0.864891 0.342458 0.476581
v 0.869529 0.347417 0.468546
v 0.874563 0.350471 0.459828
v 0.879797 0.351502 0.450762
v 0.885032 0.350471 0.441695
v 0.890065 0.347417 0.432977
v 0.894704 0.342458 0.424942
v 0.898770 0.335784 0.417900
v 0.902107 0.327652 0.412120
v 0.904586 0.318375 0.407826
v 0.906113 0.308308 0.405181
v 0.906629 0.297839 0.404288
v 0.906113 0.287370 0.405181
v 0.904586 0.277303 0.407826
v 0.902107 0.268025 0.412120
v 0.898770 0.259893 0.417900
v 0.894704 0.253220 0.424942
v 0.890065 0.248261 0.432977
v 0.885032 0.245207 0.441695
v 0.879797 0.244176 0.450762
v 0.874563 0.245207 0.459828
v 0.869529 0.248261 0.468546
v 0.864891 0.253220 0.476581
v 0.860825 0.259893 0.483623
v 0.857488 0.268025 0.489403
v 0.855008 0.277303 0.493697
v 0.853482 0.287370 0.496342
v 0.857210 0.306825 0.489884
v 0.856768 0.297839 0.490650
v 0.858521 0.315465 0.487614
v 0.860649 0.323428 0.483927
v 0.863513 0.330408 0.478967
v 0.867003 0.336136 0.472922
v 0.870984 0.340392 0.466026
v 0.875305 0.343013 0.458543
v 0.879797 0.343898 0.450761
v 0.884290 0.343013 0.442980
v 0.888610 0.340392 0.435497
v 0.892592 0.336136 0.428601
v 0.896082 0.330408 0.422556
v 0.898946 0.323428 0.417595
v 0.901074 0.315465 0.413909
v 0.902385 0.306825 0.411640
v 0.902827 0.297839 0.410873
v 0.902385 0.288853 0.411640
v 0.901074 0.280213 0.413909
v 0.898946 0.272250 0.417595
v 0.896082 0.265270 0.422556
v 0.892592 0.259542 0.428601
v 0.888610 0.255286 0.435497
v 0.884290 0.252665 0.442980
v 0.879797 0.251780 0.450761
v 0.875305 0.252665 0.458543
v 0.870984 0.255286 0.466026
v 0.867003 0.259542 0.472922
v 0.863513 0.265270 0.478967
v 0.860649 0.272250 0.483927
v 0.858521 0.280213 0.487614
v 0.857210 0.288853 0.489884
v 0.534422 0.297839 0.511677
v 0.536588 0.341820 0.507926
v 0.543003 0.384112 0.496815
v 0.553419 0.423088 0.478773
v 0.567438 0.457250 0.454493
v 0.584519 0.485287 0.424907
v 0.604007 0.506120 0.391153
v 0.625153 0.518949 0.354528
v 0.647143 0.523281 0.316439
v 0.669134 0.518949 0.278349
v 0.690280 0.506120 0.241724
v 0.709768 0.485287 0.207970
v 0.726849 0.457250 0.178384
v 0.740867 0.423088 0.154104
v 0.751284 0.384112 0.136062
v 0.757698 0.341820 0.124952
v 0.759864 0.297839 0.121200
v 0.757698 0.253857 0.124952
v 0.751284 0.211566 0.136062
v 0.740867 0.172590 0.154104
v 0.726849 0.138427 0.178384
v 0.709768 0.110391 0.207970
v 0.690280 0.089558 0.241724
v 0.669134 0.076729 0.278349
v 0.647143 0.072397 0.316439
v 0.625153 0.076729 0.354528
v 0.604007 0.089558 0.391153
v 0.584519 0.110391 0.424907
v 0.567438 0.138427 0.454493
v 0.553419 0.172590 0.478773
v 0.543003 0.211566 0.496815
v 0.536588 0.253857 0.507926
v 0.508847 0.297839 0.526220
v 0.511257 0.346772 0.522047
v 0.524141 0.346772 0.529485
v 0.518393 0.393825 0.509686
v 0.531277 0.393825 0.517124
v 0.529983 0.437190 0.489612
v 0.542867 0.437190 0.497051
v 0.545579 0.475199 0.462598
v 0.558463 0.475199 0.470037
v 0.564584 0.506392 0.429681
v 0.577468 0.506392 0.437120
v 0.586266 0.529571 0.392127
v 0.599150 0.529571 0.399565
v 0.609792 0.543844 0.351378
v 0.622677 0.543844 0.358816
v 0.634259 0.548663 0.309000
v 0.647143 0.548663 0.316439
v 0.658726 0.543844 0.266622
v 0.671610 0.543844 0.274061
v 0.682252 0.529571 0.225873
v 0.695137 0.529571 0.233312
v 0.703935 0.506392 0.188319
v 0.716819 0.506392 0.195757
v 0.722939 0.475199 0.155402
v 0.735823 0.475199 0.162840
v 0.738536 0.437190 0.128388
v 0.751420 0.437190 0.135826
v 0.750125 0.393825 0.108314
v 0.763009 0.393825 0.115753
v 0.757262 0.346772 0.095953
v 0.770146 0.346772 0.103392
v 0.759672 0.297839 0.091779
v 0.772556 0.297839 0.099218
v 0.757262 0.248905 0.095953
v 0.770146 0.248905 0.103392
v 0.750125 0.201852 0.108314
v 0.763009 0.201852 0.115753
v 0.738536 0.158488 0.128388
v 0.751420 0.158488 0.135826
v 0.722939 0.120479 0.155402
v 0.735823 0.120479 0.162840
v 0.703935 0.089286 0.188319
v 0.716819 0.089286 0.195757
v 0.682252 0.066107 0.225873
v 0.695137 0.066107 0.233312
v 0.658726 0.051834 0.266622
v 0.671610 0.051834 0.274061
v 0.634259 0.047014 0.309000
v 0.647143 0.047014 0.316439
v 0.609792 0.051834 0.351378
v 0.622677 0.051834 0.358816
v 0.586266 0.066107 0.392127
v 0.599150 0.066107 0.399565
v 0.564584 0.089286 0.429681
v 0.577468 0.089286 0.437120
v 0.545579 0.120479 0.462598
v 0.558463 0.120479 0.470037
v 0.529983 0.158488 0.489612
v 0.542867 0.158488 0.497051
v 0.518393 0.201852 0.509686
v 0.531277 0.201852 0.517124
v 0.511257 0.248905 0.522047
v 0.524141 0.248905 0.529485
v 0.521731 0.297839 0.533659
v 0.527310 0.297839 0.396889
v 0.528555 0.323120 0.394733
v 0.532242 0.347430 0.388346
v 0.538229 0.369835 0.377975
v 0.546288 0.389472 0.364019
v 0.556106 0.405588 0.347012
v 0.567308 0.417564 0.327609
v 0.579463 0.424938 0.306556
v 0.592104 0.427428 0.284662
v 0.604745 0.424938 0.262767
v 0.616900 0.417564 0.241714
v 0.628102 0.405588 0.222311
v 0.637921 0.389472 0.205305
v 0.645979 0.369835 0.191348
v 0.651967 0.347430 0.180977
v 0.655654 0.323120 0.174591
v 0.656899 0.297839 0.172434
v 0.655654 0.272557 0.174591
v 0.651967 0.248247 0.180977
v 0.645979 0.225843 0.191348
v 0.637921 0.206205 0.205305
v 0.628102 0.190089 0.222311
v 0.616900 0.178114 0.241714
v 0.604745 0.170740 0.262767
v 0.592104 0.168250 0.284662
v 0.579463 0.170740 0.306556
v 0.567308 0.178114 0.327609
v 0.556106 0.190089 0.347012
v 0.546288 0.206205 0.364019
v 0.538229 0.225843 0.377975
v 0.532242 0.248247 0.388346
v 0.528555 0.272557 0.394733
v 0.868546 0.172625 0.030811
v 0.868546 0.172625 0.281176
v 0.544502 0.172625 0.030811
v 0.595001 0.172625 0.281176
v 0.868546 0.423052 0.030811
v 0.868546 0.423052 0.281176
v 0.544502 0.423052 0.030811
v 0.595001 0.423052 0.281176
v 0.868546 0.172625 0.141459
v 0.636550 0.172625 0.141459
v 0.636550 0.423052 0.141459
v 0.868546 0.423052 0.141459
v 0.876307 0.306825 0.500909
v 0.875864 0.297839 0.501675
v 0.877617 0.315465 0.498639
v 0.879746 0.323428 0.494953
v 0.882610 0.330408 0.489992
v 0.886099 0.336136 0.483948
v 0.890081 0.340392 0.477052
v 0.894401 0.343013 0.469569
v 0.898894 0.343898 0.461787
v 0.903387 0.343013 0.454005
v 0.907707 0.340392 0.446522
v 0.911689 0.336136 0.439626
v 0.915178 0.330408 0.433582
v 0.918042 0.323428 0.428621
v 0.920170 0.315465 0.424935
v 0.921481 0.306825 0.422665
v 0.921924 0.297839 0.421898
v 0.921481 0.288853 0.422665
v 0.920170 0.280213 0.424935
v 0.918042 0.272250 0.428621
v 0.915178 0.265270 0.433582
v 0.911689 0.259542 0.439626
v 0.907707 0.255286 0.446522
v 0.903387 0.252665 0.454005
v 0.898894 0.251780 0.461787
v 0.894401 0.252665 0.469569
v 0.890081 0.255286 0.477052
v 0.886099 0.259542 0.483948
v 0.882610 0.265270 0.489992
v 0.879746 0.272250 0.494953
v 0.877617 0.280213 0.498639
v 0.876307 0.288853 0.500909
v 0.897519 0.306825 0.513156
v 0.897076 0.297839 0.513922
v 0.898829 0.315465 0.510886
v 0.900958 0.323428 0.507200
v 0.903822 0.330408 0.502239
v 0.907312 0.336136 0.496195
v 0.911293 0.340392 0.489298
v 0.915613 0.343013 0.481816
v 0.920106 0.343898 0.474034
v 0.924599 0.343013 0.466252
v 0.928919 0.340392 0.458769
v 0.932901 0.336136 0.451873
v 0.936391 0.330408 0.445828
v 0.939255 0.323428 0.440868
v 0.941383 0.315465 0.437182
v 0.942693 0.306825 0.434912
v 0.943136 0.297839 0.434145
v 0.942693 0.288853 0.434912
v 0.941383 0.280213 0.437182
v 0.939255 0.272250 0.440868
v 0.936391 0.265270 0.445828
v 0.932901 0.259542 0.451873
v 0.928919 0.255286 0.458769
v 0.924599 0.252665 0.466252
v 0.920106 0.251780 0.474034
v 0.915613 0.252665 0.481816
v 0.911293 0.255286 0.489298
v 0.907312 0.259542 0.496195
v 0.903822 0.265270 0.502239
v 0.900958 0.272250 0.507200
v 0.898829 0.280213 0.510886
v 0.897519 0.288853 0.513156
v 0.868946 0.304883 0.485388
v 0.868599 0.297839 0.485989
v 0.869973 0.311657 0.483609
v 0.871642 0.317899 0.480719
v 0.873887 0.323371 0.476831
v 0.876623 0.327861 0.472092
v 0.879744 0.331198 0.466686
v 0.883131 0.333252 0.460820
v 0.886653 0.333946 0.454719
v 0.890175 0.333252 0.448619
v 0.893562 0.331198 0.442753
v 0.896683 0.327861 0.437347
v 0.899419 0.323371 0.432608
v 0.901664 0.317899 0.428719
v 0.903332 0.311657 0.425830
v 0.904359 0.304883 0.424050
v 0.904706 0.297839 0.423449
v 0.904359 0.290795 0.424050
v 0.903332 0.284021 0.425830
v 0.901664 0.277779 0.428719
v 0.899419 0.272307 0.432608
v 0.896683 0.267817 0.437347
v 0.893562 0.264480 0.442753
v 0.890175 0.262425 0.448619
v 0.886653 0.261731 0.454719
v 0.883131 0.262425 0.460820
v 0.879744 0.264480 0.466686
v 0.876623 0.267817 0.472092
v 0.873887 0.272307 0.476831
v 0.871642 0.277779 0.480719
v 0.869973 0.284021 0.483609
v 0.868946 0.290795 0.485388
v 0.881187 0.304883 0.492456
v 0.880840 0.297839 0.493057
v 0.882215 0.311657 0.490677
v 0.883883 0.317899 0.487787
v 0.886128 0.323371 0.483898
v 0.888864 0.327861 0.479160
v 0.891985 0.331198 0.473753
v 0.895372 0.333252 0.467887
v 0.898894 0.333946 0.461787
v 0.902416 0.333252 0.455686
v 0.905803 0.331198 0.449820
v 0.908924 0.327861 0.444414
v 0.911660 0.323371 0.439676
v 0.913905 0.317899 0.435787
v 0.915573 0.311657 0.432897
v 0.916601 0.304883 0.431118
v 0.916948 0.297839 0.430517
v 0.916601 0.290795 0.431118
v 0.915573 0.284021 0.432897
v 0.913905 0.277779 0.435787
v 0.911660 0.272307 0.439676
v 0.908924 0.267817 0.444414
v 0.905803 0.264480 0.449820
v 0.902416 0.262425 0.455686
v 0.898894 0.261731 0.461787
v 0.895372 0.262425 0.467887
v 0.891985 0.264480 0.473753
v 0.888864 0.267817 0.479159
v 0.886128 0.272307 0.483898
v 0.883883 0.277779 0.487787
v 0.882215 0.284021 0.490677
v 0.881187 0.290795 0.492456
v 0.940267 0.302389 0.464909
v 0.939650 0.289869 0.465977
v 0.502365 0.350659 0.591789
v 0.500199 0.306677 0.595541
v 0.518663 0.347483 0.563962
v 0.516497 0.303501 0.567713
v 0.911720 0.289843 0.449547
v 0.912337 0.302363 0.448479
v 0.487273 0.303481 0.550600
v 0.489439 0.347462 0.546849
v 0.595473 0.288110 0.432863
v 0.597639 0.332092 0.429112
v 0.566249 0.288089 0.415750
v 0.568415 0.332071 0.411999
v 0.572021 0.303540 0.600228
v 0.555724 0.306716 0.628055
v 0.574187 0.347522 0.596476
v 0.557890 0.350698 0.624304
v 0.670425 0.303609 0.657851
v 0.654127 0.306785 0.685678
v 0.672591 0.347591 0.654099
v 0.656293 0.350767 0.681926
v 0.555724 0.306716 0.805044
v 0.557890 0.350698 0.805044
v 0.654127 0.306785 0.805044
v 0.656293 0.350767 0.805044
v 0.509384 0.286419 0.805044
v 0.513546 0.370932 0.805044
v 0.698471 0.286551 0.805044
v 0.702633 0.371064 0.805044
v 0.509384 0.286419 0.837596
v 0.513546 0.370932 0.837596
v 0.698471 0.286551 0.837596
v 0.702633 0.371064 0.837596
v 0.780986 0.305773 0.734361
v 0.749773 0.306910 0.742360
v 0.764127 0.305307 0.731859
v 0.751938 0.350892 0.738608
v 0.783046 0.347611 0.730792
v 0.766293 0.349289 0.728107
v 0.772432 0.344223 0.686337
v 0.741308 0.347634 0.694284
v 0.766248 0.349275 0.727917
v 0.739142 0.303653 0.698035
v 0.770384 0.302620 0.689885
v 0.764082 0.305293 0.731668
v 0.489416 0.306670 0.589226
v 0.481723 0.304562 0.560077
v 0.483889 0.348544 0.556326
v 0.491582 0.350651 0.585475
v 0.702161 0.569465 0.421227
v 0.702161 0.739985 0.630359
v 0.676880 0.570710 0.419071
v 0.658180 0.742151 0.626607
v 0.652570 0.574397 0.412685
v 0.615888 0.748565 0.615497
v 0.630165 0.580385 0.402314
v 0.576912 0.758982 0.597455
v 0.610528 0.588443 0.388357
v 0.542750 0.773000 0.573175
v 0.594412 0.598261 0.371350
v 0.514713 0.790081 0.543589
v 0.582436 0.609463 0.351948
v 0.493880 0.809569 0.509835
v 0.575062 0.621618 0.330894
v 0.481051 0.830715 0.473209
v 0.572572 0.634259 0.309000
v 0.476719 0.852706 0.435120
v 0.575062 0.646900 0.287105
v 0.481051 0.874697 0.397031
v 0.582436 0.659055 0.266052
v 0.493880 0.895842 0.360406
v 0.594412 0.670257 0.246650
v 0.514713 0.915330 0.326651
v 0.610528 0.680076 0.229643
v 0.542750 0.932412 0.297066
v 0.630165 0.688134 0.215686
v 0.576912 0.946430 0.272785
v 0.652570 0.694122 0.205315
v 0.615888 0.956846 0.254743
v 0.676880 0.697809 0.198929
v 0.658180 0.963261 0.243633
v 0.702161 0.699054 0.196772
v 0.702161 0.965427 0.239882
v 0.727443 0.697809 0.198929
v 0.746143 0.963261 0.243633
v 0.751753 0.694122 0.205315
v 0.788434 0.956846 0.254743
v 0.774157 0.688134 0.215686
v 0.827410 0.946430 0.272785
v 0.793795 0.680076 0.229643
v 0.861573 0.932412 0.297066
v 0.809911 0.670257 0.246650
v 0.889609 0.915330 0.326651
v 0.821886 0.659055 0.266052
v 0.910442 0.895842 0.360406
v 0.829260 0.646900 0.287105
v 0.923271 0.874697 0.397031
v 0.831750 0.634259 0.309000
v 0.927603 0.852706 0.435120
v 0.829260 0.621618 0.330894
v 0.923271 0.830715 0.473209
v 0.821886 0.609463 0.351948
v 0.910442 0.809569 0.509835
v 0.809911 0.598261 0.371350
v 0.889609 0.790081 0.543589
v 0.793795 0.588443 0.388357
v 0.861573 0.773000 0.573175
v 0.774157 0.580385 0.402314
v 0.827410 0.758982 0.597455
v 0.751753 0.574397 0.412685
v 0.788434 0.748565 0.615497
v 0.727443 0.570710 0.419071
v 0.746143 0.742151 0.626607
v 0.689641 0.821235 0.489630
v 0.702161 0.820618 0.490698
v 0.677602 0.823061 0.486467
v 0.666507 0.826026 0.481331
v 0.656782 0.830016 0.474420
v 0.648801 0.834879 0.465997
v 0.642870 0.840426 0.456389
v 0.639219 0.846446 0.445963
v 0.637985 0.852706 0.435120
v 0.639219 0.858966 0.424277
v 0.642870 0.864985 0.413851
v 0.648801 0.870533 0.404243
v 0.656782 0.875395 0.395821
v 0.666507 0.879386 0.388909
v 0.677602 0.882351 0.383773
v 0.689641 0.884177 0.380610
v 0.702161 0.884794 0.379542
v 0.714681 0.884177 0.380610
v 0.726720 0.882351 0.383773
v 0.737815 0.879386 0.388909
v 0.747540 0.875395 0.395821
v 0.755521 0.870533 0.404243
v 0.761452 0.864985 0.413851
v 0.765104 0.858966 0.424277
v 0.766337 0.852706 0.435120
v 0.765104 0.846446 0.445963
v 0.761452 0.840426 0.456389
v 0.755521 0.834879 0.465997
v 0.747540 0.830016 0.474420
v 0.737815 0.826026 0.481331
v 0.726720 0.823061 0.486467
v 0.714681 0.821235 0.489630
v 0.689641 0.855181 0.509229
v 0.702161 0.854565 0.510297
v 0.677602 0.857007 0.506067
v 0.666507 0.859973 0.500931
v 0.656782 0.863963 0.494019
v 0.648801 0.868826 0.485597
v 0.642870 0.874373 0.475988
v 0.639219 0.880393 0.465562
v 0.637985 0.886653 0.454719
v 0.639219 0.892913 0.443877
v 0.642870 0.898932 0.433451
v 0.648801 0.904480 0.423842
v 0.656782 0.909342 0.415420
v 0.666507 0.913333 0.408508
v 0.677602 0.916298 0.403372
v 0.689641 0.918124 0.400209
v 0.702161 0.918741 0.399142
v 0.714681 0.918124 0.400209
v 0.726720 0.916298 0.403372
v 0.737815 0.913333 0.408508
v 0.747540 0.909342 0.415420
v 0.755521 0.904480 0.423842
v 0.761452 0.898932 0.433451
v 0.765104 0.892913 0.443877
v 0.766337 0.886653 0.454719
v 0.765104 0.880393 0.465562
v 0.761452 0.874373 0.475988
v 0.755521 0.868826 0.485597
v 0.747540 0.863963 0.494019
v 0.737815 0.859973 0.500931
v 0.726720 0.857007 0.506067
v 0.714681 0.855181 0.509229
v 0.691692 0.860337 0.500300
v 0.702161 0.859821 0.501193
v 0.681625 0.861864 0.497655
v 0.672348 0.864343 0.493361
v 0.664216 0.867680 0.487581
v 0.657542 0.871746 0.480539
v 0.652583 0.876385 0.472504
v 0.649529 0.881418 0.463786
v 0.648498 0.886653 0.454719
v 0.649529 0.891887 0.445653
v 0.652583 0.896921 0.436935
v 0.657542 0.901560 0.428900
v 0.664216 0.905625 0.421858
v 0.672348 0.908962 0.416078
v 0.681625 0.911442 0.411784
v 0.691692 0.912969 0.409139
v 0.702161 0.913484 0.408246
v 0.712630 0.912969 0.409139
v 0.722697 0.911442 0.411784
v 0.731975 0.908962 0.416078
v 0.740107 0.905625 0.421858
v 0.746780 0.901560 0.428900
v 0.751739 0.896921 0.436935
v 0.754793 0.891887 0.445653
v 0.755824 0.886653 0.454719
v 0.754793 0.881418 0.463786
v 0.751739 0.876385 0.472504
v 0.746780 0.871746 0.480539
v 0.740107 0.867680 0.487581
v 0.731975 0.864343 0.493361
v 0.722697 0.861864 0.497655
v 0.712630 0.860337 0.500300
v 0.693175 0.864066 0.493841
v 0.702161 0.863623 0.494608
v 0.684535 0.865376 0.491572
v 0.676572 0.867504 0.487885
v 0.669592 0.870368 0.482925
v 0.663864 0.873858 0.476880
v 0.659608 0.877840 0.469984
v 0.656987 0.882160 0.462501
v 0.656102 0.886653 0.454719
v 0.656987 0.891146 0.446938
v 0.659608 0.895466 0.439455
v 0.663864 0.899447 0.432559
v 0.669592 0.902937 0.426514
v 0.676572 0.905801 0.421553
v 0.684535 0.907929 0.417867
v 0.693175 0.909240 0.415597
v 0.702161 0.909682 0.414831
v 0.711147 0.909240 0.415597
v 0.719787 0.907929 0.417867
v 0.727750 0.905801 0.421553
v 0.734730 0.902937 0.426514
v 0.740458 0.899447 0.432559
v 0.744714 0.895466 0.439455
v 0.747335 0.891146 0.446938
v 0.748220 0.886653 0.454719
v 0.747335 0.882160 0.462501
v 0.744714 0.877840 0.469984
v 0.740458 0.873858 0.476880
v 0.734730 0.870368 0.482925
v 0.727750 0.867504 0.487885
v 0.719787 0.865376 0.491572
v 0.711147 0.864066 0.493841
v 0.691692 0.853482 0.496342
v 0.702161 0.852966 0.497235
v 0.681625 0.855008 0.493697
v 0.672348 0.857488 0.489403
v 0.664216 0.860825 0.483623
v 0.657542 0.864891 0.476581
v 0.652583 0.869530 0.468546
v 0.649529 0.874563 0.459828
v 0.648498 0.879797 0.450762
v 0.649529 0.885032 0.441695
v 0.652583 0.890065 0.432977
v 0.657542 0.894704 0.424942
v 0.664216 0.898770 0.417900
v 0.672348 0.902107 0.412120
v 0.681625 0.904587 0.407826
v 0.691692 0.906113 0.405181
v 0.702161 0.906629 0.404288
v 0.712630 0.906113 0.405181
v 0.722697 0.904587 0.407826
v 0.731975 0.902107 0.412120
v 0.740107 0.898770 0.417900
v 0.746780 0.894704 0.424942
v 0.751739 0.890065 0.432977
v 0.754793 0.885032 0.441695
v 0.755824 0.879797 0.450762
v 0.754793 0.874563 0.459828
v 0.751739 0.869530 0.468546
v 0.746780 0.864891 0.476581
v 0.740107 0.860825 0.483623
v 0.731975 0.857488 0.489403
v 0.722697 0.855008 0.493697
v 0.712630 0.853482 0.496342
v 0.693175 0.857210 0.489884
v 0.702161 0.856768 0.490650
v 0.684535 0.858521 0.487614
v 0.676572 0.860649 0.483927
v 0.669592 0.863513 0.478967
v 0.663864 0.867003 0.472922
v 0.659608 0.870984 0.466026
v 0.656987 0.875305 0.458543
v 0.656102 0.879797 0.450761
v 0.656987 0.884290 0.442980
v 0.659608 0.888611 0.435497
v 0.663864 0.892592 0.428601
v 0.669592 0.896082 0.422556
v 0.676572 0.898946 0.417595
v 0.684535 0.901074 0.413909
v 0.693175 0.902385 0.411640
v 0.702161 0.902827 0.410873
v 0.711147 0.902385 0.411640
v 0.719787 0.901074 0.413909
v 0.727750 0.898946 0.417595
v 0.734730 0.896082 0.422556
v 0.740458 0.892592 0.428601
v 0.744714 0.888611 0.435497
v 0.747335 0.884290 0.442980
v 0.748220 0.879797 0.450761
v 0.747335 0.875305 0.458543
v 0.744714 0.870984 0.466026
v 0.740458 0.867003 0.472922
v 0.734730 0.863513 0.478967
v 0.727750 0.860649 0.483927
v 0.719787 0.858521 0.487614
v 0.711147 0.857210 0.489884
v 0.702161 0.534422 0.511677
v 0.658180 0.536588 0.507926
v 0.615888 0.543003 0.496815
v 0.576912 0.553419 0.478773
v 0.542750 0.567438 0.454493
v 0.514713 0.584519 0.424907
v 0.493880 0.604007 0.391153
v 0.481051 0.625153 0.354528
v 0.476719 0.647143 0.316439
v 0.481051 0.669134 0.278349
v 0.493880 0.690280 0.241724
v 0.514713 0.709768 0.207970
v 0.542750 0.726849 0.178384
v 0.576912 0.740867 0.154104
v 0.615888 0.751284 0.136062
v 0.658180 0.757698 0.124952
v 0.702161 0.759864 0.121200
v 0.746143 0.757698 0.124952
v 0.788434 0.751284 0.136062
v 0.827410 0.740867 0.154104
v 0.861573 0.726849 0.178384
v 0.889609 0.709768 0.207970
v 0.910442 0.690280 0.241724
v 0.923271 0.669134 0.278349
v 0.927603 0.647143 0.316439
v 0.923271 0.625153 0.354528
v 0.910442 0.604007 0.391153
v 0.889609 0.584519 0.424907
v 0.861573 0.567438 0.454493
v 0.827410 0.553419 0.478773
v 0.788434 0.543003 0.496815
v 0.746143 0.536588 0.507926
v 0.702161 0.508847 0.526220
v 0.653228 0.511257 0.522047
v 0.653228 0.524141 0.529485
v 0.606175 0.518393 0.509686
v 0.606175 0.531277 0.517124
v 0.562810 0.529983 0.489612
v 0.562810 0.542867 0.497051
v 0.524801 0.545579 0.462598
v 0.524801 0.558463 0.470037
v 0.493608 0.564584 0.429681
v 0.493608 0.577468 0.437120
v 0.470429 0.586266 0.392127
v 0.470429 0.599150 0.399565
v 0.456156 0.609792 0.351378
v 0.456156 0.622677 0.358816
v 0.451336 0.634259 0.309000
v 0.451336 0.647143 0.316439
v 0.456156 0.658726 0.266622
v 0.456156 0.671610 0.274061
v 0.470429 0.682252 0.225873
v 0.470429 0.695137 0.233312
v 0.493608 0.703935 0.188319
v 0.493608 0.716819 0.195757
v 0.524801 0.722939 0.155402
v 0.524801 0.735823 0.162840
v 0.562810 0.738536 0.128388
v 0.562810 0.751420 0.135826
v 0.606175 0.750125 0.108314
v 0.606175 0.763009 0.115753
v 0.653228 0.757262 0.095953
v 0.653228 0.770146 0.103392
v 0.702161 0.759672 0.091779
v 0.702161 0.772556 0.099218
v 0.751095 0.757262 0.095953
v 0.751095 0.770146 0.103392
v 0.798148 0.750125 0.108314
v 0.798148 0.763009 0.115753
v 0.841512 0.738536 0.128388
v 0.841512 0.751420 0.135826
v 0.879521 0.722939 0.155402
v 0.879521 0.735823 0.162840
v 0.910714 0.703935 0.188319
v 0.910714 0.716819 0.195757
v 0.933893 0.682253 0.225873
v 0.933893 0.695137 0.233312
v 0.948166 0.658726 0.266622
v 0.948166 0.671610 0.274061
v 0.952986 0.634259 0.309000
v 0.952986 0.647143 0.316439
v 0.948166 0.609793 0.351378
v 0.948166 0.622677 0.358816
v 0.933893 0.586266 0.392127
v 0.933893 0.599150 0.399565
v 0.910714 0.564584 0.429681
v 0.910714 0.577468 0.437120
v 0.879521 0.545579 0.462598
v 0.879521 0.558464 0.470037
v 0.841512 0.529983 0.489612
v 0.841512 0.542867 0.497051
v 0.798148 0.518393 0.509686
v 0.798148 0.531277 0.517124
v 0.751095 0.511257 0.522047
v 0.751095 0.524141 0.529485
v 0.702161 0.521731 0.533659
v 0.702161 0.527310 0.396889
v 0.676880 0.528555 0.394733
v 0.652570 0.532242 0.388346
v 0.630165 0.538229 0.377975
v 0.610528 0.546288 0.364019
v 0.594412 0.556106 0.347012
v 0.582436 0.567308 0.327609
v 0.575062 0.579463 0.306556
v 0.572572 0.592104 0.284662
v 0.575062 0.604745 0.262767
v 0.582436 0.616900 0.241714
v 0.594412 0.628102 0.222311
v 0.610528 0.637921 0.205305
v 0.630165 0.645979 0.191348
v 0.652570 0.651967 0.180977
v 0.676880 0.655654 0.174591
v 0.702161 0.656899 0.172434
v 0.727443 0.655654 0.174591
v 0.751753 0.651967 0.180977
v 0.774157 0.645979 0.191348
v 0.793795 0.637921 0.205305
v 0.809911 0.628102 0.222311
v 0.821886 0.616900 0.241714
v 0.829260 0.604745 0.262767
v 0.831750 0.592104 0.284662
v 0.829260 0.579463 0.306556
v 0.821886 0.567308 0.327609
v 0.809911 0.556106 0.347012
v 0.793795 0.546288 0.364019
v 0.774157 0.538230 0.377975
v 0.751753 0.532242 0.388346
v 0.727443 0.528555 0.394733
v 0.827375 0.868547 0.030811
v 0.827375 0.868547 0.281176
v 0.827375 0.544502 0.030811
v 0.827375 0.595001 0.281176
v 0.576948 0.868546 0.030811
v 0.576948 0.868546 0.281176
v 0.576948 0.544502 0.030811
v 0.576948 0.595001 0.281176
v 0.827375 0.868547 0.141459
v 0.827375 0.636550 0.141459
v 0.576948 0.636550 0.141459
v 0.576948 0.868546 0.141459
v 0.693175 0.876307 0.500909
v 0.702161 0.875864 0.501675
v 0.684535 0.877617 0.498639
v 0.676572 0.879746 0.494953
v 0.669592 0.882610 0.489992
v 0.663864 0.886099 0.483948
v 0.659608 0.890081 0.477052
v 0.656987 0.894401 0.469569
v 0.656102 0.898894 0.461787
v 0.656987 0.903387 0.454005
v 0.659608 0.907707 0.446522
v 0.663864 0.911689 0.439626
v 0.669592 0.915178 0.433582
v 0.676572 0.918042 0.428621
v 0.684535 0.920171 0.424935
v 0.693175 0.921481 0.422665
v 0.702161 0.921924 0.421898
v 0.711147 0.921481 0.422665
v 0.719787 0.920171 0.424935
v 0.727750 0.918042 0.428621
v 0.734730 0.915178 0.433582
v 0.740458 0.911689 0.439626
v 0.744714 0.907707 0.446522
v 0.747335 0.903387 0.454005
v 0.748220 0.898894 0.461787
v 0.747335 0.894401 0.469569
v 0.744714 0.890081 0.477052
v 0.740458 0.886099 0.483948
v 0.734730 0.882610 0.489992
v 0.727750 0.879746 0.494953
v 0.719787 0.877617 0.498639
v 0.711147 0.876307 0.500909
v 0.693175 0.897519 0.513156
v 0.702161 0.897076 0.513922
v 0.684535 0.898830 0.510886
v 0.676572 0.900958 0.507200
v 0.669592 0.903822 0.502239
v 0.663864 0.907312 0.496195
v 0.659608 0.911293 0.489298
v 0.656987 0.915613 0.481816
v 0.656102 0.920106 0.474034
v 0.656987 0.924599 0.466252
v 0.659608 0.928919 0.458769
v 0.663864 0.932901 0.451873
v 0.669592 0.936391 0.445828
v 0.676572 0.939255 0.440868
v 0.684535 0.941383 0.437182
v 0.693175 0.942693 0.434912
v 0.702161 0.943136 0.434145
v 0.711147 0.942693 0.434912
v 0.719787 0.941383 0.437182
v 0.727750 0.939255 0.440868
v 0.734730 0.936391 0.445828
v 0.740458 0.932901 0.451873
v 0.744714 0.928919 0.458769
v 0.747335 0.924599 0.466252
v 0.748220 0.920106 0.474034
v 0.747335 0.915613 0.481816
v 0.744714 0.911293 0.489298
v 0.740458 0.907312 0.496195
v 0.734730 0.903822 0.502239
v 0.727750 0.900958 0.507200
v 0.719787 0.898830 0.510886
v 0.711147 0.897519 0.513156
v 0.695117 0.868946 0.485388
v 0.702161 0.868599 0.485989
v 0.688343 0.869973 0.483609
v 0.682101 0.871642 0.480719
v 0.676629 0.873887 0.476831
v 0.672139 0.876623 0.472092
v 0.668802 0.879744 0.466686
v 0.666748 0.883131 0.460820
v 0.666054 0.886653 0.454719
v 0.666748 0.890175 0.448619
v 0.668802 0.893562 0.442753
v 0.672139 0.896683 0.437347
v 0.676629 0.899419 0.432608
v 0.682101 0.901664 0.428719
v 0.688343 0.903332 0.425830
v 0.695117 0.904360 0.424050
v 0.702161 0.904706 0.423449
v 0.709205 0.904360 0.424050
v 0.715979 0.903332 0.425830
v 0.722221 0.901664 0.428719
v 0.727693 0.899419 0.432608
v 0.732183 0.896683 0.437347
v 0.735520 0.893562 0.442753
v 0.737575 0.890175 0.448619
v 0.738268 0.886653 0.454719
v 0.737575 0.883131 0.460820
v 0.735520 0.879744 0.466686
v 0.732183 0.876623 0.472092
v 0.727693 0.873887 0.476831
v 0.722221 0.871642 0.480719
v 0.715979 0.869973 0.483609
v 0.709205 0.868946 0.485388
v 0.695117 0.881187 0.492456
v 0.702161 0.880840 0.493057
v 0.688343 0.882215 0.490677
v 0.682101 0.883883 0.487787
v 0.676629 0.886128 0.483898
v 0.672139 0.888864 0.479160
v 0.668802 0.891985 0.473753
v 0.666748 0.895372 0.467887
v 0.666054 0.898894 0.461787
v 0.666748 0.902416 0.455686
v 0.668802 0.905803 0.449820
v 0.672139 0.908924 0.444414
v 0.676629 0.911660 0.439676
v 0.682101 0.913905 0.435787
v 0.688343 0.915573 0.432897
v 0.695117 0.916601 0.431118
v 0.702161 0.916948 0.430517
v 0.709205 0.916601 0.431118
v 0.715979 0.915573 0.432897
v 0.722221 0.913905 0.435787
v 0.727693 0.911660 0.439676
v 0.732183 0.908924 0.444414
v 0.735520 0.905803 0.449820
v 0.737575 0.902416 0.455686
v 0.738268 0.898894 0.461787
v 0.737575 0.895372 0.467887
v 0.735520 0.891985 0.473753
v 0.732183 0.888864 0.479159
v 0.727693 0.886128 0.483898
v 0.722221 0.883883 0.487787
v 0.715979 0.882215 0.490677
v 0.709205 0.881187 0.492456
v 0.697611 0.940267 0.464909
v 0.710131 0.939650 0.465977
v 0.649341 0.502365 0.591789
v 0.693323 0.500199 0.595541
v 0.652517 0.518663 0.563962
v 0.696499 0.516497 0.567713
v 0.710157 0.911720 0.449547
v 0.697637 0.912337 0.448479
v 0.696519 0.487273 0.550600
v 0.652538 0.489439 0.546849
v 0.711890 0.595473 0.432863
v 0.667908 0.597639 0.429112
v 0.711911 0.566249 0.415750
v 0.667929 0.568415 0.411999
v 0.696460 0.572022 0.600228
v 0.693284 0.555724 0.628055
v 0.652478 0.574187 0.596476
v 0.649302 0.557890 0.624304
v 0.696391 0.670425 0.657851
v 0.693215 0.654127 0.685678
v 0.652409 0.672591 0.654099
v 0.649233 0.656293 0.681926
v 0.693284 0.555724 0.805044
v 0.649302 0.557890 0.805044
v 0.693215 0.654127 0.805044
v 0.649233 0.656293 0.805044
v 0.713581 0.509384 0.805044
v 0.629068 0.513546 0.805044
v 0.713449 0.698472 0.805044
v 0.628936 0.702633 0.805044
v 0.713581 0.509384 0.837596
v 0.629068 0.513546 0.837596
v 0.713449 0.698472 0.837596
v 0.628936 0.702633 0.837596
v 0.694227 0.780986 0.734361
v 0.693090 0.749773 0.742360
v 0.694693 0.764127 0.731859
v 0.649108 0.751938 0.738608
v 0.652389 0.783046 0.730792
v 0.650711 0.766293 0.728107
v 0.655777 0.772432 0.686337
v 0.652366 0.741308 0.694284
v 0.650725 0.766248 0.727917
v 0.696347 0.739142 0.698035
v 0.697380 0.770384 0.689885
v 0.694707 0.764082 0.731668
v 0.693330 0.489416 0.589226
v 0.695438 0.481723 0.560077
v 0.651456 0.483889 0.556326
v 0.649349 0.491582 0.585475
v 0.430535 0.702161 0.421227
v 0.260015 0.702161 0.630359
v 0.429290 0.676880 0.419071
v 0.257849 0.658180 0.626607
v 0.425603 0.652570 0.412685
v 0.251435 0.615888 0.615497
v 0.419615 0.630165 0.402314
v 0.241018 0.576912 0.597455
v 0.411557 0.610528 0.388357
v 0.227000 0.542750 0.573175
v 0.401739 0.594412 0.371350
v 0.209919 0.514713 0.543589
v 0.390537 0.582436 0.351948
v 0.190431 0.493880 0.509835
v 0.378382 0.575062 0.330894
v 0.169285 0.481051 0.473209
v 0.365741 0.572572 0.309000
v 0.147294 0.476719 0.435120
v 0.353100 0.575062 0.287105
v 0.125303 0.481051 0.397031
v 0.340945 0.582436 0.266052
v 0.104158 0.493880 0.360406
v 0.329743 0.594412 0.246650
v 0.084670 0.514713 0.326651
v 0.319924 0.610528 0.229643
v 0.067588 0.542750 0.297066
v 0.311866 0.630165 0.215686
v 0.053570 0.576912 0.272785
v 0.305878 0.652570 0.205315
v 0.043154 0.615888 0.254743
v 0.302191 0.676880 0.198929
v 0.036739 0.658180 0.243633
v 0.300946 0.702161 0.196772
v 0.034573 0.702161 0.239882
v 0.302191 0.727443 0.198929
v 0.036739 0.746143 0.243633
v 0.305878 0.751753 0.205315
v 0.043154 0.788434 0.254743
v 0.311866 0.774157 0.215686
v 0.053570 0.827410 0.272785
v 0.319924 0.793795 0.229643
v 0.067588 0.861573 0.297066
v 0.329743 0.809911 0.246650
v 0.084670 0.889609 0.326651
v 0.340945 0.821886 0.266052
v 0.104158 0.910442 0.360406
v 0.353100 0.829260 0.287105
v 0.125303 0.923271 0.397031
v 0.365741 0.831750 0.309000
v 0.147294 0.927603 0.435120
v 0.378382 0.829260 0.330894
v 0.169285 0.923271 0.473209
v 0.390537 0.821886 0.351948
v 0.190431 0.910442 0.509835
v 0.401739 0.809911 0.371350
v 0.209919 0.889609 0.543589
v 0.411557 0.793795 0.388357
v 0.227000 0.861573 0.573175
v 0.419615 0.774157 0.402314
v 0.241018 0.827410 0.597455
v 0.425603 0.751753 0.412685
v 0.251435 0.788434 0.615497
v 0.429290 0.727443 0.419071
v 0.257849 0.746143 0.626607
v 0.178766 0.689641 0.489630
v 0.179382 0.702161 0.490698
v 0.176940 0.677602 0.486467
v 0.173974 0.666507 0.481331
v 0.169984 0.656782 0.474420
v 0.165121 0.648801 0.465997
v 0.159574 0.642870 0.456389
v 0.153554 0.639219 0.445963
v 0.147294 0.637985 0.435120
v 0.141034 0.639219 0.424277
v 0.135015 0.642870 0.413851
v 0.129467 0.648801 0.404243
v 0.124605 0.656782 0.395821
v 0.120614 0.666507 0.388909
v 0.117649 0.677602 0.383773
v 0.115823 0.689641 0.380610
v 0.115206 0.702161 0.379542
v 0.115823 0.714681 0.380610
v 0.117649 0.726720 0.383773
v 0.120614 0.737815 0.388909
v 0.124605 0.747540 0.395821
v 0.129467 0.755521 0.404243
v 0.135015 0.761452 0.413851
v 0.141034 0.765104 0.424277
v 0.147294 0.766337 0.435120
v 0.153554 0.765104 0.445963
v 0.159574 0.761452 0.456389
v 0.165121 0.755521 0.465997
v 0.169984 0.747540 0.474420
v 0.173974 0.737815 0.481331
v 0.176940 0.726720 0.486467
v 0.178766 0.714681 0.489630
v 0.144819 0.689641 0.509229
v 0.145435 0.702161 0.510297
v 0.142993 0.677602 0.506067
v 0.140027 0.666507 0.500931
v 0.136037 0.656782 0.494019
v 0.131174 0.648801 0.485597
v 0.125627 0.642870 0.475988
v 0.119607 0.639219 0.465562
v 0.113347 0.637985 0.454719
v 0.107087 0.639219 0.443877
v 0.101068 0.642870 0.433451
v 0.095520 0.648801 0.423842
v 0.090658 0.656782 0.415420
v 0.086667 0.666507 0.408508
v 0.083702 0.677602 0.403372
v 0.081876 0.689641 0.400209
v 0.081259 0.702161 0.399142
v 0.081876 0.714681 0.400209
v 0.083702 0.726720 0.403372
v 0.086667 0.737815 0.408508
v 0.090658 0.747540 0.415420
v 0.095520 0.755521 0.423842
v 0.101068 0.761452 0.433451
v 0.107087 0.765104 0.443877
v 0.113347 0.766337 0.454719
v 0.119607 0.765104 0.465562
v 0.125627 0.761452 0.475988
v 0.131174 0.755521 0.485597
v 0.136037 0.747540 0.494019
v 0.140027 0.737815 0.500931
v 0.142993 0.726720 0.506067
v 0.144819 0.714681 0.509229
v 0.139663 0.691692 0.500300
v 0.140179 0.702161 0.501193
v 0.138136 0.681625 0.497655
v 0.135657 0.672348 0.493361
v 0.132320 0.664216 0.487581
v 0.128254 0.657542 0.480539
v 0.123615 0.652583 0.472504
v 0.118582 0.649529 0.463786
v 0.113347 0.648498 0.454719
v 0.108113 0.649529 0.445653
v 0.103079 0.652583 0.436935
v 0.098440 0.657542 0.428900
v 0.094375 0.664216 0.421858
v 0.091038 0.672348 0.416078
v 0.088558 0.681625 0.411784
v 0.087031 0.691692 0.409139
v 0.086516 0.702161 0.408246
v 0.087031 0.712630 0.409139
v 0.088558 0.722697 0.411784
v 0.091038 0.731975 0.416078
v 0.094375 0.740107 0.421858
v 0.098440 0.746780 0.428900
v 0.103079 0.751739 0.436935
v 0.108113 0.754793 0.445653
v 0.113347 0.755824 0.454719
v 0.118582 0.754793 0.463786
v 0.123615 0.751739 0.472504
v 0.128254 0.746780 0.480539
v 0.132320 0.740107 0.487581
v 0.135657 0.731975 0.493361
v 0.138136 0.722697 0.497655
v 0.139663 0.712630 0.500300
v 0.135934 0.693175 0.493841
v 0.136377 0.702161 0.494608
v 0.134624 0.684535 0.491572
v 0.132496 0.676572 0.487885
v 0.129632 0.669592 0.482925
v 0.126142 0.663864 0.476880
v 0.122160 0.659608 0.469984
v 0.117840 0.656987 0.462501
v 0.113347 0.656102 0.454719
v 0.108854 0.656987 0.446938
v 0.104534 0.659608 0.439455
v 0.100553 0.663864 0.432559
v 0.097063 0.669592 0.426514
v 0.094199 0.676572 0.421553
v 0.092071 0.684535 0.417867
v 0.090760 0.693175 0.415597
v 0.090318 0.702161 0.414831
v 0.090760 0.711147 0.415597
v 0.092071 0.719787 0.417867
v 0.094199 0.727750 0.421553
v 0.097063 0.734730 0.426514
v 0.100553 0.740458 0.432559
v 0.104534 0.744714 0.439455
v 0.108854 0.747335 0.446938
v 0.113347 0.748220 0.454719
v 0.117840 0.747335 0.462501
v 0.122160 0.744714 0.469984
v 0.126142 0.740458 0.476880
v 0.129632 0.734730 0.482925
v 0.132496 0.727750 0.487885
v 0.134624 0.719787 0.491572
v 0.135934 0.711147 0.493841
v 0.146518 0.691692 0.496342
v 0.147034 0.702161 0.497235
v 0.144992 0.681625 0.493697
v 0.142512 0.672348 0.489403
v 0.139175 0.664216 0.483623
v 0.135109 0.657542 0.476581
v 0.130470 0.652583 0.468546
v 0.125437 0.649529 0.459828
v 0.120203 0.648498 0.450762
v 0.114968 0.649529 0.441695
v 0.109935 0.652583 0.432977
v 0.105296 0.657542 0.424942
v 0.101230 0.664216 0.417900
v 0.097893 0.672348 0.412120
v 0.095414 0.681625 0.407826
v 0.093887 0.691692 0.405181
v 0.093371 0.702161 0.404288
v 0.093887 0.712630 0.405181
v 0.095414 0.722697 0.407826
v 0.097893 0.731975 0.412120
v 0.101230 0.740107 0.417900
v 0.105296 0.746780 0.424942
v 0.109935 0.751739 0.432977
v 0.114968 0.754793 0.441695
v 0.120203 0.755824 0.450762
v 0.125437 0.754793 0.459828
v 0.130470 0.751739 0.468546
v 0.135109 0.746780 0.476581
v 0.139175 0.740107 0.483623
v 0.142512 0.731975 0.489403
v 0.144992 0.722697 0.493697
v 0.146518 0.712630 0.496342
v 0.142790 0.693175 0.489884
v 0.143232 0.702161 0.490650
v 0.141479 0.684535 0.487614
v 0.139351 0.676572 0.483927
v 0.136487 0.669592 0.478967
v 0.132997 0.663864 0.472922
v 0.129016 0.659608 0.466026
v 0.124695 0.656987 0.458543
v 0.120203 0.656102 0.450761
v 0.115710 0.656987 0.442980
v 0.111389 0.659608 0.435497
v 0.107408 0.663864 0.428601
v 0.103918 0.669592 0.422556
v 0.101054 0.676572 0.417595
v 0.098926 0.684535 0.413909
v 0.097615 0.693175 0.411640
v 0.097173 0.702161 0.410873
v 0.097615 0.711147 0.411640
v 0.098926 0.719787 0.413909
v 0.101054 0.727750 0.417595
v 0.103918 0.734730 0.422556
v 0.107408 0.740458 0.428601
v 0.111389 0.744714 0.435497
v 0.115710 0.747335 0.442980
v 0.120203 0.748220 0.450761
v 0.124695 0.747335 0.458543
v 0.129016 0.744714 0.466026
v 0.132997 0.740458 0.472922
v 0.136487 0.734730 0.478967
v 0.139351 0.727750 0.483927
v 0.141479 0.719787 0.487614
v 0.142790 0.711147 0.489884
v 0.465578 0.702161 0.511677
v 0.463412 0.658180 0.507926
v 0.456997 0.615888 0.496815
v 0.446581 0.576912 0.478773
v 0.432562 0.542750 0.454493
v 0.415481 0.514713 0.424907
v 0.395993 0.493880 0.391153
v 0.374847 0.481051 0.354528
v 0.352857 0.476719 0.316439
v 0.330866 0.481051 0.278349
v 0.309720 0.493880 0.241724
v 0.290232 0.514713 0.207970
v 0.273151 0.542750 0.178384
v 0.259133 0.576912 0.154104
v 0.248716 0.615888 0.136062
v 0.242302 0.658180 0.124952
v 0.240136 0.702161 0.121200
v 0.242302 0.746143 0.124952
v 0.248716 0.788434 0.136062
v 0.259133 0.827410 0.154104
v 0.273151 0.861573 0.178384
v 0.290232 0.889609 0.207970
v 0.309720 0.910442 0.241724
v 0.330866 0.923271 0.278349
v 0.352857 0.927603 0.316439
v 0.374847 0.923271 0.354528
v 0.395993 0.910442 0.391153
v 0.415481 0.889609 0.424907
v 0.432562 0.861573 0.454493
v 0.446581 0.827410 0.478773
v 0.456997 0.788434 0.496815
v 0.463412 0.746143 0.507926
v 0.491153 0.702161 0.526220
v 0.488743 0.653228 0.522047
v 0.475859 0.653228 0.529485
v 0.481607 0.606175 0.509686
v 0.468723 0.606175 0.517124
v 0.470017 0.562810 0.489612
v 0.457133 0.562810 0.497051
v 0.454421 0.524801 0.462598
v 0.441537 0.524801 0.470037
v 0.435416 0.493608 0.429681
v 0.422532 0.493608 0.437120
v 0.413734 0.470429 0.392127
v 0.400850 0.470429 0.399565
v 0.390208 0.456156 0.351378
v 0.377323 0.456156 0.358816
v 0.365741 0.451336 0.309000
v 0.352857 0.451336 0.316439
v 0.341274 0.456156 0.266622
v 0.328390 0.456156 0.274061
v 0.317748 0.470429 0.225873
v 0.304863 0.470429 0.233312
v 0.296065 0.493608 0.188319
v 0.283181 0.493608 0.195757
v 0.277061 0.524801 0.155402
v 0.264177 0.524801 0.162840
v 0.261464 0.562810 0.128388
v 0.248580 0.562810 0.135826
v 0.249875 0.606175 0.108314
v 0.236991 0.606175 0.115753
v 0.242738 0.653228 0.095953
v 0.229854 0.653228 0.103392
v 0.240328 0.702161 0.091779
v 0.227444 0.702161 0.099218
v 0.242738 0.751095 0.095953
v 0.229854 0.751095 0.103392
v 0.249875 0.798148 0.108314
v 0.236991 0.798148 0.115753
v 0.261464 0.841512 0.128388
v 0.248580 0.841512 0.135826
v 0.277061 0.879521 0.155402
v 0.264177 0.879521 0.162840
v 0.296065 0.910714 0.188319
v 0.283181 0.910714 0.195757
v 0.317748 0.933893 0.225873
v 0.304863 0.933893 0.233312
v 0.341274 0.948166 0.266622
v 0.328390 0.948166 0.274061
v 0.365741 0.952986 0.309000
v 0.352857 0.952986 0.316439
v 0.390207 0.948166 0.351378
v 0.377323 0.948166 0.358816
v 0.413734 0.933893 0.392127
v 0.400850 0.933893 0.399565
v 0.435416 0.910714 0.429681
v 0.422532 0.910714 0.437120
v 0.454421 0.879521 0.462598
v 0.441537 0.879521 0.470037
v 0.470017 0.841512 0.489612
v 0.457133 0.841512 0.497051
v 0.481607 0.798148 0.509686
v 0.468723 0.798148 0.517124
v 0.488743 0.751095 0.522047
v 0.475859 0.751095 0.529485
v 0.478269 0.702161 0.533659
v 0.472690 0.702161 0.396889
v 0.471445 0.676880 0.394733
v 0.467758 0.652570 0.388346
v 0.461771 0.630165 0.377975
v 0.453712 0.610528 0.364019
v 0.443894 0.594412 0.347012
v 0.432692 0.582436 0.327609
v 0.420537 0.575062 0.306556
v 0.407896 0.572572 0.284662
v 0.395255 0.575062 0.262767
v 0.383100 0.582436 0.241714
v 0.371898 0.594412 0.222311
v 0.362079 0.610528 0.205305
v 0.354021 0.630165 0.191348
v 0.348033 0.652570 0.180977
v 0.344346 0.676880 0.174591
v 0.343101 0.702161 0.172434
v 0.344346 0.727443 0.174591
v 0.348033 0.751753 0.180977
v 0.354021 0.774157 0.191348
v 0.362079 0.793795 0.205305
v 0.371898 0.809911 0.222311
v 0.383100 0.821886 0.241714
v 0.395255 0.829260 0.262767
v 0.407896 0.831750 0.284662
v 0.420537 0.829260 0.306556
v 0.432692 0.821886 0.327609
v 0.443894 0.809911 0.347012
v 0.453712 0.793795 0.364019
v 0.461771 0.774157 0.377975
v 0.467758 0.751753 0.388346
v 0.471445 0.727443 0.394733
v 0.131454 0.827375 0.030811
v 0.131454 0.827375 0.281176
v 0.455498 0.827375 0.030811
v 0.404999 0.827375 0.281176
v 0.131454 0.576948 0.030811
v 0.131454 0.576948 0.281176
v 0.455498 0.576948 0.030811
v 0.404999 0.576948 0.281176
v 0.131454 0.827375 0.141459
v 0.363450 0.827375 0.141459
v 0.363450 0.576948 0.141459
v 0.131454 0.576948 0.141459
v 0.123693 0.693175 0.500909
v 0.124136 0.702161 0.501675
v 0.122383 0.684535 0.498639
v 0.120254 0.676572 0.494953
v 0.117390 0.669592 0.489992
v 0.113901 0.663864 0.483948
v 0.109919 0.659608 0.477052
v 0.105599 0.656987 0.469569
v 0.101106 0.656102 0.461787
v 0.096613 0.656987 0.454005
v 0.092293 0.659608 0.446522
v 0.088311 0.663864 0.439626
v 0.084822 0.669592 0.433582
v 0.081958 0.676572 0.428621
v 0.079830 0.684535 0.424935
v 0.078519 0.693175 0.422665
v 0.078076 0.702161 0.421898
v 0.078519 0.711147 0.422665
v 0.079830 0.719787 0.424935
v 0.081958 0.727750 0.428621
v 0.084822 0.734730 0.433582
v 0.088311 0.740458 0.439626
v 0.092293 0.744714 0.446522
v 0.096613 0.747335 0.454005
v 0.101106 0.748220 0.461787
v 0.105599 0.747335 0.469569
v 0.109919 0.744714 0.477052
v 0.113901 0.740458 0.483948
v 0.117390 0.734730 0.489992
v 0.120254 0.727750 0.494953
v 0.122383 0.719787 0.498639
v 0.123693 0.711147 0.500909
v 0.102481 0.693175 0.513156
v 0.102924 0.702161 0.513922
v 0.101171 0.684535 0.510886
v 0.099042 0.676572 0.507200
v 0.096178 0.669592 0.502239
v 0.092688 0.663864 0.496195
v 0.088707 0.659608 0.489298
v 0.084387 0.656987 0.481816
v 0.079894 0.656102 0.474034
v 0.075401 0.656987 0.466252
v 0.071081 0.659608 0.458769
v 0.067099 0.663864 0.451873
v 0.063610 0.669592 0.445828
v 0.060746 0.676572 0.440868
v 0.058617 0.684535 0.437182
v 0.057307 0.693175 0.434912
v 0.056864 0.702161 0.434145
v 0.057307 0.711147 0.434912
v 0.058617 0.719787 0.437182
v 0.060746 0.727750 0.440868
v 0.063610 0.734730 0.445828
v 0.067099 0.740458 0.451873
v 0.071081 0.744714 0.458769
v 0.075401 0.747335 0.466252
v 0.079894 0.748220 0.474034
v 0.084387 0.747335 0.481816
v 0.088707 0.744714 0.489298
v 0.092688 0.740458 0.496195
v 0.096178 0.734730 0.502239
v 0.099042 0.727750 0.507200
v 0.101171 0.719787 0.510886
v 0.102481 0.711147 0.513156
v 0.131054 0.695117 0.485388
v 0.131401 0.702161 0.485989
v 0.130027 0.688343 0.483609
v 0.128358 0.682101 0.480719
v 0.126113 0.676629 0.476831
v 0.123377 0.672139 0.472092
v 0.120256 0.668802 0.466686
v 0.116869 0.666748 0.460820
v 0.113347 0.666054 0.454719
v 0.109825 0.666748 0.448619
v 0.106438 0.668802 0.442753
v 0.103317 0.672139 0.437347
v 0.100581 0.676629 0.432608
v 0.098336 0.682101 0.428719
v 0.096668 0.688343 0.425830
v 0.095641 0.695117 0.424050
v 0.095294 0.702161 0.423449
v 0.095641 0.709205 0.424050
v 0.096668 0.715979 0.425830
v 0.098336 0.722221 0.428719
v 0.100581 0.727693 0.432608
v 0.103317 0.732183 0.437347
v 0.106438 0.735520 0.442753
v 0.109825 0.737575 0.448619
v 0.113347 0.738268 0.454719
v 0.116869 0.737575 0.460820
v 0.120256 0.735520 0.466686
v 0.123377 0.732183 0.472092
v 0.126113 0.727693 0.476831
v 0.128358 0.722221 0.480719
v 0.130027 0.715979 0.483609
v 0.131054 0.709205 0.485388
v 0.118813 0.695117 0.492456
v 0.119160 0.702161 0.493057
v 0.117785 0.688343 0.490677
v 0.116117 0.682101 0.487787
v 0.113872 0.676629 0.483898
v 0.111136 0.672139 0.479160
v 0.108015 0.668802 0.473753
v 0.104628 0.666748 0.467887
v 0.101106 0.666054 0.461787
v 0.097584 0.666748 0.455686
v 0.094197 0.668802 0.449820
v 0.091076 0.672139 0.444414
v 0.088340 0.676629 0.439676
v 0.086095 0.682101 0.435787
v 0.084427 0.688343 0.432897
v 0.083399 0.695117 0.431118
v 0.083052 0.702161 0.430517
v 0.083399 0.709205 0.431118
v 0.084427 0.715979 0.432897
v 0.086095 0.722221 0.435787
v 0.088340 0.727693 0.439676
v 0.091076 0.732183 0.444414
v 0.094197 0.735520 0.449820
v 0.097584 0.737575 0.455686
v 0.101106 0.738268 0.461787
v 0.104628 0.737575 0.467887
v 0.108015 0.735520 0.473753
v 0.111136 0.732183 0.479159
v 0.113872 0.727693 0.483898
v 0.116117 0.722221 0.487787
v 0.117785 0.715979 0.490677
v 0.118813 0.709205 0.492456
v 0.059733 0.697611 0.464909
v 0.060350 0.710131 0.465977
v 0.497635 0.649341 0.591789
v 0.499801 0.693323 0.595541
v 0.481337 0.652517 0.563962
v 0.483503 0.696499 0.567713
v 0.088280 0.710157 0.449547
v 0.087663 0.697637 0.448479
v 0.512727 0.696519 0.550600
v 0.510561 0.652538 0.546849
v 0.404527 0.711890 0.432863
v 0.402361 0.667908 0.429112
v 0.433751 0.711911 0.415750
v 0.431585 0.667929 0.411999
v 0.427978 0.696460 0.600228
v 0.444276 0.693284 0.628055
v 0.425813 0.652478 0.596476
v 0.442110 0.649302 0.624304
v 0.329575 0.696391 0.657851
v 0.345873 0.693215 0.685678
v 0.327409 0.652409 0.654099
v 0.343707 0.649233 0.681926
v 0.444276 0.693284 0.805044
v 0.442110 0.649302 0.805044
v 0.345873 0.693215 0.805044
v 0.343707 0.649233 0.805044
v 0.490616 0.713581 0.805044
v 0.486454 0.629068 0.805044
v 0.301529 0.713449 0.805044
v 0.297367 0.628936 0.805044
v 0.490616 0.713581 0.837596
v 0.486454 0.629068 0.837596
v 0.301529 0.713449 0.837596
v 0.297367 0.628936 0.837596
v 0.219014 0.694227 0.734361
v 0.250227 0.693090 0.742360
v 0.235873 0.694693 0.731859
v 0.248062 0.649108 0.738608
v 0.216954 0.652389 0.730792
v 0.233707 0.650711 0.728107
v 0.227568 0.655777 0.686337
v 0.258692 0.652366 0.694284
v 0.233753 0.650725 0.727917
v 0.260858 0.696347 0.698035
v 0.229616 0.697380 0.689885
v 0.235918 0.694707 0.731668
v 0.510584 0.693330 0.589226
v 0.518277 0.695438 0.560077
v 0.516111 0.651456 0.556326
v 0.508418 0.649349 0.585475
vn -0.0000 0.5000 0.8660
vn 0.1951 0.4904 0.8494
vn 0.3827 0.4619 0.8001
vn 0.5556 0.4157 0.7201
vn 0.7071 0.3536 0.6124
vn 0.8315 0.2778 0.4811
vn 0.9239 0.1913 0.3314
vn 0.9808 0.0975 0.1690
vn 1.0000 -0.0000 -0.0000
vn 0.9808 -0.0975 -0.1690
vn 0.9239 -0.1913 -0.3314
vn 0.8315 -0.2778 -0.4811
vn 0.7071 -0.3536 -0.6124
vn 0.5556 -0.4157 -0.7201
vn 0.3827 -0.4619 -0.8001
vn 0.1951 -0.4904 -0.8494
vn -0.0000 -0.5000 -0.8660
vn -0.1951 -0.4904 -0.8494
vn -0.3827 -0.4619 -0.8001
vn -0.5556 -0.4157 -0.7201
vn -0.7071 -0.3536 -0.6124
vn -0.8315 -0.2778 -0.4811
vn -0.9239 -0.1913 -0.3314
vn -0.9808 -0.0975 -0.1690
vn -1.0000 -0.0000 -0.0000
vn -0.9808 0.0975 0.1690
vn -0.9239 0.1913 0.3314
vn -0.8315 0.2778 0.4811
vn -0.7071 0.3536 0.6124
vn -0.5556 0.4157 0.7201
vn -0.3827 0.4619 0.8001
vn -0.0000 -0.8660 0.5000
vn -0.1951 0.4904 0.8494
vn -0.0000 0.8660 -0.5000
vn 0.7071 -0.3535 -0.6124
vn -0.0000 0.9585 -0.2850
vn -0.0000 -1.0000 -0.0000
vn -0.0000 -0.0000 -1.0000
vn -0.0000 -0.0000 1.0000
vn -0.0000 0.7688 0.6395
vn -0.0980 -0.5047 -0.8577
vn -0.0006 0.8629 -0.5053
vn -0.0980 -0.5029 -0.8587
vn -0.9952 0.0490 0.0849
vn 0.0006 -0.8629 0.5053
vn 0.9952 -0.0490 -0.0849
vn 0.0980 0.5029 0.8587
vn 1.0000 0.0007 -0.0000
vn -0.0492 -0.9988 -0.0000
vn -1.0000 -0.0007 -0.0000
vn 0.0492 0.9988 -0.0000
vn -0.9877 -0.0041 0.1563
vn 0.9947 -0.1017 -0.0128
vn 0.9908 -0.0809 -0.1083
vn -0.9980 0.0170 0.0613
vn 0.0701 -0.2500 0.9657
vn -0.0698 0.2540 -0.9647
vn -0.9985 0.0026 0.0547
vn 0.0980 0.5075 0.8561
vn 0.0010 -0.8608 0.5089
vn 0.9888 -0.0952 -0.1148
vn -0.0008 0.8620 -0.5069
vn -0.0980 -0.5024 -0.8591
vn 0.0689 0.9658 0.2499
vn -0.5000 -0.0000 0.8660
vn -0.4904 0.1951 0.8494
vn -0.4619 0.3827 0.8001
vn -0.4157 0.5556 0.7201
vn -0.3536 0.7071 0.6124
vn -0.2778 0.8315 0.4811
vn -0.1913 0.9239 0.3314
vn -0.0975 0.9808 0.1690
vn -0.0000 1.0000 -0.0000
vn 0.0975 0.9808 -0.1690
vn 0.1913 0.9239 -0.3314
vn 0.2778 0.8315 -0.4811
vn 0.3536 0.7071 -0.6124
vn 0.4157 0.5556 -0.7201
vn 0.4619 0.3827 -0.8001
vn 0.4904 0.1951 -0.8494
vn 0.5000 -0.0000 -0.8660
vn 0.4904 -0.1951 -0.8494
vn 0.4619 -0.3827 -0.8001
vn 0.4157 -0.5556 -0.7201
vn 0.3536 -0.7071 -0.6124
vn 0.2778 -0.8315 -0.4811
vn 0.1913 -0.9239 -0.3314
vn 0.0975 -0.9808 -0.1690
vn -0.0975 -0.9808 0.1690
vn -0.1913 -0.9239 0.3314
vn -0.2778 -0.8315 0.4811
vn -0.3536 -0.7071 0.6124
vn -0.4157 -0.5556 0.7201
vn -0.4619 -0.3827 0.8001
vn 0.8660 -0.0000 0.5000
vn -0.4904 -0.1951 0.8494
vn -0.8660 -0.0000 -0.5000
vn -0.9585 -0.0000 -0.2850
vn -0.7688 -0.0000 0.6395
vn 0.5047 -0.0980 -0.8577
vn -0.8629 -0.0006 -0.5053
vn 0.5029 -0.0980 -0.8587
vn -0.0490 -0.9952 0.0849
vn 0.8629 0.0006 0.5053
vn 0.0490 0.9952 -0.0849
vn -0.5029 0.0980 0.8587
vn -0.0007 1.0000 -0.0000
vn 0.9988 -0.0492 -0.0000
vn 0.0007 -1.0000 -0.0000
vn -0.9988 0.0492 -0.0000
vn 0.0041 -0.9877 0.1563
vn 0.1017 0.9947 -0.0128
vn 0.0809 0.9908 -0.1083
vn -0.0170 -0.9980 0.0613
vn 0.2500 0.0701 0.9657
vn -0.2540 -0.0698 -0.9647
vn -0.0026 -0.9985 0.0547
vn -0.5075 0.0980 0.8561
vn 0.8608 0.0010 0.5089
vn 0.0952 0.9888 -0.1148
vn -0.8620 -0.0008 -0.5069
vn 0.5024 -0.0980 -0.8591
vn -0.9658 0.0689 0.2499
vn -0.0000 -0.5000 0.8660
vn -0.1951 -0.4904 0.8494
vn -0.3827 -0.4619 0.8001
vn -0.5556 -0.4157 0.7201
vn -0.7071 -0.3536 0.6124
vn -0.8315 -0.2778 0.4811
vn -0.9239 -0.1913 0.3314
vn -0.9808 -0.0975 0.1690
vn -0.9808 0.0975 -0.1690
vn -0.9239 0.1913 -0.3314
vn -0.8315 0.2778 -0.4811
vn -0.7071 0.3536 -0.6124
vn -0.5556 0.4157 -0.7201
vn -0.3827 0.4619 -0.8001
vn -0.1951 0.4904 -0.8494
vn -0.0000 0.5000 -0.8660
vn 0.1951 0.4904 -0.8494
vn 0.3827 0.4619 -0.8001
vn 0.5556 0.4157 -0.7201
vn 0.7071 0.3536 -0.6124
vn 0.8315 0.2778 -0.4811
vn 0.9239 0.1913 -0.3314
vn 0.9808 0.0975 -0.1690
vn 0.9808 -0.0975 0.1690
vn 0.9239 -0.1913 0.3314
vn 0.8315 -0.2778 0.4811
vn 0.7071 -0.3536 0.6124
vn 0.5556 -0.4157 0.7201
vn 0.3827 -0.4619 0.8001
vn -0.0000 0.8660 0.5000
vn 0.1951 -0.4904 0.8494
vn -0.0000 -0.8660 -0.5000
vn -0.7071 0.3535 -0.6124
vn -0.0000 -0.9585 -0.2850
vn -0.0000 -0.7688 0.6395
vn 0.0980 0.5047 -0.8577
vn 0.0006 -0.8629 -0.5053
vn 0.0980 0.5029 -0.8587
vn 0.9952 -0.0490 0.0849
vn -0.0006 0.8629 0.5053
vn -0.9952 0.0490 -0.0849
vn -0.0980 -0.5029 0.8587
vn 0.9877 0.0041 0.1563
vn -0.9947 0.1017 -0.0128
vn -0.9908 0.0809 -0.1083
vn 0.9980 -0.0170 0.0613
vn -0.0701 0.2500 0.9657
vn 0.0698 -0.2540 -0.9647
vn 0.9985 -0.0026 0.0547
vn -0.0980 -0.5075 0.8561
vn -0.0010 0.8608 0.5089
vn -0.9888 0.0952 -0.1148
vn 0.0008 -0.8620 -0.5069
vn 0.0980 0.5024 -0.8591
vn -0.0689 -0.9658 0.2499
vn 0.5000 -0.0000 0.8660
vn 0.4904 -0.1951 0.8494
vn 0.4619 -0.3827 0.8001
vn 0.4157 -0.5556 0.7201
vn 0.3536 -0.7071 0.6124
vn 0.2778 -0.8315 0.4811
vn 0.1913 -0.9239 0.3314
vn 0.0975 -0.9808 0.1690
vn -0.0975 -0.9808 -0.1690
vn -0.1913 -0.9239 -0.3314
vn -0.2778 -0.8315 -0.4811
vn -0.3536 -0.7071 -0.6124
vn -0.4157 -0.5556 -0.7201
vn -0.4619 -0.3827 -0.8001
vn -0.4904 -0.1951 -0.8494
vn -0.5000 -0.0000 -0.8660
vn -0.4904 0.1951 -0.8494
vn -0.4619 0.3827 -0.8001
vn -0.4157 0.5556 -0.7201
vn -0.3536 0.7071 -0.6124
vn -0.2778 0.8315 -0.4811
vn -0.1913 0.9239 -0.3314
vn -0.0975 0.9808 -0.1690
vn 0.0975 0.9808 0.1690
vn 0.1913 0.9239 0.3314
vn 0.2778 0.8315 0.4811
vn 0.3536 0.7071 0.6124
vn 0.4157 0.5556 0.7201
vn 0.4619 0.3827 0.8001
vn -0.8660 -0.0000 0.5000
vn 0.4904 0.1951 0.8494
vn 0.8660 -0.0000 -0.5000
vn 0.9585 -0.0000 -0.2850
vn 0.7688 -0.0000 0.6395
vn -0.5047 0.0980 -0.8577
vn 0.8629 0.0006 -0.5053
vn -0.5029 0.0980 -0.8587
vn 0.0490 0.9952 0.0849
vn -0.8629 -0.0006 0.5053
vn -0.0490 -0.9952 -0.0849
vn 0.5029 -0.0980 0.8587
vn -0.0041 0.9877 0.1563
vn -0.1017 -0.9947 -0.0128
vn -0.0809 -0.9908 -0.1083
vn 0.0170 0.9980 0.0613
vn -0.2500 -0.0701 0.9657
vn 0.2540 0.0698 -0.9647
vn 0.0026 0.9985 0.0547
vn 0.5075 -0.0980 0.8561
vn -0.8608 -0.0010 0.5089
vn -0.0952 -0.9888 -0.1148
vn 0.8620 0.0008 -0.5069
vn -0.5024 0.0980 -0.8591
vn 0.9658 -0.0689 0.2499
vt 0.338702 0.841054
vt 0.262415 0.833263
vt 0.261657 0.816062
vt 0.338702 0.808992
vt 0.257423 0.799446
vt 0.332253 0.777499
vt 0.250376 0.783837
vt 0.319750 0.747855
vt 0.240176 0.770175
vt 0.301650 0.721079
vt 0.227451 0.758886
vt 0.278801 0.698239
vt 0.213838 0.748602
vt 0.251195 0.681527
vt 0.197736 0.742693
vt 0.221546 0.669107
vt 0.180808 0.740228
vt 0.189986 0.662881
vt 0.163714 0.740731
vt 0.157852 0.662983
vt 0.147070 0.744518
vt 0.126258 0.669393
vt 0.131657 0.751742
vt 0.096422 0.681908
vt 0.117777 0.761583
vt 0.069579 0.699968
vt 0.106410 0.774174
vt 0.046651 0.722957
vt 0.097543 0.788618
vt 0.028528 0.749847
vt 0.090337 0.804063
vt 0.017437 0.780295
vt 0.087952 0.820965
vt 0.010988 0.811940
vt 0.088490 0.838020
vt 0.010996 0.844183
vt 0.092590 0.854525
vt 0.017405 0.875919
vt 0.099856 0.869864
vt 0.029880 0.905842
vt 0.109808 0.883590
vt 0.047833 0.932858
vt 0.121349 0.896110
vt 0.071801 0.954751
vt 0.135950 0.904947
vt 0.098657 0.972828
vt 0.151931 0.910804
vt 0.128649 0.985192
vt 0.168702 0.913400
vt 0.160605 0.991461
vt 0.185545 0.912193
vt 0.193300 0.991493
vt 0.202274 0.909634
vt 0.225006 0.983762
vt 0.217475 0.902025
vt 0.255272 0.971656
vt 0.231883 0.893000
vt 0.281573 0.952713
vt 0.244204 0.881041
vt 0.303461 0.929112
vt 0.252865 0.866179
vt 0.321512 0.902498
vt 0.170115 0.790177
vt 0.163057 0.791887
vt 0.258539 0.850006
vt 0.333929 0.872830
vt 0.614159 0.783397
vt 0.617908 0.800316
vt 0.593964 0.802610
vt 0.591716 0.790206
vt 0.141856 0.810755
vt 0.145488 0.804401
vt 0.152531 0.809809
vt 0.149534 0.814587
vt 0.139816 0.838848
vt 0.142707 0.845593
vt 0.193581 0.858943
vt 0.199486 0.854613
vt 0.197703 0.797395
vt 0.191321 0.793598
vt 0.139111 0.817384
vt 0.165315 0.862674
vt 0.172475 0.863788
vt 0.211845 0.822359
vt 0.210298 0.815232
vt 0.156395 0.794809
vt 0.147114 0.851486
vt 0.204668 0.849626
vt 0.184563 0.791065
vt 0.137758 0.824485
vt 0.179881 0.863832
vt 0.207213 0.808615
vt 0.150539 0.799136
vt 0.152297 0.856526
vt 0.208333 0.843455
vt 0.177400 0.789736
vt 0.138304 0.831727
vt 0.187039 0.862020
vt 0.203017 0.802581
vt 0.158458 0.860302
vt 0.210751 0.836619
vt 0.212123 0.829553
vt 0.146889 0.830809
vt 0.146880 0.825299
vt 0.149102 0.825450
vt 0.149232 0.830550
vt 0.203325 0.828974
vt 0.202954 0.823466
vt 0.189028 0.851412
vt 0.193635 0.848254
vt 0.147629 0.819871
vt 0.201936 0.818033
vt 0.197306 0.844190
vt 0.199488 0.813039
vt 0.200246 0.839619
vt 0.196366 0.808455
vt 0.202256 0.834464
vt 0.148282 0.836231
vt 0.192375 0.804551
vt 0.150597 0.841258
vt 0.187661 0.801528
vt 0.153925 0.845640
vt 0.182380 0.799714
vt 0.157790 0.849508
vt 0.176924 0.798689
vt 0.162557 0.852233
vt 0.171349 0.798809
vt 0.167647 0.854294
vt 0.165944 0.800272
vt 0.173207 0.855098
vt 0.160792 0.802446
vt 0.178641 0.854779
vt 0.156428 0.805854
vt 0.183969 0.853631
vt 0.200954 0.828810
vt 0.200104 0.833825
vt 0.198483 0.833351
vt 0.199283 0.828664
vt 0.197500 0.814133
vt 0.194599 0.809917
vt 0.198201 0.838557
vt 0.150429 0.835485
vt 0.190934 0.806343
vt 0.152584 0.840096
vt 0.186627 0.803591
vt 0.155614 0.844160
vt 0.181787 0.801905
vt 0.159278 0.847658
vt 0.176739 0.800978
vt 0.163552 0.850205
vt 0.171633 0.801086
vt 0.168309 0.852040
vt 0.166667 0.802423
vt 0.173279 0.852790
vt 0.162020 0.804445
vt 0.178349 0.852541
vt 0.157860 0.807507
vt 0.183301 0.851472
vt 0.154304 0.811290
vt 0.187952 0.849393
vt 0.151591 0.815607
vt 0.200757 0.823719
vt 0.192109 0.846483
vt 0.149888 0.820404
vt 0.199691 0.818704
vt 0.195485 0.842794
vt 0.177026 0.841501
vt 0.179793 0.840644
vt 0.180400 0.842460
vt 0.177224 0.843203
vt 0.156729 0.837661
vt 0.159190 0.840963
vt 0.158012 0.842027
vt 0.155354 0.838431
vt 0.193317 0.810992
vt 0.189895 0.807657
vt 0.196747 0.837754
vt 0.155047 0.833901
vt 0.153525 0.834423
vt 0.196084 0.814953
vt 0.194180 0.841757
vt 0.154027 0.829924
vt 0.152455 0.830116
vt 0.198068 0.819253
vt 0.190994 0.845198
vt 0.153893 0.825761
vt 0.152335 0.825674
vt 0.199110 0.823886
vt 0.187151 0.847928
vt 0.154510 0.821638
vt 0.152968 0.821234
vt 0.182809 0.849894
vt 0.155936 0.817747
vt 0.154524 0.817033
vt 0.178134 0.850905
vt 0.158108 0.814204
vt 0.156856 0.813258
vt 0.173401 0.851118
vt 0.160948 0.811119
vt 0.159920 0.809933
vt 0.168748 0.850393
vt 0.164352 0.808643
vt 0.163583 0.807255
vt 0.164322 0.848737
vt 0.168167 0.806946
vt 0.167704 0.805436
vt 0.160295 0.846304
vt 0.172185 0.805918
vt 0.172042 0.804343
vt 0.156829 0.843050
vt 0.176333 0.805811
vt 0.176469 0.804229
vt 0.154007 0.839216
vt 0.180460 0.806448
vt 0.180918 0.804954
vt 0.152019 0.834909
vt 0.181317 0.803473
vt 0.185871 0.805091
vt 0.185117 0.806483
vt 0.161236 0.845016
vt 0.176605 0.802670
vt 0.164998 0.847341
vt 0.171860 0.802761
vt 0.169132 0.848883
vt 0.167227 0.803966
vt 0.173515 0.849555
vt 0.162824 0.805910
vt 0.177955 0.849368
vt 0.158901 0.808765
vt 0.182313 0.848418
vt 0.155634 0.812311
vt 0.186363 0.846579
vt 0.153093 0.816357
vt 0.197728 0.828538
vt 0.197546 0.824087
vt 0.189937 0.844018
vt 0.151490 0.820852
vt 0.196581 0.819763
vt 0.192977 0.840801
vt 0.150758 0.825584
vt 0.194736 0.815679
vt 0.195348 0.837037
vt 0.150925 0.830320
vt 0.192136 0.811971
vt 0.196993 0.832919
vt 0.188895 0.808857
vt 0.162221 0.843732
vt 0.165648 0.845908
vt 0.169517 0.847328
vt 0.173587 0.847999
vt 0.177758 0.847802
vt 0.181790 0.846932
vt 0.185555 0.845219
vt 0.196124 0.828422
vt 0.195987 0.824316
vt 0.188916 0.842811
vt 0.195071 0.820244
vt 0.191777 0.839808
vt 0.193379 0.816396
vt 0.193939 0.836283
vt 0.190912 0.812977
vt 0.195464 0.832474
vt 0.187877 0.810063
vt 0.184370 0.807899
vt 0.698812 0.758355
vt 0.704899 0.792549
vt 0.690732 0.793503
vt 0.684749 0.762510
vt 0.640813 0.945184
vt 0.611667 0.963656
vt 0.605269 0.951514
vt 0.631560 0.933819
vt 0.445625 0.782337
vt 0.442410 0.799379
vt 0.377200 0.792463
vt 0.383430 0.763031
vt 0.704663 0.826876
vt 0.690607 0.825158
vt 0.520626 0.895926
vt 0.537957 0.896417
vt 0.543948 0.961045
vt 0.513881 0.961059
vt 0.580104 0.976919
vt 0.575792 0.963452
vt 0.607245 0.850282
vt 0.614088 0.834503
vt 0.676610 0.853881
vt 0.664666 0.881521
vt 0.697671 0.860415
vt 0.684603 0.856363
vt 0.546306 0.983404
vt 0.544664 0.969307
vt 0.555985 0.724200
vt 0.539070 0.720803
vt 0.545903 0.655950
vt 0.575415 0.661826
vt 0.684450 0.891980
vt 0.671865 0.885455
vt 0.511831 0.983404
vt 0.512938 0.969270
vt 0.442169 0.816659
vt 0.377213 0.822582
vt 0.554902 0.892660
vt 0.573516 0.955531
vt 0.477714 0.976575
vt 0.482044 0.962581
vt 0.617377 0.817611
vt 0.682470 0.824348
vt 0.446277 0.962510
vt 0.452843 0.950433
vt 0.521814 0.720460
vt 0.515785 0.655713
vt 0.417382 0.943778
vt 0.426760 0.932523
vt 0.445629 0.833563
vt 0.382859 0.852140
vt 0.571177 0.886614
vt 0.601312 0.944064
vt 0.393121 0.918951
vt 0.404365 0.910314
vt 0.682465 0.794284
vt 0.374342 0.890126
vt 0.387051 0.883800
vt 0.504887 0.724010
vt 0.486272 0.661447
vt 0.361257 0.858271
vt 0.374887 0.854541
vt 0.452021 0.849546
vt 0.394375 0.879898
vt 0.585478 0.876815
vt 0.626433 0.927505
vt 0.355251 0.824607
vt 0.368913 0.823339
vt 0.676873 0.764787
vt 0.354996 0.790437
vt 0.369091 0.791586
vt 0.489043 0.730808
vt 0.458388 0.672539
vt 0.665507 0.737002
vt 0.672891 0.733215
vt 0.649115 0.711781
vt 0.655660 0.706504
vt 0.628023 0.690363
vt 0.633216 0.683943
vt 0.602960 0.673835
vt 0.606860 0.666576
vt 0.577892 0.654047
vt 0.546786 0.647666
vt 0.515030 0.647478
vt 0.484008 0.653552
vt 0.454458 0.665084
vt 0.433506 0.689312
vt 0.428284 0.682996
vt 0.412114 0.710486
vt 0.405737 0.705203
vt 0.395288 0.735409
vt 0.388090 0.731463
vt 0.375460 0.760487
vt 0.410744 0.905058
vt 0.431947 0.926272
vt 0.456851 0.943089
vt 0.484526 0.954754
vt 0.647916 0.906505
vt 0.654312 0.911863
vt 0.571785 0.731081
vt 0.665450 0.920616
vt 0.685309 0.726379
vt 0.503730 0.892459
vt 0.666318 0.697895
vt 0.452507 0.766443
vt 0.642477 0.673241
vt 0.586048 0.740736
vt 0.613844 0.653652
vt 0.487896 0.885748
vt 0.581779 0.640442
vt 0.462247 0.752189
vt 0.548217 0.634021
vt 0.598344 0.752833
vt 0.514064 0.633354
vt 0.473555 0.876268
vt 0.479933 0.639483
vt 0.474377 0.739935
vt 0.448054 0.652958
vt 0.597596 0.864516
vt 0.608129 0.767134
vt 0.419019 0.671698
vt 0.461776 0.863708
vt 0.395148 0.696425
vt 0.375215 0.724483
vt 0.361819 0.756610
vt 0.586544 0.839216
vt 0.579359 0.849640
vt 0.570332 0.858441
vt 0.559801 0.865260
vt 0.548206 0.870128
vt 0.535828 0.872364
vt 0.523227 0.872364
vt 0.510800 0.869895
vt 0.499130 0.865080
vt 0.488714 0.857874
vt 0.479742 0.848967
vt 0.472845 0.838354
vt 0.468193 0.826580
vt 0.465918 0.814171
vt 0.466126 0.801585
vt 0.468801 0.789334
vt 0.473505 0.777714
vt 0.480441 0.767201
vt 0.489484 0.758373
vt 0.499965 0.751300
vt 0.511749 0.746644
vt 0.524155 0.744376
vt 0.536801 0.744365
vt 0.549113 0.747043
vt 0.560783 0.751815
vt 0.571211 0.759009
vt 0.580019 0.768044
vt 0.586852 0.778590
vt 0.593996 0.815214
vt 0.591313 0.827547
vt 0.208290 0.616081
vt 0.208290 0.589751
vt 0.260950 0.589751
vt 0.260950 0.616081
vt 0.313611 0.589751
vt 0.313611 0.616081
vt 0.366271 0.589751
vt 0.366271 0.616081
vt 0.418931 0.589751
vt 0.418931 0.616081
vt 0.313611 0.695072
vt 0.313611 0.642411
vt 0.366271 0.642411
vt 0.366271 0.695072
vt 0.313611 0.537091
vt 0.366271 0.537091
vt 0.418931 0.642411
vt 0.260950 0.642411
vt 0.208290 0.642411
vt 0.170186 0.812990
vt 0.173033 0.812465
vt 0.173662 0.817135
vt 0.171793 0.817619
vt 0.163371 0.842192
vt 0.166487 0.844136
vt 0.174108 0.841608
vt 0.173968 0.843449
vt 0.160622 0.839718
vt 0.171228 0.841154
vt 0.170783 0.842806
vt 0.158403 0.836640
vt 0.168567 0.840029
vt 0.167753 0.841736
vt 0.156852 0.833269
vt 0.166105 0.838564
vt 0.165056 0.840009
vt 0.155976 0.829654
vt 0.163908 0.836636
vt 0.162701 0.837915
vt 0.155763 0.825863
vt 0.162333 0.834255
vt 0.160740 0.835289
vt 0.156409 0.822113
vt 0.161053 0.831717
vt 0.159415 0.832326
vt 0.157678 0.818639
vt 0.160575 0.828914
vt 0.158658 0.829192
vt 0.159592 0.815415
vt 0.160244 0.826083
vt 0.158555 0.826008
vt 0.162156 0.812558
vt 0.160904 0.823301
vt 0.159028 0.822843
vt 0.165258 0.810345
vt 0.161711 0.820546
vt 0.160133 0.819816
vt 0.168740 0.808734
vt 0.163257 0.818075
vt 0.161783 0.817036
vt 0.172391 0.807867
vt 0.165221 0.815938
vt 0.163990 0.814563
vt 0.176188 0.807679
vt 0.167553 0.814221
vt 0.166700 0.812614
vt 0.179954 0.808330
vt 0.169660 0.811346
vt 0.183466 0.809625
vt 0.184716 0.825566
vt 0.184831 0.827472
vt 0.184505 0.829374
vt 0.183859 0.831191
vt 0.182836 0.832825
vt 0.181549 0.834261
vt 0.179984 0.835377
vt 0.178248 0.836205
vt 0.176364 0.836636
vt 0.174447 0.836682
vt 0.172547 0.836402
vt 0.170737 0.835752
vt 0.169084 0.834771
vt 0.167688 0.833436
vt 0.166548 0.831892
vt 0.165720 0.830141
vt 0.165245 0.828273
vt 0.165201 0.826349
vt 0.165463 0.824445
vt 0.166151 0.822646
vt 0.167180 0.821006
vt 0.168502 0.819610
vt 0.170047 0.818454
vt 0.175601 0.817085
vt 0.177509 0.817389
vt 0.179338 0.818020
vt 0.180972 0.819063
vt 0.182369 0.820393
vt 0.183473 0.821955
vt 0.184286 0.823690
vt 0.182524 0.839653
vt 0.189619 0.824851
vt 0.189657 0.827772
vt 0.184761 0.837804
vt 0.188784 0.822123
vt 0.186738 0.835740
vt 0.187792 0.819396
vt 0.188209 0.833299
vt 0.185966 0.817140
vt 0.189209 0.830619
vt 0.183878 0.815202
vt 0.181388 0.813688
vt 0.178675 0.812567
vt 0.175850 0.812295
vt 0.175918 0.810380
vt 0.172759 0.810649
vt 0.169991 0.845502
vt 0.173738 0.846069
vt 0.177550 0.845941
vt 0.181184 0.845070
vt 0.184597 0.843550
vt 0.183361 0.841109
vt 0.194141 0.824526
vt 0.194165 0.828294
vt 0.191430 0.827974
vt 0.191387 0.824818
vt 0.187688 0.841375
vt 0.185960 0.839210
vt 0.193225 0.820783
vt 0.190659 0.821587
vt 0.190241 0.838631
vt 0.188210 0.836877
vt 0.191674 0.817310
vt 0.189248 0.818601
vt 0.192263 0.835397
vt 0.189779 0.834108
vt 0.189463 0.814160
vt 0.187362 0.815826
vt 0.193602 0.831915
vt 0.190978 0.831128
vt 0.186625 0.811517
vt 0.184907 0.813727
vt 0.182206 0.812123
vt 0.179289 0.810904
vt 0.735628 0.764584
vt 0.730872 0.764960
vt 0.746031 0.754237
vt 0.743923 0.758150
vt 0.792689 0.946562
vt 0.799163 0.959442
vt 0.748631 0.984044
vt 0.749732 0.969058
vt 0.730872 0.956213
vt 0.743216 0.961910
vt 0.789274 0.934695
vt 0.779099 0.922766
vt 0.930215 0.832378
vt 0.925714 0.839660
vt 0.894680 0.815941
vt 0.899879 0.809560
vt 0.801454 0.936700
vt 0.805449 0.914124
vt 0.815682 0.917391
vt 0.792597 0.909345
vt 0.799805 0.877320
vt 0.815438 0.876921
vt 0.933723 0.841062
vt 0.934573 0.855689
vt 0.926692 0.857068
vt 0.812530 0.946422
vt 0.821267 0.931637
vt 0.941803 0.882712
vt 0.933993 0.884172
vt 0.976770 0.866377
vt 0.971517 0.889796
vt 0.828379 0.876536
vt 0.871730 0.910631
vt 0.873179 0.872955
vt 0.883740 0.863782
vt 0.883788 0.915060
vt 0.834320 0.860721
vt 0.873218 0.851728
vt 0.874149 0.925369
vt 0.903168 0.844497
vt 0.917587 0.858692
vt 0.894585 0.864818
vt 0.983953 0.856821
vt 0.973935 0.901895
vt 0.893369 0.936990
vt 0.916708 0.923363
vt 0.892110 0.911799
vt 0.991740 0.858488
vt 0.981740 0.903564
vt 0.805931 0.834733
vt 0.809598 0.841274
vt 0.805514 0.839043
vt 0.947503 0.907908
vt 0.945916 0.913383
vt 0.944666 0.910230
vt 0.934932 0.914675
vt 0.937628 0.902988
vt 0.944517 0.910200
vt 0.801583 0.850572
vt 0.792191 0.835472
vt 0.805355 0.839107
vt 0.821697 0.833805
vt 0.816372 0.825790
vt 0.781138 0.843580
vt 0.787963 0.854847
vt 0.894680 0.968922
vt 0.901200 0.973388
vt 0.800549 0.940050
vt 0.810020 0.949808
vt 0.802815 0.957316
vt 0.795187 0.945584
vt 0.932369 0.833169
vt 0.934730 0.838664
s 1
usemtl Material
f 293/63/27 38/64/27 40/65/28 294/66/28
f 294/66/28 40/65/28 42/67/29 295/68/29
f 295/68/29 42/67/29 44/69/30 296/70/30
f 296/70/30 44/69/30 46/71/31 297/72/31
f 297/72/31 46/71/31 48/73/32 298/74/32
f 298/74/32 48/73/32 50/75/33 299/76/33
f 299/76/33 50/75/33 52/77/34 300/78/34
f 300/78/34 52/77/34 54/79/35 301/80/35
f 301/80/35 54/79/35 56/81/36 302/82/36
f 302/82/36 56/81/36 58/83/37 303/84/37
f 303/84/37 58/83/37 60/85/38 304/86/38
f 304/86/38 60/85/38 62/87/39 305/88/39
f 305/88/39 62/87/39 64/89/40 306/90/40
f 306/90/40 64/89/40 66/91/41 307/92/41
f 307/92/41 66/91/41 68/93/42 308/94/42
f 308/94/42 68/93/42 70/95/43 309/96/43
f 309/96/43 70/95/43 72/97/44 310/98/44
f 310/98/44 72/97/44 74/99/45 311/100/45
f 311/100/45 74/99/45 76/101/46 312/102/46
f 312/102/46 76/101/46 78/103/47 313/104/47
f 313/104/47 78/103/47 80/105/48 314/106/48
f 314/106/48 80/105/48 82/107/49 315/108/49
f 315/108/49 82/107/49 84/109/50 316/110/50
f 316/110/50 84/109/50 86/111/51 317/112/51
f 317/112/51 86/111/51 88/113/52 318/114/52
f 318/114/52 88/113/52 90/115/53 319/116/53
f 319/116/53 90/115/53 92/117/54 320/118/54
f 320/118/54 92/117/54 94/119/55 321/120/55
f 321/120/55 94/119/55 96/121/56 322/122/56
f 322/122/56 96/121/56 98/123/57 323/124/57
s 0
f 58/83/58 56/81/58 110/125/58 111/126/58
s 1
f 323/124/57 98/123/57 100/127/59 324/128/59
f 324/128/59 100/127/59 38/64/27 293/63/27
f 93/129/55 95/130/56 418/131/56 417/132/55
f 115/133/41 114/134/40 146/135/40 147/136/41
s 0
f 76/101/58 74/99/58 119/137/58 120/138/58
f 94/119/58 92/117/58 128/139/58 129/140/58
f 50/75/58 48/73/58 106/141/58 107/142/58
f 68/93/58 66/91/58 115/133/58 116/143/58
f 86/111/58 84/109/58 124/144/58 125/145/58
f 42/67/58 40/65/58 101/146/58 103/147/58
f 60/85/58 58/83/58 111/126/58 112/148/58
f 78/103/58 76/101/58 120/138/58 121/149/58
f 96/121/58 94/119/58 129/140/58 130/150/58
f 52/77/58 50/75/58 107/142/58 108/151/58
f 70/95/58 68/93/58 116/143/58 117/152/58
f 88/113/58 86/111/58 125/145/58 126/153/58
f 44/69/58 42/67/58 103/147/58 104/154/58
f 62/87/58 60/85/58 112/148/58 113/155/58
f 80/105/58 78/103/58 121/149/58 122/156/58
f 98/123/58 96/121/58 130/150/58 131/157/58
f 54/79/58 52/77/58 108/151/58 109/158/58
f 72/97/58 70/95/58 117/152/58 118/159/58
f 90/115/58 88/113/58 126/153/58 127/160/58
f 46/71/58 44/69/58 104/154/58 105/161/58
f 64/89/58 62/87/58 113/155/58 114/134/58
f 82/107/58 80/105/58 122/156/58 123/162/58
f 100/127/58 98/123/58 131/157/58 132/163/58
f 56/81/58 54/79/58 109/158/58 110/125/58
f 74/99/58 72/97/58 118/159/58 119/137/58
f 92/117/58 90/115/58 127/160/58 128/139/58
f 48/73/58 46/71/58 105/161/58 106/141/58
f 66/91/58 64/89/58 114/134/58 115/133/58
f 84/109/58 82/107/58 123/162/58 124/144/58
f 40/65/58 38/64/58 102/164/58 101/146/58
f 38/64/58 100/127/58 132/163/58 102/164/58
f 150/165/58 149/166/58 181/167/58 182/168/58
s 1
f 101/146/28 102/164/27 134/169/27 133/170/28
f 129/140/55 128/139/54 160/171/54 161/172/55
f 116/143/42 115/133/41 147/136/41 148/173/42
f 103/147/29 101/146/28 133/170/28 135/174/29
f 130/150/56 129/140/55 161/172/55 162/175/56
f 117/152/43 116/143/42 148/173/42 149/166/43
f 104/154/30 103/147/29 135/174/29 136/176/30
f 131/157/57 130/150/56 162/175/56 163/177/57
f 118/159/44 117/152/43 149/166/43 150/165/44
f 105/161/31 104/154/30 136/176/30 137/178/31
f 132/163/59 131/157/57 163/177/57 164/179/59
f 119/137/45 118/159/44 150/165/44 151/180/45
f 106/141/32 105/161/31 137/178/31 138/181/32
f 102/164/27 132/163/59 164/179/59 134/169/27
f 120/138/46 119/137/45 151/180/45 152/182/46
f 107/142/33 106/141/32 138/181/32 139/183/33
f 121/149/47 120/138/46 152/182/46 153/184/47
f 108/151/34 107/142/33 139/183/33 140/185/34
f 122/156/48 121/149/47 153/184/47 154/186/48
f 109/158/35 108/151/34 140/185/34 141/187/35
f 123/162/49 122/156/48 154/186/48 155/188/49
f 110/125/36 109/158/35 141/187/35 142/189/36
f 124/144/50 123/162/49 155/188/49 156/190/50
f 111/126/37 110/125/36 142/189/36 143/191/37
f 125/145/51 124/144/50 156/190/50 157/192/51
f 112/148/38 111/126/37 143/191/37 144/193/38
f 126/153/52 125/145/51 157/192/51 158/194/52
f 113/155/39 112/148/38 144/193/38 145/195/39
f 127/160/53 126/153/52 158/194/52 159/196/53
f 114/134/40 113/155/39 145/195/39 146/135/40
f 128/139/54 127/160/53 159/196/53 160/171/54
f 166/197/43 196/198/42 260/199/42 230/200/43
s 0
f 137/178/58 136/176/58 168/201/58 169/202/58
f 164/179/58 163/177/58 195/203/58 196/198/58
f 151/180/58 150/165/58 182/168/58 183/204/58
f 138/181/58 137/178/58 169/202/58 170/205/58
f 134/169/58 164/179/58 196/198/58 166/197/58
f 152/182/58 151/180/58 183/204/58 184/206/58
f 139/183/58 138/181/58 170/205/58 171/207/58
f 153/184/58 152/182/58 184/206/58 185/208/58
f 140/185/58 139/183/58 171/207/58 172/209/58
f 154/186/58 153/184/58 185/208/58 186/210/58
f 141/187/58 140/185/58 172/209/58 173/211/58
f 155/188/58 154/186/58 186/210/58 187/212/58
f 142/189/58 141/187/58 173/211/58 174/213/58
f 156/190/58 155/188/58 187/212/58 188/214/58
f 143/191/58 142/189/58 174/213/58 175/215/58
f 157/192/58 156/190/58 188/214/58 189/216/58
f 144/193/58 143/191/58 175/215/58 176/217/58
f 158/194/58 157/192/58 189/216/58 190/218/58
f 145/195/58 144/193/58 176/217/58 177/219/58
f 159/196/58 158/194/58 190/218/58 191/220/58
f 146/135/58 145/195/58 177/219/58 178/221/58
f 160/171/58 159/196/58 191/220/58 192/222/58
f 147/136/58 146/135/58 178/221/58 179/223/58
f 133/170/58 134/169/58 166/197/58 165/224/58
f 161/172/58 160/171/58 192/222/58 193/225/58
f 148/173/58 147/136/58 179/223/58 180/226/58
f 135/174/58 133/170/58 165/224/58 167/227/58
f 162/175/58 161/172/58 193/225/58 194/228/58
f 149/166/58 148/173/58 180/226/58 181/167/58
f 136/176/58 135/174/58 167/227/58 168/201/58
f 163/177/58 162/175/58 194/228/58 195/203/58
f 458/229/60 459/230/60 555/231/60 554/232/60
s 1
f 216/233/46 217/234/47 281/235/47 280/236/46
f 170/205/48 169/202/47 233/237/47 234/238/48
f 196/198/42 195/203/41 259/239/41 260/199/42
f 215/240/45 216/233/46 280/236/46 279/241/45
f 169/202/47 168/201/46 232/242/46 233/237/47
f 195/203/41 194/228/40 258/243/40 259/239/41
f 214/244/44 215/240/45 279/241/45 278/245/44
f 168/201/46 167/227/45 231/246/45 232/242/46
f 194/228/40 193/225/61 257/247/39 258/243/40
f 213/248/43 214/244/44 278/245/44 277/249/43
f 167/227/45 165/224/44 229/250/44 231/246/45
f 193/225/61 192/222/38 256/251/38 257/247/39
f 212/252/42 213/248/43 277/249/43 276/253/42
f 165/224/44 166/197/43 230/200/43 229/250/44
f 192/222/38 191/220/37 255/254/37 256/251/38
f 211/255/41 212/252/42 276/253/42 275/256/41
f 191/220/37 190/218/36 254/257/36 255/254/37
f 210/258/40 211/255/41 275/256/41 274/259/40
f 190/218/36 189/216/35 253/260/35 254/257/36
f 209/261/39 210/258/40 274/259/40 273/262/39
f 189/216/35 188/214/34 252/263/34 253/260/35
f 208/264/38 209/261/39 273/262/39 272/265/38
f 188/214/34 187/212/33 251/266/33 252/263/34
f 207/267/37 208/264/38 272/265/38 271/268/37
f 187/212/33 186/210/32 250/269/32 251/266/33
f 206/270/36 207/267/37 271/268/37 270/271/36
f 186/210/32 185/208/31 249/272/31 250/269/32
f 205/273/35 206/270/36 270/271/36 269/274/35
f 185/208/31 184/206/30 248/275/30 249/272/31
f 204/276/34 205/273/35 269/274/35 268/277/34
f 184/206/30 183/204/29 247/278/29 248/275/30
s 0
f 249/272/58 248/275/58 280/236/58 281/235/58
f 236/279/58 235/280/58 267/281/58 268/277/58
f 250/269/58 249/272/58 281/235/58 282/282/58
f 237/283/58 236/279/58 268/277/58 269/274/58
f 251/266/58 250/269/58 282/282/58 283/284/58
f 238/285/58 237/283/58 269/274/58 270/271/58
f 252/263/58 251/266/58 283/284/58 284/286/58
f 239/287/58 238/285/58 270/271/58 271/268/58
f 253/260/58 252/263/58 284/286/58 285/288/58
f 240/289/58 239/287/58 271/268/58 272/265/58
f 254/257/58 253/260/58 285/288/58 286/290/58
f 241/291/58 240/289/58 272/265/58 273/262/58
f 255/254/58 254/257/58 286/290/58 287/292/58
f 242/293/58 241/291/58 273/262/58 274/259/58
f 256/251/58 255/254/58 287/292/58 288/294/58
f 243/295/58 242/293/58 274/259/58 275/256/58
f 229/250/58 230/200/58 262/296/58 261/297/58
f 257/247/58 256/251/58 288/294/58 289/298/58
f 244/299/58 243/295/58 275/256/58 276/253/58
f 231/246/58 229/250/58 261/297/58 263/300/58
f 258/243/58 257/247/58 289/298/58 290/301/58
f 245/302/58 244/299/58 276/253/58 277/249/58
f 232/242/58 231/246/58 263/300/58 264/303/58
f 259/239/58 258/243/58 290/301/58 291/304/58
f 246/305/58 245/302/58 277/249/58 278/245/58
f 233/237/58 232/242/58 264/303/58 265/306/58
f 260/199/58 259/239/58 291/304/58 292/307/58
f 247/278/58 246/305/58 278/245/58 279/241/58
f 234/238/58 233/237/58 265/306/58 266/308/58
f 230/200/58 260/199/58 292/307/58 262/296/58
f 248/275/58 247/278/58 279/241/58 280/236/58
f 235/280/58 234/238/58 266/308/58 267/281/58
s 1
f 171/207/49 170/205/48 234/238/48 235/280/49
f 217/234/47 218/309/48 282/282/48 281/235/47
f 172/209/50 171/207/49 235/280/49 236/279/50
f 218/309/48 219/310/49 283/284/49 282/282/48
f 173/211/51 172/209/50 236/279/50 237/283/51
f 219/310/49 220/311/50 284/286/50 283/284/49
f 174/213/52 173/211/51 237/283/51 238/285/52
f 220/311/50 221/312/51 285/288/51 284/286/50
f 175/215/53 174/213/52 238/285/52 239/287/53
f 221/312/51 222/313/52 286/290/52 285/288/51
f 176/217/54 175/215/53 239/287/53 240/289/54
f 222/313/52 223/314/53 287/292/53 286/290/52
f 177/219/55 176/217/54 240/289/54 241/291/55
f 223/314/53 224/315/54 288/294/54 287/292/53
f 198/316/27 197/317/28 261/297/28 262/296/27
f 178/221/56 177/219/55 241/291/55 242/293/56
f 224/315/54 225/318/55 289/298/55 288/294/54
f 197/317/28 199/319/29 263/300/29 261/297/28
f 179/223/57 178/221/56 242/293/56 243/295/57
f 225/318/55 226/320/56 290/301/56 289/298/55
f 199/319/29 200/321/30 264/303/30 263/300/29
f 180/226/59 179/223/57 243/295/57 244/299/59
f 226/320/56 227/322/57 291/304/57 290/301/56
f 200/321/30 201/323/31 265/306/31 264/303/30
f 181/167/27 180/226/59 244/299/59 245/302/27
f 227/322/57 228/324/59 292/307/59 291/304/57
f 201/323/31 202/325/32 266/308/32 265/306/31
f 182/168/28 181/167/27 245/302/27 246/305/28
f 228/324/59 198/316/27 262/296/27 292/307/59
f 202/325/32 203/326/33 267/281/33 266/308/32
f 183/204/29 182/168/28 246/305/28 247/278/29
f 203/326/33 204/276/34 268/277/34 267/281/33
s 0
f 321/327/58 322/328/58 383/329/58 381/330/58
f 295/331/58 296/332/58 331/333/58 329/334/58
f 67/335/60 65/336/60 352/337/60 354/338/60
f 322/328/58 323/339/58 385/340/58 383/329/58
f 49/341/60 47/342/60 334/343/60 336/344/60
f 296/332/58 297/345/58 333/346/58 331/333/58
f 37/347/60 99/348/60 386/349/60 325/350/60
f 323/339/58 324/351/58 387/352/58 385/340/58
f 297/345/58 298/353/58 335/354/58 333/346/58
f 83/355/60 81/356/60 368/357/60 370/358/60
f 324/351/58 293/359/58 388/360/58 387/352/58
f 298/353/58 299/361/58 337/362/58 335/354/58
f 65/336/60 63/363/60 350/364/60 352/337/60
f 47/342/60 45/365/60 332/366/60 334/343/60
f 299/361/58 300/367/58 339/368/58 337/362/58
f 99/348/60 97/369/60 384/370/60 386/349/60
f 300/367/58 301/371/58 341/372/58 339/368/58
f 81/356/60 79/373/60 366/374/60 368/357/60
f 301/371/58 302/375/58 343/376/58 341/372/58
f 63/363/60 61/377/60 348/378/60 350/364/60
f 45/365/60 43/379/60 330/380/60 332/366/60
f 302/375/58 303/381/58 345/382/58 343/376/58
f 97/369/60 95/130/60 382/383/60 384/370/60
f 303/381/58 304/384/58 347/385/58 345/382/58
f 79/373/60 77/386/60 364/387/60 366/374/60
f 304/384/58 305/388/58 349/389/58 347/385/58
f 61/377/60 59/390/60 346/391/60 348/378/60
f 43/379/60 41/392/60 328/393/60 330/380/60
f 305/388/58 306/394/58 351/395/58 349/389/58
f 95/130/60 93/129/60 380/396/60 382/383/60
f 306/394/58 307/397/58 353/398/58 351/395/58
f 77/386/60 75/399/60 362/400/60 364/387/60
s 1
f 386/349/59 387/352/59 388/360/27 325/350/27
f 384/370/57 385/340/57 387/352/59 386/349/59
f 382/383/56 383/329/56 385/340/57 384/370/57
f 380/396/55 381/330/55 383/329/56 382/383/56
f 378/401/54 379/402/54 381/330/55 380/396/55
f 376/403/53 377/404/53 379/402/54 378/401/54
f 374/405/52 375/406/52 377/404/53 376/403/53
f 372/407/51 373/408/51 375/406/52 374/405/52
f 370/358/50 371/409/50 373/408/51 372/407/51
f 368/357/49 369/410/49 371/409/50 370/358/50
f 366/374/48 367/411/48 369/410/49 368/357/49
f 364/387/47 365/412/47 367/411/48 366/374/48
f 362/400/46 363/413/46 365/412/47 364/387/47
f 360/414/45 361/415/45 363/413/46 362/400/46
f 358/416/44 359/417/44 361/415/45 360/414/45
f 356/418/43 357/419/43 359/417/44 358/416/44
f 354/338/42 355/420/42 357/419/43 356/418/43
f 352/337/41 353/398/41 355/420/42 354/338/42
f 350/364/40 351/395/40 353/398/41 352/337/41
f 348/378/39 349/389/39 351/395/40 350/364/40
f 346/391/38 347/385/38 349/389/39 348/378/39
f 344/421/37 345/382/37 347/385/38 346/391/38
f 342/422/36 343/376/36 345/382/37 344/421/37
f 340/423/35 341/372/35 343/376/36 342/422/36
f 338/424/34 339/368/34 341/372/35 340/423/35
f 336/344/33 337/362/33 339/368/34 338/424/34
f 334/343/32 335/354/32 337/362/33 336/344/33
f 332/366/31 333/346/31 335/354/32 334/343/32
f 330/380/30 331/333/30 333/346/31 332/366/31
f 328/393/29 329/334/29 331/333/30 330/380/30
f 326/425/28 327/426/28 329/334/29 328/393/29
f 325/350/27 388/360/27 327/426/28 326/425/28
s 0
f 85/427/60 83/355/60 370/358/60 372/407/60
f 294/428/58 295/331/58 329/334/58 327/426/58
f 320/429/58 321/327/58 381/330/58 379/402/58
f 293/359/58 294/428/58 327/426/58 388/360/58
f 51/430/60 49/341/60 336/344/60 338/424/60
f 319/431/58 320/429/58 379/402/58 377/404/58
f 69/432/60 67/335/60 354/338/60 356/418/60
f 318/433/58 319/431/58 377/404/58 375/406/58
f 87/434/60 85/427/60 372/407/60 374/405/60
f 317/435/58 318/433/58 375/406/58 373/408/58
f 53/436/60 51/430/60 338/424/60 340/423/60
f 316/437/58 317/435/58 373/408/58 371/409/58
f 71/438/60 69/432/60 356/418/60 358/416/60
f 315/439/58 316/437/58 371/409/58 369/410/58
f 89/440/60 87/434/60 374/405/60 376/403/60
f 314/441/58 315/439/58 369/410/58 367/411/58
f 55/442/60 53/436/60 340/423/60 342/422/60
f 313/443/58 314/441/58 367/411/58 365/412/58
f 73/444/60 71/438/60 358/416/60 360/414/60
f 312/445/58 313/443/58 365/412/58 363/413/58
f 39/446/60 37/347/60 325/350/60 326/425/60
f 91/447/60 89/440/60 376/403/60 378/401/60
f 311/448/58 312/445/58 363/413/58 361/415/58
f 57/449/60 55/442/60 342/422/60 344/421/60
f 310/450/58 311/448/58 361/415/58 359/417/58
f 75/399/60 73/444/60 360/414/60 362/400/60
f 309/451/58 310/450/58 359/417/58 357/419/58
f 93/129/60 91/447/60 378/401/60 380/396/60
f 308/452/58 309/451/58 357/419/58 355/420/58
f 41/392/60 39/446/60 326/425/60 328/393/60
f 59/390/60 57/449/60 344/421/60 346/391/60
f 307/397/58 308/452/58 355/420/58 353/398/58
f 389/453/60 390/454/60 391/455/60 392/456/60 393/457/60 394/458/60 395/459/60 396/460/60 397/461/60 398/462/60 399/463/60 400/464/60 401/465/60 402/466/60 403/467/60 404/468/60 405/469/60 406/470/60 407/471/60 408/472/60 409/473/60 410/474/60 411/475/60 412/476/60 413/477/60 414/478/60 415/479/60 416/480/60 417/132/60 418/131/60 419/481/60 420/482/60
s 1
f 49/341/33 51/430/34 396/460/34 395/459/33
f 67/335/42 69/432/43 405/469/43 404/468/42
f 85/427/51 87/434/52 414/478/52 413/477/51
f 41/392/29 43/379/30 392/456/30 391/455/29
f 59/390/38 61/377/39 401/465/39 400/464/38
f 77/386/47 79/373/48 410/474/48 409/473/47
f 95/130/56 97/369/57 419/481/57 418/131/56
f 51/430/34 53/436/35 397/461/35 396/460/34
f 69/432/43 71/438/44 406/470/44 405/469/43
f 87/434/52 89/440/53 415/479/53 414/478/52
f 43/379/30 45/365/31 393/457/31 392/456/30
f 61/377/39 63/363/40 402/466/40 401/465/39
f 79/373/48 81/356/49 411/475/49 410/474/48
f 97/369/57 99/348/59 420/482/59 419/481/57
f 53/436/35 55/442/36 398/462/36 397/461/35
f 71/438/44 73/444/45 407/471/45 406/470/44
f 89/440/53 91/447/54 416/480/54 415/479/53
f 45/365/31 47/342/32 394/458/32 393/457/31
f 63/363/40 65/336/41 403/467/41 402/466/40
f 81/356/49 83/355/50 412/476/50 411/475/49
f 37/347/27 39/446/28 390/454/28 389/453/27
f 99/348/59 37/347/27 389/453/27 420/482/59
f 55/442/36 57/449/37 399/463/37 398/462/36
f 73/444/45 75/399/46 408/472/46 407/471/45
f 91/447/54 93/129/55 417/132/55 416/480/54
f 47/342/32 49/341/33 395/459/33 394/458/32
f 65/336/41 67/335/42 404/468/42 403/467/41
f 83/355/50 85/427/51 413/477/51 412/476/50
f 39/446/28 41/392/29 391/455/29 390/454/28
f 57/449/37 59/390/38 400/464/38 399/463/37
f 75/399/46 77/386/47 409/473/47 408/472/46
s 0
f 429/483/51 422/484/51 424/485/51 430/486/51
f 430/486/62 424/485/62 428/487/62 431/488/62
f 431/488/35 428/487/35 426/489/35 432/490/35
f 432/490/63 426/489/63 422/491/63 429/492/63
f 423/493/64 427/494/64 425/495/64 421/496/64
f 428/487/65 424/497/65 422/498/65 426/489/65
f 425/495/63 432/490/63 429/492/63 421/499/63
f 427/494/35 431/488/35 432/490/35 425/495/35
f 423/500/66 430/486/66 431/488/66 427/494/66
f 421/501/51 429/483/51 430/486/51 423/500/51
s 1
f 443/502/37 442/503/36 474/504/36 475/505/37
s 0
f 219/310/58 218/309/58 518/506/58 519/507/58
f 457/508/60 458/229/60 554/232/60 553/509/60
f 218/309/58 217/234/58 517/510/58 518/506/58
f 456/511/60 457/508/60 553/509/60 552/512/60
f 217/234/58 216/233/58 516/513/58 517/510/58
f 455/514/60 456/511/60 552/512/60 551/515/60
f 216/233/58 215/240/58 515/516/58 516/513/58
f 454/517/60 455/514/60 551/515/60 550/518/60
f 215/240/58 214/244/58 514/519/58 515/516/58
f 453/520/60 454/517/60 550/518/60 549/521/60
f 214/244/58 213/248/58 513/522/58 514/519/58
f 452/523/60 453/520/60 549/521/60 548/524/60
f 213/248/58 212/252/58 512/525/58 513/522/58
f 451/526/60 452/523/60 548/524/60 547/527/60
f 212/252/58 211/255/58 511/528/58 512/525/58
f 450/529/60 451/526/60 547/527/60 546/530/60
f 211/255/58 210/258/58 510/531/58 511/528/58
f 449/532/60 450/529/60 546/530/60 545/533/60
f 210/258/58 209/261/58 509/534/58 510/531/58
f 448/535/60 449/532/60 545/533/60 544/536/60
f 209/261/58 208/264/58 508/537/58 509/534/58
f 447/538/60 448/535/60 544/536/60 543/539/60
f 208/264/58 207/267/58 507/540/58 508/537/58
f 446/541/60 447/538/60 543/539/60 542/542/60
f 207/267/58 206/270/58 506/543/58 507/540/58
f 445/544/60 446/541/60 542/542/60 541/545/60
f 206/270/58 205/273/58 505/546/58 506/543/58
f 444/547/60 445/544/60 541/545/60 540/548/60
f 205/273/58 204/276/58 504/549/58 505/546/58
f 443/502/60 444/547/60 540/548/60 539/550/60
f 204/276/58 203/326/58 503/551/58 504/549/58
f 465/552/58 466/553/58 496/554/58 495/555/58 494/556/58 493/557/58 492/558/58 491/559/58 490/560/58 489/561/58 488/562/58 487/563/58 486/564/58 485/565/58 484/566/58 483/567/58 482/568/58 481/569/58 480/570/58 479/571/58 478/572/58 477/573/58 476/574/58 475/505/58 474/504/58 473/575/58 472/576/58 471/577/58 470/578/58 469/579/58 468/580/58 467/581/58
s 1
f 457/508/51 456/511/50 488/562/50 489/561/51
f 444/547/38 443/502/37 475/505/37 476/574/38
f 458/229/52 457/508/51 489/561/51 490/560/52
f 445/544/39 444/547/38 476/574/38 477/573/39
f 459/230/53 458/229/52 490/560/52 491/559/53
f 446/541/40 445/544/39 477/573/39 478/572/40
f 460/582/54 459/230/53 491/559/53 492/558/54
f 447/538/41 446/541/40 478/572/40 479/571/41
f 433/583/28 434/584/27 466/553/27 465/552/28
f 461/585/55 460/582/54 492/558/54 493/557/55
f 448/535/42 447/538/41 479/571/41 480/570/42
f 435/586/29 433/583/28 465/552/28 467/581/29
f 462/587/56 461/585/55 493/557/55 494/556/56
f 449/532/43 448/535/42 480/570/42 481/569/43
f 436/588/30 435/586/29 467/581/29 468/580/30
f 463/589/57 462/587/56 494/556/56 495/555/57
f 450/529/44 449/532/43 481/569/43 482/568/44
f 437/590/31 436/588/30 468/580/30 469/579/31
f 464/591/59 463/589/57 495/555/57 496/554/59
f 451/526/45 450/529/44 482/568/44 483/567/45
f 438/592/32 437/590/31 469/579/31 470/578/32
f 434/584/27 464/591/59 496/554/59 466/553/27
f 452/523/46 451/526/45 483/567/45 484/566/46
f 439/593/33 438/592/32 470/578/32 471/577/33
f 453/520/47 452/523/46 484/566/46 485/565/47
f 440/594/34 439/593/33 471/577/33 472/576/34
f 454/517/48 453/520/47 485/565/47 486/564/48
f 441/595/35 440/594/34 472/576/34 473/575/35
f 455/514/49 454/517/48 486/564/48 487/563/49
f 442/503/36 441/595/35 473/575/35 474/504/36
f 456/511/50 455/514/49 487/563/49 488/562/50
f 506/543/36 505/546/35 537/596/35 538/597/36
f 520/598/50 519/507/49 551/515/49 552/512/50
f 507/540/37 506/543/36 538/597/36 539/550/37
f 521/599/51 520/598/50 552/512/50 553/509/51
f 508/537/38 507/540/37 539/550/37 540/548/38
f 522/600/52 521/599/51 553/509/51 554/232/52
f 509/534/39 508/537/38 540/548/38 541/545/39
f 523/601/53 522/600/52 554/232/52 555/231/53
f 510/531/40 509/534/39 541/545/39 542/542/40
f 524/602/54 523/601/53 555/231/53 556/603/54
f 511/528/41 510/531/40 542/542/40 543/539/41
f 497/604/28 498/605/27 530/606/27 529/607/28
f 525/608/55 524/602/54 556/603/54 557/609/55
f 512/525/42 511/528/41 543/539/41 544/536/42
f 499/610/29 497/604/28 529/607/28 531/611/29
f 526/612/56 525/608/55 557/609/55 558/613/56
f 513/522/43 512/525/42 544/536/42 545/533/43
f 500/614/30 499/610/29 531/611/29 532/615/30
f 527/616/57 526/612/56 558/613/56 559/617/57
f 514/519/44 513/522/43 545/533/43 546/530/44
f 501/618/31 500/614/30 532/615/30 533/619/31
f 528/620/59 527/616/57 559/617/57 560/621/59
f 515/516/45 514/519/44 546/530/44 547/527/45
f 502/622/32 501/618/31 533/619/31 534/623/32
f 498/605/27 528/620/59 560/621/59 530/606/27
f 516/513/46 515/516/45 547/527/45 548/524/46
f 503/551/33 502/622/32 534/623/32 535/624/33
f 517/510/47 516/513/46 548/524/46 549/521/47
f 504/549/34 503/551/33 535/624/33 536/625/34
f 518/506/48 517/510/47 549/521/47 550/518/48
f 505/546/35 504/549/34 536/625/34 537/596/35
f 519/507/49 518/506/48 550/518/48 551/515/49
s 0
f 220/311/58 219/310/58 519/507/58 520/598/58
f 459/230/60 460/582/60 556/603/60 555/231/60
f 434/584/60 433/583/60 529/607/60 530/606/60
f 221/312/58 220/311/58 520/598/58 521/599/58
f 460/582/60 461/585/60 557/609/60 556/603/60
f 433/583/60 435/586/60 531/611/60 529/607/60
f 222/313/58 221/312/58 521/599/58 522/600/58
f 461/585/60 462/587/60 558/613/60 557/609/60
f 435/586/60 436/588/60 532/615/60 531/611/60
f 223/314/58 222/313/58 522/600/58 523/601/58
f 462/587/60 463/589/60 559/617/60 558/613/60
f 436/588/60 437/590/60 533/619/60 532/615/60
f 224/315/58 223/314/58 523/601/58 524/602/58
f 197/317/58 198/316/58 498/605/58 497/604/58
f 463/589/60 464/591/60 560/621/60 559/617/60
f 437/590/60 438/592/60 534/623/60 533/619/60
f 225/318/58 224/315/58 524/602/58 525/608/58
f 199/319/58 197/317/58 497/604/58 499/610/58
f 464/591/60 434/584/60 530/606/60 560/621/60
f 438/592/60 439/593/60 535/624/60 534/623/60
f 226/320/58 225/318/58 525/608/58 526/612/58
f 200/321/58 199/319/58 499/610/58 500/614/58
f 439/593/60 440/594/60 536/625/60 535/624/60
f 227/322/58 226/320/58 526/612/58 527/616/58
f 201/323/58 200/321/58 500/614/58 501/618/58
f 440/594/60 441/595/60 537/596/60 536/625/60
f 228/324/58 227/322/58 527/616/58 528/620/58
f 202/325/58 201/323/58 501/618/58 502/622/58
f 441/595/60 442/503/60 538/597/60 537/596/60
f 198/316/58 228/324/58 528/620/58 498/605/58
f 203/326/58 202/325/58 502/622/58 503/551/58
f 442/503/60 443/502/60 539/550/60 538/597/60
f 567/626/67 568/627/67 561/628/67 562/629/67
f 569/630/68 570/631/68 574/632/68 573/633/68
f 572/634/69 571/635/69 573/633/69 574/632/69
f 566/636/70 569/630/70 573/633/70 571/635/70
f 565/637/71 566/636/71 571/635/71 572/634/71
f 570/638/72 565/639/72 572/640/72 574/641/72
f 564/642/70 566/636/70 575/643/70 576/644/70
f 575/643/69 577/645/69 581/646/69 579/647/69
f 566/636/69 565/637/69 577/645/69 575/643/69
f 565/639/72 563/648/72 578/649/72 577/650/72
f 563/651/73 564/642/73 576/644/73 578/652/73
f 577/650/72 578/649/72 582/653/72 581/654/72
f 582/653/74 578/649/74 584/655/74 586/656/74
f 576/644/70 575/643/70 579/647/70 580/657/70
f 583/658/64 585/659/64 589/660/64 587/661/64
f 580/657/75 582/662/75 586/663/75 585/659/75
f 576/644/76 580/657/76 585/659/76 583/658/76
f 578/652/77 576/644/77 583/658/77 584/664/77
f 589/660/75 590/665/75 594/666/75 593/667/75
f 585/659/64 586/663/64 590/665/64 589/660/64
f 586/656/64 584/655/64 588/668/64 590/669/64
f 584/664/64 583/658/64 587/661/64 588/670/64
f 592/671/65 591/672/65 593/667/65 594/666/65
f 590/669/74 588/668/74 592/673/74 594/674/74
f 588/670/77 587/661/77 591/672/77 592/671/77
f 587/661/76 589/660/76 593/667/76 591/672/76
f 595/675/78 596/676/78 597/677/78
f 598/678/79 599/679/79 600/680/79
f 601/681/80 602/682/80 603/683/80
f 604/684/81 605/685/81 606/686/81
f 598/687/82 596/676/82 595/675/82 599/688/82
f 601/689/83 605/685/83 604/684/83 602/690/83
f 597/677/70 596/676/70 580/657/70 579/647/70 604/684/70 606/686/70
f 606/686/84 605/685/84 567/626/84 562/629/84 595/675/84 597/677/84
f 598/687/85 582/662/85 580/657/85 596/676/85
f 599/688/86 595/675/86 562/629/86 561/628/86
f 598/678/72 600/680/72 603/683/72 602/682/72 581/654/72 582/653/72
f 568/691/87 601/681/87 603/683/87 600/680/87 599/679/87 561/692/87
f 601/689/88 568/627/88 567/626/88 605/685/88
f 602/690/89 604/684/89 579/647/89 581/646/89
f 607/693/90 610/694/90 609/695/90 608/696/90
f 566/636/70 564/642/70 607/693/70 608/696/70 569/630/70
f 570/631/68 569/630/68 608/696/68 609/695/68
f 564/642/73 563/651/73 610/694/73 607/693/73
f 563/648/72 565/639/72 570/638/72 609/697/72 610/698/72
s 1
f 867/63/91 612/64/91 614/65/92 868/66/92
f 868/66/92 614/65/92 616/67/93 869/68/93
f 869/68/93 616/67/93 618/69/94 870/70/94
f 870/70/94 618/69/94 620/71/95 871/72/95
f 871/72/95 620/71/95 622/73/96 872/74/96
f 872/74/96 622/73/96 624/75/97 873/76/97
f 873/76/97 624/75/97 626/77/98 874/78/98
f 874/78/98 626/77/98 628/79/99 875/80/99
f 875/80/99 628/79/99 630/81/100 876/82/100
f 876/82/100 630/81/100 632/83/101 877/84/101
f 877/84/101 632/83/101 634/85/102 878/86/102
f 878/86/102 634/85/102 636/87/103 879/88/103
f 879/88/103 636/87/103 638/89/104 880/90/104
f 880/90/104 638/89/104 640/91/105 881/92/105
f 881/92/105 640/91/105 642/93/106 882/94/106
f 882/94/106 642/93/106 644/95/107 883/96/107
f 883/96/107 644/95/107 646/97/108 884/98/108
f 884/98/108 646/97/108 648/99/109 885/100/109
f 885/100/109 648/99/109 650/101/110 886/102/110
f 886/102/110 650/101/110 652/103/111 887/104/111
f 887/104/111 652/103/111 654/105/112 888/106/112
f 888/106/112 654/105/112 656/107/113 889/108/113
f 889/108/113 656/107/113 658/109/114 890/110/114
f 890/110/114 658/109/114 660/111/63 891/112/63
f 891/112/63 660/111/63 662/113/115 892/114/115
f 892/114/115 662/113/115 664/115/116 893/116/116
f 893/116/116 664/115/116 666/117/117 894/118/117
f 894/118/117 666/117/117 668/119/118 895/120/118
f 895/120/118 668/119/118 670/121/119 896/122/119
f 896/122/119 670/121/119 672/123/120 897/124/120
s 0
f 632/83/121 630/81/121 684/125/121 685/126/121
s 1
f 897/124/120 672/123/120 674/127/122 898/128/122
f 898/128/122 674/127/122 612/64/91 867/63/91
f 667/129/118 669/130/119 992/131/119 991/132/118
f 689/133/105 688/134/104 720/135/104 721/136/105
s 0
f 650/101/121 648/99/121 693/137/121 694/138/121
f 668/119/121 666/117/121 702/139/121 703/140/121
f 624/75/121 622/73/121 680/141/121 681/142/121
f 642/93/121 640/91/121 689/133/121 690/143/121
f 660/111/121 658/109/121 698/144/121 699/145/121
f 616/67/121 614/65/121 675/146/121 677/147/121
f 634/85/121 632/83/121 685/126/121 686/148/121
f 652/103/121 650/101/121 694/138/121 695/149/121
f 670/121/121 668/119/121 703/140/121 704/150/121
f 626/77/121 624/75/121 681/142/121 682/151/121
f 644/95/121 642/93/121 690/143/121 691/152/121
f 662/113/121 660/111/121 699/145/121 700/153/121
f 618/69/121 616/67/121 677/147/121 678/154/121
f 636/87/121 634/85/121 686/148/121 687/155/121
f 654/105/121 652/103/121 695/149/121 696/156/121
f 672/123/121 670/121/121 704/150/121 705/157/121
f 628/79/121 626/77/121 682/151/121 683/158/121
f 646/97/121 644/95/121 691/152/121 692/159/121
f 664/115/121 662/113/121 700/153/121 701/160/121
f 620/71/121 618/69/121 678/154/121 679/161/121
f 638/89/121 636/87/121 687/155/121 688/134/121
f 656/107/121 654/105/121 696/156/121 697/162/121
f 674/127/121 672/123/121 705/157/121 706/163/121
f 630/81/121 628/79/121 683/158/121 684/125/121
f 648/99/121 646/97/121 692/159/121 693/137/121
f 666/117/121 664/115/121 701/160/121 702/139/121
f 622/73/121 620/71/121 679/161/121 680/141/121
f 640/91/121 638/89/121 688/134/121 689/133/121
f 658/109/121 656/107/121 697/162/121 698/144/121
f 614/65/121 612/64/121 676/164/121 675/146/121
f 612/64/121 674/127/121 706/163/121 676/164/121
f 724/165/121 723/166/121 755/167/121 756/168/121
s 1
f 675/146/92 676/164/91 708/169/91 707/170/92
f 703/140/118 702/139/117 734/171/117 735/172/118
f 690/143/106 689/133/105 721/136/105 722/173/106
f 677/147/93 675/146/92 707/170/92 709/174/93
f 704/150/119 703/140/118 735/172/118 736/175/119
f 691/152/107 690/143/106 722/173/106 723/166/107
f 678/154/94 677/147/93 709/174/93 710/176/94
f 705/157/120 704/150/119 736/175/119 737/177/120
f 692/159/108 691/152/107 723/166/107 724/165/108
f 679/161/95 678/154/94 710/176/94 711/178/95
f 706/163/122 705/157/120 737/177/120 738/179/122
f 693/137/109 692/159/108 724/165/108 725/180/109
f 680/141/96 679/161/95 711/178/95 712/181/96
f 676/164/91 706/163/122 738/179/122 708/169/91
f 694/138/110 693/137/109 725/180/109 726/182/110
f 681/142/97 680/141/96 712/181/96 713/183/97
f 695/149/111 694/138/110 726/182/110 727/184/111
f 682/151/98 681/142/97 713/183/97 714/185/98
f 696/156/112 695/149/111 727/184/111 728/186/112
f 683/158/99 682/151/98 714/185/98 715/187/99
f 697/162/113 696/156/112 728/186/112 729/188/113
f 684/125/100 683/158/99 715/187/99 716/189/100
f 698/144/114 697/162/113 729/188/113 730/190/114
f 685/126/101 684/125/100 716/189/100 717/191/101
f 699/145/63 698/144/114 730/190/114 731/192/63
f 686/148/102 685/126/101 717/191/101 718/193/102
f 700/153/115 699/145/63 731/192/63 732/194/115
f 687/155/103 686/148/102 718/193/102 719/195/103
f 701/160/116 700/153/115 732/194/115 733/196/116
f 688/134/104 687/155/103 719/195/103 720/135/104
f 702/139/117 701/160/116 733/196/116 734/171/117
f 740/197/107 770/198/106 834/199/106 804/200/107
s 0
f 711/178/121 710/176/121 742/201/121 743/202/121
f 738/179/121 737/177/121 769/203/121 770/198/121
f 725/180/121 724/165/121 756/168/121 757/204/121
f 712/181/121 711/178/121 743/202/121 744/205/121
f 708/169/121 738/179/121 770/198/121 740/197/121
f 726/182/121 725/180/121 757/204/121 758/206/121
f 713/183/121 712/181/121 744/205/121 745/207/121
f 727/184/121 726/182/121 758/206/121 759/208/121
f 714/185/121 713/183/121 745/207/121 746/209/121
f 728/186/121 727/184/121 759/208/121 760/210/121
f 715/187/121 714/185/121 746/209/121 747/211/121
f 729/188/121 728/186/121 760/210/121 761/212/121
f 716/189/121 715/187/121 747/211/121 748/213/121
f 730/190/121 729/188/121 761/212/121 762/214/121
f 717/191/121 716/189/121 748/213/121 749/215/121
f 731/192/121 730/190/121 762/214/121 763/216/121
f 718/193/121 717/191/121 749/215/121 750/217/121
f 732/194/121 731/192/121 763/216/121 764/218/121
f 719/195/121 718/193/121 750/217/121 751/219/121
f 733/196/121 732/194/121 764/218/121 765/220/121
f 720/135/121 719/195/121 751/219/121 752/221/121
f 734/171/121 733/196/121 765/220/121 766/222/121
f 721/136/121 720/135/121 752/221/121 753/223/121
f 707/170/121 708/169/121 740/197/121 739/224/121
f 735/172/121 734/171/121 766/222/121 767/225/121
f 722/173/121 721/136/121 753/223/121 754/226/121
f 709/174/121 707/170/121 739/224/121 741/227/121
f 736/175/121 735/172/121 767/225/121 768/228/121
f 723/166/121 722/173/121 754/226/121 755/167/121
f 710/176/121 709/174/121 741/227/121 742/201/121
f 737/177/121 736/175/121 768/228/121 769/203/121
f 1032/229/123 1033/230/123 1129/231/123 1128/232/123
s 1
f 790/233/110 791/234/111 855/235/111 854/236/110
f 744/205/112 743/202/111 807/237/111 808/238/112
f 770/198/106 769/203/105 833/239/105 834/199/106
f 789/240/109 790/233/110 854/236/110 853/241/109
f 743/202/111 742/201/110 806/242/110 807/237/111
f 769/203/105 768/228/104 832/243/104 833/239/105
f 788/244/108 789/240/109 853/241/109 852/245/108
f 742/201/110 741/227/109 805/246/109 806/242/110
f 768/228/104 767/225/103 831/247/103 832/243/104
f 787/248/107 788/244/108 852/245/108 851/249/107
f 741/227/109 739/224/108 803/250/108 805/246/109
f 767/225/103 766/222/102 830/251/102 831/247/103
f 786/252/106 787/248/107 851/249/107 850/253/106
f 739/224/108 740/197/107 804/200/107 803/250/108
f 766/222/102 765/220/101 829/254/101 830/251/102
f 785/255/105 786/252/106 850/253/106 849/256/105
f 765/220/101 764/218/100 828/257/100 829/254/101
f 784/258/104 785/255/105 849/256/105 848/259/104
f 764/218/100 763/216/99 827/260/99 828/257/100
f 783/261/103 784/258/104 848/259/104 847/262/103
f 763/216/99 762/214/98 826/263/98 827/260/99
f 782/264/102 783/261/103 847/262/103 846/265/102
f 762/214/98 761/212/97 825/266/97 826/263/98
f 781/267/101 782/264/102 846/265/102 845/268/101
f 761/212/97 760/210/96 824/269/96 825/266/97
f 780/270/100 781/267/101 845/268/101 844/271/100
f 760/210/96 759/208/95 823/272/95 824/269/96
f 779/273/99 780/270/100 844/271/100 843/274/99
f 759/208/95 758/206/94 822/275/94 823/272/95
f 778/276/98 779/273/99 843/274/99 842/277/98
f 758/206/94 757/204/93 821/278/93 822/275/94
s 0
f 823/272/121 822/275/121 854/236/121 855/235/121
f 810/279/121 809/280/121 841/281/121 842/277/121
f 824/269/121 823/272/121 855/235/121 856/282/121
f 811/283/121 810/279/121 842/277/121 843/274/121
f 825/266/121 824/269/121 856/282/121 857/284/121
f 812/285/121 811/283/121 843/274/121 844/271/121
f 826/263/121 825/266/121 857/284/121 858/286/121
f 813/287/121 812/285/121 844/271/121 845/268/121
f 827/260/121 826/263/121 858/286/121 859/288/121
f 814/289/121 813/287/121 845/268/121 846/265/121
f 828/257/121 827/260/121 859/288/121 860/290/121
f 815/291/121 814/289/121 846/265/121 847/262/121
f 829/254/121 828/257/121 860/290/121 861/292/121
f 816/293/121 815/291/121 847/262/121 848/259/121
f 830/251/121 829/254/121 861/292/121 862/294/121
f 817/295/121 816/293/121 848/259/121 849/256/121
f 803/250/121 804/200/121 836/296/121 835/297/121
f 831/247/121 830/251/121 862/294/121 863/298/121
f 818/299/121 817/295/121 849/256/121 850/253/121
f 805/246/121 803/250/121 835/297/121 837/300/121
f 832/243/121 831/247/121 863/298/121 864/301/121
f 819/302/121 818/299/121 850/253/121 851/249/121
f 806/242/121 805/246/121 837/300/121 838/303/121
f 833/239/121 832/243/121 864/301/121 865/304/121
f 820/305/121 819/302/121 851/249/121 852/245/121
f 807/237/121 806/242/121 838/303/121 839/306/121
f 834/199/121 833/239/121 865/304/121 866/307/121
f 821/278/121 820/305/121 852/245/121 853/241/121
f 808/238/121 807/237/121 839/306/121 840/308/121
f 804/200/121 834/199/121 866/307/121 836/296/121
f 822/275/121 821/278/121 853/241/121 854/236/121
f 809/280/121 808/238/121 840/308/121 841/281/121
s 1
f 745/207/113 744/205/112 808/238/112 809/280/113
f 791/234/111 792/309/112 856/282/112 855/235/111
f 746/209/114 745/207/113 809/280/113 810/279/114
f 792/309/112 793/310/113 857/284/113 856/282/112
f 747/211/63 746/209/114 810/279/114 811/283/63
f 793/310/113 794/311/114 858/286/114 857/284/113
f 748/213/115 747/211/63 811/283/63 812/285/115
f 794/311/114 795/312/63 859/288/63 858/286/114
f 749/215/116 748/213/115 812/285/115 813/287/116
f 795/312/63 796/313/115 860/290/115 859/288/63
f 750/217/117 749/215/116 813/287/116 814/289/117
f 796/313/115 797/314/116 861/292/116 860/290/115
f 751/219/118 750/217/117 814/289/117 815/291/118
f 797/314/116 798/315/117 862/294/117 861/292/116
f 772/316/91 771/317/92 835/297/92 836/296/91
f 752/221/119 751/219/118 815/291/118 816/293/119
f 798/315/117 799/318/118 863/298/118 862/294/117
f 771/317/92 773/319/93 837/300/93 835/297/92
f 753/223/120 752/221/119 816/293/119 817/295/120
f 799/318/118 800/320/119 864/301/119 863/298/118
f 773/319/93 774/321/94 838/303/94 837/300/93
f 754/226/122 753/223/120 817/295/120 818/299/122
f 800/320/119 801/322/120 865/304/120 864/301/119
f 774/321/94 775/323/95 839/306/95 838/303/94
f 755/167/91 754/226/122 818/299/122 819/302/91
f 801/322/120 802/324/122 866/307/122 865/304/120
f 775/323/95 776/325/96 840/308/96 839/306/95
f 756/168/92 755/167/91 819/302/91 820/305/92
f 802/324/122 772/316/91 836/296/91 866/307/122
f 776/325/96 777/326/97 841/281/97 840/308/96
f 757/204/93 756/168/92 820/305/92 821/278/93
f 777/326/97 778/276/98 842/277/98 841/281/97
s 0
f 895/327/121 896/328/121 957/329/121 955/330/121
f 869/331/121 870/332/121 905/333/121 903/334/121
f 641/335/123 639/336/123 926/337/123 928/338/123
f 896/328/121 897/339/121 959/340/121 957/329/121
f 623/341/123 621/342/123 908/343/123 910/344/123
f 870/332/121 871/345/121 907/346/121 905/333/121
f 611/347/123 673/348/123 960/349/123 899/350/123
f 897/339/121 898/351/121 961/352/121 959/340/121
f 871/345/121 872/353/121 909/354/121 907/346/121
f 657/355/123 655/356/123 942/357/123 944/358/123
f 898/351/121 867/359/121 962/360/121 961/352/121
f 872/353/121 873/361/121 911/362/121 909/354/121
f 639/336/123 637/363/123 924/364/123 926/337/123
f 621/342/123 619/365/123 906/366/123 908/343/123
f 873/361/121 874/367/121 913/368/121 911/362/121
f 673/348/123 671/369/123 958/370/123 960/349/123
f 874/367/121 875/371/121 915/372/121 913/368/121
f 655/356/123 653/373/123 940/374/123 942/357/123
f 875/371/121 876/375/121 917/376/121 915/372/121
f 637/363/123 635/377/123 922/378/123 924/364/123
f 619/365/123 617/379/123 904/380/123 906/366/123
f 876/375/121 877/381/121 919/382/121 917/376/121
f 671/369/123 669/130/123 956/383/123 958/370/123
f 877/381/121 878/384/121 921/385/121 919/382/121
f 653/373/123 651/386/123 938/387/123 940/374/123
f 878/384/121 879/388/121 923/389/121 921/385/121
f 635/377/123 633/390/123 920/391/123 922/378/123
f 617/379/123 615/392/123 902/393/123 904/380/123
f 879/388/121 880/394/121 925/395/121 923/389/121
f 669/130/123 667/129/123 954/396/123 956/383/123
f 880/394/121 881/397/121 927/398/121 925/395/121
f 651/386/123 649/399/123 936/400/123 938/387/123
s 1
f 960/349/122 961/352/122 962/360/91 899/350/91
f 958/370/120 959/340/120 961/352/122 960/349/122
f 956/383/119 957/329/119 959/340/120 958/370/120
f 954/396/118 955/330/118 957/329/119 956/383/119
f 952/401/117 953/402/117 955/330/118 954/396/118
f 950/403/116 951/404/116 953/402/117 952/401/117
f 948/405/115 949/406/115 951/404/116 950/403/116
f 946/407/63 947/408/63 949/406/115 948/405/115
f 944/358/114 945/409/114 947/408/63 946/407/63
f 942/357/113 943/410/113 945/409/114 944/358/114
f 940/374/112 941/411/112 943/410/113 942/357/113
f 938/387/111 939/412/111 941/411/112 940/374/112
f 936/400/110 937/413/110 939/412/111 938/387/111
f 934/414/109 935/415/109 937/413/110 936/400/110
f 932/416/108 933/417/108 935/415/109 934/414/109
f 930/418/107 931/419/107 933/417/108 932/416/108
f 928/338/106 929/420/106 931/419/107 930/418/107
f 926/337/105 927/398/105 929/420/106 928/338/106
f 924/364/104 925/395/104 927/398/105 926/337/105
f 922/378/103 923/389/103 925/395/104 924/364/104
f 920/391/102 921/385/102 923/389/103 922/378/103
f 918/421/101 919/382/101 921/385/102 920/391/102
f 916/422/100 917/376/100 919/382/101 918/421/101
f 914/423/99 915/372/99 917/376/100 916/422/100
f 912/424/98 913/368/98 915/372/99 914/423/99
f 910/344/97 911/362/97 913/368/98 912/424/98
f 908/343/96 909/354/96 911/362/97 910/344/97
f 906/366/95 907/346/95 909/354/96 908/343/96
f 904/380/94 905/333/94 907/346/95 906/366/95
f 902/393/93 903/334/93 905/333/94 904/380/94
f 900/425/92 901/426/92 903/334/93 902/393/93
f 899/350/91 962/360/91 901/426/92 900/425/92
s 0
f 659/427/123 657/355/123 944/358/123 946/407/123
f 868/428/121 869/331/121 903/334/121 901/426/121
f 894/429/121 895/327/121 955/330/121 953/402/121
f 867/359/121 868/428/121 901/426/121 962/360/121
f 625/430/123 623/341/123 910/344/123 912/424/123
f 893/431/121 894/429/121 953/402/121 951/404/121
f 643/432/123 641/335/123 928/338/123 930/418/123
f 892/433/121 893/431/121 951/404/121 949/406/121
f 661/434/123 659/427/123 946/407/123 948/405/123
f 891/435/121 892/433/121 949/406/121 947/408/121
f 627/436/123 625/430/123 912/424/123 914/423/123
f 890/437/121 891/435/121 947/408/121 945/409/121
f 645/438/123 643/432/123 930/418/123 932/416/123
f 889/439/121 890/437/121 945/409/121 943/410/121
f 663/440/123 661/434/123 948/405/123 950/403/123
f 888/441/121 889/439/121 943/410/121 941/411/121
f 629/442/123 627/436/123 914/423/123 916/422/123
f 887/443/121 888/441/121 941/411/121 939/412/121
f 647/444/123 645/438/123 932/416/123 934/414/123
f 886/445/121 887/443/121 939/412/121 937/413/121
f 613/446/123 611/347/123 899/350/123 900/425/123
f 665/447/123 663/440/123 950/403/123 952/401/123
f 885/448/121 886/445/121 937/413/121 935/415/121
f 631/449/123 629/442/123 916/422/123 918/421/123
f 884/450/121 885/448/121 935/415/121 933/417/121
f 649/399/123 647/444/123 934/414/123 936/400/123
f 883/451/121 884/450/121 933/417/121 931/419/121
f 667/129/123 665/447/123 952/401/123 954/396/123
f 882/452/121 883/451/121 931/419/121 929/420/121
f 615/392/123 613/446/123 900/425/123 902/393/123
f 633/390/123 631/449/123 918/421/123 920/391/123
f 881/397/121 882/452/121 929/420/121 927/398/121
f 963/453/123 964/454/123 965/455/123 966/456/123 967/457/123 968/458/123 969/459/123 970/460/123 971/461/123 972/462/123 973/463/123 974/464/123 975/465/123 976/466/123 977/467/123 978/468/123 979/469/123 980/470/123 981/471/123 982/472/123 983/473/123 984/474/123 985/475/123 986/476/123 987/477/123 988/478/123 989/479/123 990/480/123 991/132/123 992/131/123 993/481/123 994/482/123
s 1
f 623/341/97 625/430/98 970/460/98 969/459/97
f 641/335/106 643/432/107 979/469/107 978/468/106
f 659/427/63 661/434/115 988/478/115 987/477/63
f 615/392/93 617/379/94 966/456/94 965/455/93
f 633/390/102 635/377/103 975/465/103 974/464/102
f 651/386/111 653/373/112 984/474/112 983/473/111
f 669/130/119 671/369/120 993/481/120 992/131/119
f 625/430/98 627/436/99 971/461/99 970/460/98
f 643/432/107 645/438/108 980/470/108 979/469/107
f 661/434/115 663/440/116 989/479/116 988/478/115
f 617/379/94 619/365/95 967/457/95 966/456/94
f 635/377/103 637/363/104 976/466/104 975/465/103
f 653/373/112 655/356/113 985/475/113 984/474/112
f 671/369/120 673/348/122 994/482/122 993/481/120
f 627/436/99 629/442/100 972/462/100 971/461/99
f 645/438/108 647/444/109 981/471/109 980/470/108
f 663/440/116 665/447/117 990/480/117 989/479/116
f 619/365/95 621/342/96 968/458/96 967/457/95
f 637/363/104 639/336/105 977/467/105 976/466/104
f 655/356/113 657/355/114 986/476/114 985/475/113
f 611/347/91 613/446/92 964/454/92 963/453/91
f 673/348/122 611/347/91 963/453/91 994/482/122
f 629/442/100 631/449/101 973/463/101 972/462/100
f 647/444/109 649/399/110 982/472/110 981/471/109
f 665/447/117 667/129/118 991/132/118 990/480/117
f 621/342/96 623/341/97 969/459/97 968/458/96
f 639/336/105 641/335/106 978/468/106 977/467/105
f 657/355/114 659/427/63 987/477/63 986/476/114
f 613/446/92 615/392/93 965/455/93 964/454/92
f 631/449/101 633/390/102 974/464/102 973/463/101
f 649/399/110 651/386/111 983/473/111 982/472/110
s 0
f 1003/483/63 996/484/63 998/485/63 1004/486/63
f 1004/486/124 998/485/124 1002/487/124 1005/488/124
f 1005/488/99 1002/487/99 1000/489/99 1006/490/99
f 1006/490/35 1000/489/35 996/491/35 1003/492/35
f 997/493/64 1001/494/64 999/495/64 995/496/64
f 1002/487/65 998/497/65 996/498/65 1000/489/65
f 999/495/35 1006/490/35 1003/492/35 995/499/35
f 1001/494/99 1005/488/99 1006/490/99 999/495/99
f 997/500/125 1004/486/125 1005/488/125 1001/494/125
f 995/501/63 1003/483/63 1004/486/63 997/500/63
s 1
f 1017/502/101 1016/503/100 1048/504/100 1049/505/101
s 0
f 793/310/121 792/309/121 1092/506/121 1093/507/121
f 1031/508/123 1032/229/123 1128/232/123 1127/509/123
f 792/309/121 791/234/121 1091/510/121 1092/506/121
f 1030/511/123 1031/508/123 1127/509/123 1126/512/123
f 791/234/121 790/233/121 1090/513/121 1091/510/121
f 1029/514/123 1030/511/123 1126/512/123 1125/515/123
f 790/233/121 789/240/121 1089/516/121 1090/513/121
f 1028/517/123 1029/514/123 1125/515/123 1124/518/123
f 789/240/121 788/244/121 1088/519/121 1089/516/121
f 1027/520/123 1028/517/123 1124/518/123 1123/521/123
f 788/244/121 787/248/121 1087/522/121 1088/519/121
f 1026/523/123 1027/520/123 1123/521/123 1122/524/123
f 787/248/121 786/252/121 1086/525/121 1087/522/121
f 1025/526/123 1026/523/123 1122/524/123 1121/527/123
f 786/252/121 785/255/121 1085/528/121 1086/525/121
f 1024/529/123 1025/526/123 1121/527/123 1120/530/123
f 785/255/121 784/258/121 1084/531/121 1085/528/121
f 1023/532/123 1024/529/123 1120/530/123 1119/533/123
f 784/258/121 783/261/121 1083/534/121 1084/531/121
f 1022/535/123 1023/532/123 1119/533/123 1118/536/123
f 783/261/121 782/264/121 1082/537/121 1083/534/121
f 1021/538/123 1022/535/123 1118/536/123 1117/539/123
f 782/264/121 781/267/121 1081/540/121 1082/537/121
f 1020/541/123 1021/538/123 1117/539/123 1116/542/123
f 781/267/121 780/270/121 1080/543/121 1081/540/121
f 1019/544/123 1020/541/123 1116/542/123 1115/545/123
f 780/270/121 779/273/121 1079/546/121 1080/543/121
f 1018/547/123 1019/544/123 1115/545/123 1114/548/123
f 779/273/121 778/276/121 1078/549/121 1079/546/121
f 1017/502/123 1018/547/123 1114/548/123 1113/550/123
f 778/276/121 777/326/121 1077/551/121 1078/549/121
f 1039/552/121 1040/553/121 1070/554/121 1069/555/121 1068/556/121 1067/557/121 1066/558/121 1065/559/121 1064/560/121 1063/561/121 1062/562/121 1061/563/121 1060/564/121 1059/565/121 1058/566/121 1057/567/121 1056/568/121 1055/569/121 1054/570/121 1053/571/121 1052/572/121 1051/573/121 1050/574/121 1049/505/121 1048/504/121 1047/575/121 1046/576/121 1045/577/121 1044/578/121 1043/579/121 1042/580/121 1041/581/121
s 1
f 1031/508/63 1030/511/114 1062/562/114 1063/561/63
f 1018/547/102 1017/502/101 1049/505/101 1050/574/102
f 1032/229/115 1031/508/63 1063/561/63 1064/560/115
f 1019/544/103 1018/547/102 1050/574/102 1051/573/103
f 1033/230/116 1032/229/115 1064/560/115 1065/559/116
f 1020/541/104 1019/544/103 1051/573/103 1052/572/104
f 1034/582/117 1033/230/116 1065/559/116 1066/558/117
f 1021/538/105 1020/541/104 1052/572/104 1053/571/105
f 1007/583/92 1008/584/91 1040/553/91 1039/552/92
f 1035/585/118 1034/582/117 1066/558/117 1067/557/118
f 1022/535/106 1021/538/105 1053/571/105 1054/570/106
f 1009/586/93 1007/583/92 1039/552/92 1041/581/93
f 1036/587/119 1035/585/118 1067/557/118 1068/556/119
f 1023/532/107 1022/535/106 1054/570/106 1055/569/107
f 1010/588/94 1009/586/93 1041/581/93 1042/580/94
f 1037/589/120 1036/587/119 1068/556/119 1069/555/120
f 1024/529/108 1023/532/107 1055/569/107 1056/568/108
f 1011/590/95 1010/588/94 1042/580/94 1043/579/95
f 1038/591/122 1037/589/120 1069/555/120 1070/554/122
f 1025/526/109 1024/529/108 1056/568/108 1057/567/109
f 1012/592/96 1011/590/95 1043/579/95 1044/578/96
f 1008/584/91 1038/591/122 1070/554/122 1040/553/91
f 1026/523/110 1025/526/109 1057/567/109 1058/566/110
f 1013/593/97 1012/592/96 1044/578/96 1045/577/97
f 1027/520/111 1026/523/110 1058/566/110 1059/565/111
f 1014/594/98 1013/593/97 1045/577/97 1046/576/98
f 1028/517/112 1027/520/111 1059/565/111 1060/564/112
f 1015/595/99 1014/594/98 1046/576/98 1047/575/99
f 1029/514/113 1028/517/112 1060/564/112 1061/563/113
f 1016/503/100 1015/595/99 1047/575/99 1048/504/100
f 1030/511/114 1029/514/113 1061/563/113 1062/562/114
f 1080/543/100 1079/546/99 1111/596/99 1112/597/100
f 1094/598/114 1093/507/113 1125/515/113 1126/512/114
f 1081/540/101 1080/543/100 1112/597/100 1113/550/101
f 1095/599/63 1094/598/114 1126/512/114 1127/509/63
f 1082/537/102 1081/540/101 1113/550/101 1114/548/102
f 1096/600/115 1095/599/63 1127/509/63 1128/232/115
f 1083/534/103 1082/537/102 1114/548/102 1115/545/103
f 1097/601/116 1096/600/115 1128/232/115 1129/231/116
f 1084/531/104 1083/534/103 1115/545/103 1116/542/104
f 1098/602/117 1097/601/116 1129/231/116 1130/603/117
f 1085/528/105 1084/531/104 1116/542/104 1117/539/105
f 1071/604/92 1072/605/91 1104/606/91 1103/607/92
f 1099/608/118 1098/602/117 1130/603/117 1131/609/118
f 1086/525/106 1085/528/105 1117/539/105 1118/536/106
f 1073/610/93 1071/604/92 1103/607/92 1105/611/93
f 1100/612/119 1099/608/118 1131/609/118 1132/613/119
f 1087/522/107 1086/525/106 1118/536/106 1119/533/107
f 1074/614/94 1073/610/93 1105/611/93 1106/615/94
f 1101/616/120 1100/612/119 1132/613/119 1133/617/120
f 1088/519/108 1087/522/107 1119/533/107 1120/530/108
f 1075/618/95 1074/614/94 1106/615/94 1107/619/95
f 1102/620/122 1101/616/120 1133/617/120 1134/621/122
f 1089/516/109 1088/519/108 1120/530/108 1121/527/109
f 1076/622/96 1075/618/95 1107/619/95 1108/623/96
f 1072/605/91 1102/620/122 1134/621/122 1104/606/91
f 1090/513/110 1089/516/109 1121/527/109 1122/524/110
f 1077/551/97 1076/622/96 1108/623/96 1109/624/97
f 1091/510/111 1090/513/110 1122/524/110 1123/521/111
f 1078/549/98 1077/551/97 1109/624/97 1110/625/98
f 1092/506/112 1091/510/111 1123/521/111 1124/518/112
f 1079/546/99 1078/549/98 1110/625/98 1111/596/99
f 1093/507/113 1092/506/112 1124/518/112 1125/515/113
s 0
f 794/311/121 793/310/121 1093/507/121 1094/598/121
f 1033/230/123 1034/582/123 1130/603/123 1129/231/123
f 1008/584/123 1007/583/123 1103/607/123 1104/606/123
f 795/312/121 794/311/121 1094/598/121 1095/599/121
f 1034/582/123 1035/585/123 1131/609/123 1130/603/123
f 1007/583/123 1009/586/123 1105/611/123 1103/607/123
f 796/313/121 795/312/121 1095/599/121 1096/600/121
f 1035/585/123 1036/587/123 1132/613/123 1131/609/123
f 1009/586/123 1010/588/123 1106/615/123 1105/611/123
f 797/314/121 796/313/121 1096/600/121 1097/601/121
f 1036/587/123 1037/589/123 1133/617/123 1132/613/123
f 1010/588/123 1011/590/123 1107/619/123 1106/615/123
f 798/315/121 797/314/121 1097/601/121 1098/602/121
f 771/317/121 772/316/121 1072/605/121 1071/604/121
f 1037/589/123 1038/591/123 1134/621/123 1133/617/123
f 1011/590/123 1012/592/123 1108/623/123 1107/619/123
f 799/318/121 798/315/121 1098/602/121 1099/608/121
f 773/319/121 771/317/121 1071/604/121 1073/610/121
f 1038/591/123 1008/584/123 1104/606/123 1134/621/123
f 1012/592/123 1013/593/123 1109/624/123 1108/623/123
f 800/320/121 799/318/121 1099/608/121 1100/612/121
f 774/321/121 773/319/121 1073/610/121 1074/614/121
f 1013/593/123 1014/594/123 1110/625/123 1109/624/123
f 801/322/121 800/320/121 1100/612/121 1101/616/121
f 775/323/121 774/321/121 1074/614/121 1075/618/121
f 1014/594/123 1015/595/123 1111/596/123 1110/625/123
f 802/324/121 801/322/121 1101/616/121 1102/620/121
f 776/325/121 775/323/121 1075/618/121 1076/622/121
f 1015/595/123 1016/503/123 1112/597/123 1111/596/123
f 772/316/121 802/324/121 1102/620/121 1072/605/121
f 777/326/121 776/325/121 1076/622/121 1077/551/121
f 1016/503/123 1017/502/123 1113/550/123 1112/597/123
f 1141/626/126 1142/627/126 1135/628/126 1136/629/126
f 1143/630/127 1144/631/127 1148/632/127 1147/633/127
f 1146/634/128 1145/635/128 1147/633/128 1148/632/128
f 1140/636/129 1143/630/129 1147/633/129 1145/635/129
f 1139/637/130 1140/636/130 1145/635/130 1146/634/130
f 1144/638/131 1139/639/131 1146/640/131 1148/641/131
f 1138/642/129 1140/636/129 1149/643/129 1150/644/129
f 1149/643/128 1151/645/128 1155/646/128 1153/647/128
f 1140/636/128 1139/637/128 1151/645/128 1149/643/128
f 1139/639/131 1137/648/131 1152/649/131 1151/650/131
f 1137/651/132 1138/642/132 1150/644/132 1152/652/132
f 1151/650/131 1152/649/131 1156/653/131 1155/654/131
f 1156/653/133 1152/649/133 1158/655/133 1160/656/133
f 1150/644/129 1149/643/129 1153/647/129 1154/657/129
f 1157/658/64 1159/659/64 1163/660/64 1161/661/64
f 1154/657/134 1156/662/134 1160/663/134 1159/659/134
f 1150/644/135 1154/657/135 1159/659/135 1157/658/135
f 1152/652/136 1150/644/136 1157/658/136 1158/664/136
f 1163/660/134 1164/665/134 1168/666/134 1167/667/134
f 1159/659/64 1160/663/64 1164/665/64 1163/660/64
f 1160/656/64 1158/655/64 1162/668/64 1164/669/64
f 1158/664/64 1157/658/64 1161/661/64 1162/670/64
f 1166/671/65 1165/672/65 1167/667/65 1168/666/65
f 1164/669/133 1162/668/133 1166/673/133 1168/674/133
f 1162/670/136 1161/661/136 1165/672/136 1166/671/136
f 1161/661/135 1163/660/135 1167/667/135 1165/672/135
f 1169/675/137 1170/676/137 1171/677/137
f 1172/678/138 1173/679/138 1174/680/138
f 1175/681/139 1176/682/139 1177/683/139
f 1178/684/140 1179/685/140 1180/686/140
f 1172/687/141 1170/676/141 1169/675/141 1173/688/141
f 1175/689/142 1179/685/142 1178/684/142 1176/690/142
f 1171/677/129 1170/676/129 1154/657/129 1153/647/129 1178/684/129 1180/686/129
f 1180/686/143 1179/685/143 1141/626/143 1136/629/143 1169/675/143 1171/677/143
f 1172/687/144 1156/662/144 1154/657/144 1170/676/144
f 1173/688/145 1169/675/145 1136/629/145 1135/628/145
f 1172/678/131 1174/680/131 1177/683/131 1176/682/131 1155/654/131 1156/653/131
f 1142/691/146 1175/681/146 1177/683/146 1174/680/146 1173/679/146 1135/692/146
f 1175/689/147 1142/627/147 1141/626/147 1179/685/147
f 1176/690/148 1178/684/148 1153/647/148 1155/646/148
f 1181/693/149 1184/694/149 1183/695/149 1182/696/149
f 1140/636/129 1138/642/129 1181/693/129 1182/696/129 1143/630/129
f 1144/631/127 1143/630/127 1182/696/127 1183/695/127
f 1138/642/132 1137/651/132 1184/694/132 1181/693/132
f 1137/648/131 1139/639/131 1144/638/131 1183/697/131 1184/698/131
s 1
f 1441/63/150 1186/64/150 1188/65/151 1442/66/151
f 1442/66/151 1188/65/151 1190/67/152 1443/68/152
f 1443/68/152 1190/67/152 1192/69/153 1444/70/153
f 1444/70/153 1192/69/153 1194/71/154 1445/72/154
f 1445/72/154 1194/71/154 1196/73/155 1446/74/155
f 1446/74/155 1196/73/155 1198/75/156 1447/76/156
f 1447/76/156 1198/75/156 1200/77/157 1448/78/157
f 1448/78/157 1200/77/157 1202/79/51 1449/80/51
f 1449/80/51 1202/79/51 1204/81/158 1450/82/158
f 1450/82/158 1204/81/158 1206/83/159 1451/84/159
f 1451/84/159 1206/83/159 1208/85/160 1452/86/160
f 1452/86/160 1208/85/160 1210/87/161 1453/88/161
f 1453/88/161 1210/87/161 1212/89/162 1454/90/162
f 1454/90/162 1212/89/162 1214/91/163 1455/92/163
f 1455/92/163 1214/91/163 1216/93/164 1456/94/164
f 1456/94/164 1216/93/164 1218/95/165 1457/96/165
f 1457/96/165 1218/95/165 1220/97/166 1458/98/166
f 1458/98/166 1220/97/166 1222/99/167 1459/100/167
f 1459/100/167 1222/99/167 1224/101/168 1460/102/168
f 1460/102/168 1224/101/168 1226/103/169 1461/104/169
f 1461/104/169 1226/103/169 1228/105/170 1462/106/170
f 1462/106/170 1228/105/170 1230/107/171 1463/108/171
f 1463/108/171 1230/107/171 1232/109/172 1464/110/172
f 1464/110/172 1232/109/172 1234/111/35 1465/112/35
f 1465/112/35 1234/111/35 1236/113/173 1466/114/173
f 1466/114/173 1236/113/173 1238/115/174 1467/116/174
f 1467/116/174 1238/115/174 1240/117/175 1468/118/175
f 1468/118/175 1240/117/175 1242/119/176 1469/120/176
f 1469/120/176 1242/119/176 1244/121/177 1470/122/177
f 1470/122/177 1244/121/177 1246/123/178 1471/124/178
s 0
f 1206/83/179 1204/81/179 1258/125/179 1259/126/179
s 1
f 1471/124/178 1246/123/178 1248/127/180 1472/128/180
f 1472/128/180 1248/127/180 1186/64/150 1441/63/150
f 1241/129/176 1243/130/177 1566/131/177 1565/132/176
f 1263/133/163 1262/134/162 1294/135/162 1295/136/163
s 0
f 1224/101/179 1222/99/179 1267/137/179 1268/138/179
f 1242/119/179 1240/117/179 1276/139/179 1277/140/179
f 1198/75/179 1196/73/179 1254/141/179 1255/142/179
f 1216/93/179 1214/91/179 1263/133/179 1264/143/179
f 1234/111/179 1232/109/179 1272/144/179 1273/145/179
f 1190/67/179 1188/65/179 1249/146/179 1251/147/179
f 1208/85/179 1206/83/179 1259/126/179 1260/148/179
f 1226/103/179 1224/101/179 1268/138/179 1269/149/179
f 1244/121/179 1242/119/179 1277/140/179 1278/150/179
f 1200/77/179 1198/75/179 1255/142/179 1256/151/179
f 1218/95/179 1216/93/179 1264/143/179 1265/152/179
f 1236/113/179 1234/111/179 1273/145/179 1274/153/179
f 1192/69/179 1190/67/179 1251/147/179 1252/154/179
f 1210/87/179 1208/85/179 1260/148/179 1261/155/179
f 1228/105/179 1226/103/179 1269/149/179 1270/156/179
f 1246/123/179 1244/121/179 1278/150/179 1279/157/179
f 1202/79/179 1200/77/179 1256/151/179 1257/158/179
f 1220/97/179 1218/95/179 1265/152/179 1266/159/179
f 1238/115/179 1236/113/179 1274/153/179 1275/160/179
f 1194/71/179 1192/69/179 1252/154/179 1253/161/179
f 1212/89/179 1210/87/179 1261/155/179 1262/134/179
f 1230/107/179 1228/105/179 1270/156/179 1271/162/179
f 1248/127/179 1246/123/179 1279/157/179 1280/163/179
f 1204/81/179 1202/79/179 1257/158/179 1258/125/179
f 1222/99/179 1220/97/179 1266/159/179 1267/137/179
f 1240/117/179 1238/115/179 1275/160/179 1276/139/179
f 1196/73/179 1194/71/179 1253/161/179 1254/141/179
f 1214/91/179 1212/89/179 1262/134/179 1263/133/179
f 1232/109/179 1230/107/179 1271/162/179 1272/144/179
f 1188/65/179 1186/64/179 1250/164/179 1249/146/179
f 1186/64/179 1248/127/179 1280/163/179 1250/164/179
f 1298/165/179 1297/166/179 1329/167/179 1330/168/179
s 1
f 1249/146/151 1250/164/150 1282/169/150 1281/170/151
f 1277/140/176 1276/139/175 1308/171/175 1309/172/176
f 1264/143/164 1263/133/163 1295/136/163 1296/173/164
f 1251/147/152 1249/146/151 1281/170/151 1283/174/152
f 1278/150/177 1277/140/176 1309/172/176 1310/175/177
f 1265/152/165 1264/143/164 1296/173/164 1297/166/165
f 1252/154/153 1251/147/152 1283/174/152 1284/176/153
f 1279/157/178 1278/150/177 1310/175/177 1311/177/178
f 1266/159/166 1265/152/165 1297/166/165 1298/165/166
f 1253/161/154 1252/154/153 1284/176/153 1285/178/154
f 1280/163/180 1279/157/178 1311/177/178 1312/179/180
f 1267/137/167 1266/159/166 1298/165/166 1299/180/167
f 1254/141/155 1253/161/154 1285/178/154 1286/181/155
f 1250/164/150 1280/163/180 1312/179/180 1282/169/150
f 1268/138/168 1267/137/167 1299/180/167 1300/182/168
f 1255/142/156 1254/141/155 1286/181/155 1287/183/156
f 1269/149/169 1268/138/168 1300/182/168 1301/184/169
f 1256/151/157 1255/142/156 1287/183/156 1288/185/157
f 1270/156/170 1269/149/169 1301/184/169 1302/186/170
f 1257/158/51 1256/151/157 1288/185/157 1289/187/51
f 1271/162/171 1270/156/170 1302/186/170 1303/188/171
f 1258/125/158 1257/158/51 1289/187/51 1290/189/158
f 1272/144/172 1271/162/171 1303/188/171 1304/190/172
f 1259/126/159 1258/125/158 1290/189/158 1291/191/159
f 1273/145/35 1272/144/172 1304/190/172 1305/192/35
f 1260/148/160 1259/126/159 1291/191/159 1292/193/160
f 1274/153/173 1273/145/35 1305/192/35 1306/194/173
f 1261/155/161 1260/148/160 1292/193/160 1293/195/161
f 1275/160/174 1274/153/173 1306/194/173 1307/196/174
f 1262/134/162 1261/155/161 1293/195/161 1294/135/162
f 1276/139/175 1275/160/174 1307/196/174 1308/171/175
f 1314/197/165 1344/198/164 1408/199/164 1378/200/165
s 0
f 1285/178/179 1284/176/179 1316/201/179 1317/202/179
f 1312/179/179 1311/177/179 1343/203/179 1344/198/179
f 1299/180/179 1298/165/179 1330/168/179 1331/204/179
f 1286/181/179 1285/178/179 1317/202/179 1318/205/179
f 1282/169/179 1312/179/179 1344/198/179 1314/197/179
f 1300/182/179 1299/180/179 1331/204/179 1332/206/179
f 1287/183/179 1286/181/179 1318/205/179 1319/207/179
f 1301/184/179 1300/182/179 1332/206/179 1333/208/179
f 1288/185/179 1287/183/179 1319/207/179 1320/209/179
f 1302/186/179 1301/184/179 1333/208/179 1334/210/179
f 1289/187/179 1288/185/179 1320/209/179 1321/211/179
f 1303/188/179 1302/186/179 1334/210/179 1335/212/179
f 1290/189/179 1289/187/179 1321/211/179 1322/213/179
f 1304/190/179 1303/188/179 1335/212/179 1336/214/179
f 1291/191/179 1290/189/179 1322/213/179 1323/215/179
f 1305/192/179 1304/190/179 1336/214/179 1337/216/179
f 1292/193/179 1291/191/179 1323/215/179 1324/217/179
f 1306/194/179 1305/192/179 1337/216/179 1338/218/179
f 1293/195/179 1292/193/179 1324/217/179 1325/219/179
f 1307/196/179 1306/194/179 1338/218/179 1339/220/179
f 1294/135/179 1293/195/179 1325/219/179 1326/221/179
f 1308/171/179 1307/196/179 1339/220/179 1340/222/179
f 1295/136/179 1294/135/179 1326/221/179 1327/223/179
f 1281/170/179 1282/169/179 1314/197/179 1313/224/179
f 1309/172/179 1308/171/179 1340/222/179 1341/225/179
f 1296/173/179 1295/136/179 1327/223/179 1328/226/179
f 1283/174/179 1281/170/179 1313/224/179 1315/227/179
f 1310/175/179 1309/172/179 1341/225/179 1342/228/179
f 1297/166/179 1296/173/179 1328/226/179 1329/167/179
f 1284/176/179 1283/174/179 1315/227/179 1316/201/179
f 1311/177/179 1310/175/179 1342/228/179 1343/203/179
f 1606/229/181 1607/230/181 1703/231/181 1702/232/181
s 1
f 1364/233/168 1365/234/169 1429/235/169 1428/236/168
f 1318/205/170 1317/202/169 1381/237/169 1382/238/170
f 1344/198/164 1343/203/163 1407/239/163 1408/199/164
f 1363/240/167 1364/233/168 1428/236/168 1427/241/167
f 1317/202/169 1316/201/168 1380/242/168 1381/237/169
f 1343/203/163 1342/228/162 1406/243/162 1407/239/163
f 1362/244/166 1363/240/167 1427/241/167 1426/245/166
f 1316/201/168 1315/227/167 1379/246/167 1380/242/168
f 1342/228/162 1341/225/182 1405/247/182 1406/243/162
f 1361/248/165 1362/244/166 1426/245/166 1425/249/165
f 1315/227/167 1313/224/166 1377/250/166 1379/246/167
f 1341/225/182 1340/222/160 1404/251/160 1405/247/182
f 1360/252/164 1361/248/165 1425/249/165 1424/253/164
f 1313/224/166 1314/197/165 1378/200/165 1377/250/166
f 1340/222/160 1339/220/159 1403/254/159 1404/251/160
f 1359/255/163 1360/252/164 1424/253/164 1423/256/163
f 1339/220/159 1338/218/158 1402/257/158 1403/254/159
f 1358/258/162 1359/255/163 1423/256/163 1422/259/162
f 1338/218/158 1337/216/51 1401/260/51 1402/257/158
f 1357/261/161 1358/258/162 1422/259/162 1421/262/161
f 1337/216/51 1336/214/157 1400/263/157 1401/260/51
f 1356/264/160 1357/261/161 1421/262/161 1420/265/160
f 1336/214/157 1335/212/156 1399/266/156 1400/263/157
f 1355/267/159 1356/264/160 1420/265/160 1419/268/159
f 1335/212/156 1334/210/155 1398/269/155 1399/266/156
f 1354/270/158 1355/267/159 1419/268/159 1418/271/158
f 1334/210/155 1333/208/154 1397/272/154 1398/269/155
f 1353/273/51 1354/270/158 1418/271/158 1417/274/51
f 1333/208/154 1332/206/153 1396/275/153 1397/272/154
f 1352/276/157 1353/273/51 1417/274/51 1416/277/157
f 1332/206/153 1331/204/152 1395/278/152 1396/275/153
s 0
f 1397/272/179 1396/275/179 1428/236/179 1429/235/179
f 1384/279/179 1383/280/179 1415/281/179 1416/277/179
f 1398/269/179 1397/272/179 1429/235/179 1430/282/179
f 1385/283/179 1384/279/179 1416/277/179 1417/274/179
f 1399/266/179 1398/269/179 1430/282/179 1431/284/179
f 1386/285/179 1385/283/179 1417/274/179 1418/271/179
f 1400/263/179 1399/266/179 1431/284/179 1432/286/179
f 1387/287/179 1386/285/179 1418/271/179 1419/268/179
f 1401/260/179 1400/263/179 1432/286/179 1433/288/179
f 1388/289/179 1387/287/179 1419/268/179 1420/265/179
f 1402/257/179 1401/260/179 1433/288/179 1434/290/179
f 1389/291/179 1388/289/179 1420/265/179 1421/262/179
f 1403/254/179 1402/257/179 1434/290/179 1435/292/179
f 1390/293/179 1389/291/179 1421/262/179 1422/259/179
f 1404/251/179 1403/254/179 1435/292/179 1436/294/179
f 1391/295/179 1390/293/179 1422/259/179 1423/256/179
f 1377/250/179 1378/200/179 1410/296/179 1409/297/179
f 1405/247/179 1404/251/179 1436/294/179 1437/298/179
f 1392/299/179 1391/295/179 1423/256/179 1424/253/179
f 1379/246/179 1377/250/179 1409/297/179 1411/300/179
f 1406/243/179 1405/247/179 1437/298/179 1438/301/179
f 1393/302/179 1392/299/179 1424/253/179 1425/249/179
f 1380/242/179 1379/246/179 1411/300/179 1412/303/179
f 1407/239/179 1406/243/179 1438/301/179 1439/304/179
f 1394/305/179 1393/302/179 1425/249/179 1426/245/179
f 1381/237/179 1380/242/179 1412/303/179 1413/306/179
f 1408/199/179 1407/239/179 1439/304/179 1440/307/179
f 1395/278/179 1394/305/179 1426/245/179 1427/241/179
f 1382/238/179 1381/237/179 1413/306/179 1414/308/179
f 1378/200/179 1408/199/179 1440/307/179 1410/296/179
f 1396/275/179 1395/278/179 1427/241/179 1428/236/179
f 1383/280/179 1382/238/179 1414/308/179 1415/281/179
s 1
f 1319/207/171 1318/205/170 1382/238/170 1383/280/171
f 1365/234/169 1366/309/170 1430/282/170 1429/235/169
f 1320/209/172 1319/207/171 1383/280/171 1384/279/172
f 1366/309/170 1367/310/171 1431/284/171 1430/282/170
f 1321/211/35 1320/209/172 1384/279/172 1385/283/35
f 1367/310/171 1368/311/172 1432/286/172 1431/284/171
f 1322/213/173 1321/211/35 1385/283/35 1386/285/173
f 1368/311/172 1369/312/35 1433/288/35 1432/286/172
f 1323/215/174 1322/213/173 1386/285/173 1387/287/174
f 1369/312/35 1370/313/173 1434/290/173 1433/288/35
f 1324/217/175 1323/215/174 1387/287/174 1388/289/175
f 1370/313/173 1371/314/174 1435/292/174 1434/290/173
f 1325/219/176 1324/217/175 1388/289/175 1389/291/176
f 1371/314/174 1372/315/175 1436/294/175 1435/292/174
f 1346/316/150 1345/317/151 1409/297/151 1410/296/150
f 1326/221/177 1325/219/176 1389/291/176 1390/293/177
f 1372/315/175 1373/318/176 1437/298/176 1436/294/175
f 1345/317/151 1347/319/152 1411/300/152 1409/297/151
f 1327/223/178 1326/221/177 1390/293/177 1391/295/178
f 1373/318/176 1374/320/177 1438/301/177 1437/298/176
f 1347/319/152 1348/321/153 1412/303/153 1411/300/152
f 1328/226/180 1327/223/178 1391/295/178 1392/299/180
f 1374/320/177 1375/322/178 1439/304/178 1438/301/177
f 1348/321/153 1349/323/154 1413/306/154 1412/303/153
f 1329/167/150 1328/226/180 1392/299/180 1393/302/150
f 1375/322/178 1376/324/180 1440/307/180 1439/304/178
f 1349/323/154 1350/325/155 1414/308/155 1413/306/154
f 1330/168/151 1329/167/150 1393/302/150 1394/305/151
f 1376/324/180 1346/316/150 1410/296/150 1440/307/180
f 1350/325/155 1351/326/156 1415/281/156 1414/308/155
f 1331/204/152 1330/168/151 1394/305/151 1395/278/152
f 1351/326/156 1352/276/157 1416/277/157 1415/281/156
s 0
f 1469/327/179 1470/328/179 1531/329/179 1529/330/179
f 1443/331/179 1444/332/179 1479/333/179 1477/334/179
f 1215/335/181 1213/336/181 1500/337/181 1502/338/181
f 1470/328/179 1471/339/179 1533/340/179 1531/329/179
f 1197/341/181 1195/342/181 1482/343/181 1484/344/181
f 1444/332/179 1445/345/179 1481/346/179 1479/333/179
f 1185/347/181 1247/348/181 1534/349/181 1473/350/181
f 1471/339/179 1472/351/179 1535/352/179 1533/340/179
f 1445/345/179 1446/353/179 1483/354/179 1481/346/179
f 1231/355/181 1229/356/181 1516/357/181 1518/358/181
f 1472/351/179 1441/359/179 1536/360/179 1535/352/179
f 1446/353/179 1447/361/179 1485/362/179 1483/354/179
f 1213/336/181 1211/363/181 1498/364/181 1500/337/181
f 1195/342/181 1193/365/181 1480/366/181 1482/343/181
f 1447/361/179 1448/367/179 1487/368/179 1485/362/179
f 1247/348/181 1245/369/181 1532/370/181 1534/349/181
f 1448/367/179 1449/371/179 1489/372/179 1487/368/179
f 1229/356/181 1227/373/181 1514/374/181 1516/357/181
f 1449/371/179 1450/375/179 1491/376/179 1489/372/179
f 1211/363/181 1209/377/181 1496/378/181 1498/364/181
f 1193/365/181 1191/379/181 1478/380/181 1480/366/181
f 1450/375/179 1451/381/179 1493/382/179 1491/376/179
f 1245/369/181 1243/130/181 1530/383/181 1532/370/181
f 1451/381/179 1452/384/179 1495/385/179 1493/382/179
f 1227/373/181 1225/386/181 1512/387/181 1514/374/181
f 1452/384/179 1453/388/179 1497/389/179 1495/385/179
f 1209/377/181 1207/390/181 1494/391/181 1496/378/181
f 1191/379/181 1189/392/181 1476/393/181 1478/380/181
f 1453/388/179 1454/394/179 1499/395/179 1497/389/179
f 1243/130/181 1241/129/181 1528/396/181 1530/383/181
f 1454/394/179 1455/397/179 1501/398/179 1499/395/179
f 1225/386/181 1223/399/181 1510/400/181 1512/387/181
s 1
f 1534/349/180 1535/352/180 1536/360/150 1473/350/150
f 1532/370/178 1533/340/178 1535/352/180 1534/349/180
f 1530/383/177 1531/329/177 1533/340/178 1532/370/178
f 1528/396/176 1529/330/176 1531/329/177 1530/383/177
f 1526/401/175 1527/402/175 1529/330/176 1528/396/176
f 1524/403/174 1525/404/174 1527/402/175 1526/401/175
f 1522/405/173 1523/406/173 1525/404/174 1524/403/174
f 1520/407/35 1521/408/35 1523/406/173 1522/405/173
f 1518/358/172 1519/409/172 1521/408/35 1520/407/35
f 1516/357/171 1517/410/171 1519/409/172 1518/358/172
f 1514/374/170 1515/411/170 1517/410/171 1516/357/171
f 1512/387/169 1513/412/169 1515/411/170 1514/374/170
f 1510/400/168 1511/413/168 1513/412/169 1512/387/169
f 1508/414/167 1509/415/167 1511/413/168 1510/400/168
f 1506/416/166 1507/417/166 1509/415/167 1508/414/167
f 1504/418/165 1505/419/165 1507/417/166 1506/416/166
f 1502/338/164 1503/420/164 1505/419/165 1504/418/165
f 1500/337/163 1501/398/163 1503/420/164 1502/338/164
f 1498/364/162 1499/395/162 1501/398/163 1500/337/163
f 1496/378/161 1497/389/161 1499/395/162 1498/364/162
f 1494/391/160 1495/385/160 1497/389/161 1496/378/161
f 1492/421/159 1493/382/159 1495/385/160 1494/391/160
f 1490/422/158 1491/376/158 1493/382/159 1492/421/159
f 1488/423/51 1489/372/51 1491/376/158 1490/422/158
f 1486/424/157 1487/368/157 1489/372/51 1488/423/51
f 1484/344/156 1485/362/156 1487/368/157 1486/424/157
f 1482/343/155 1483/354/155 1485/362/156 1484/344/156
f 1480/366/154 1481/346/154 1483/354/155 1482/343/155
f 1478/380/153 1479/333/153 1481/346/154 1480/366/154
f 1476/393/152 1477/334/152 1479/333/153 1478/380/153
f 1474/425/151 1475/426/151 1477/334/152 1476/393/152
f 1473/350/150 1536/360/150 1475/426/151 1474/425/151
s 0
f 1233/427/181 1231/355/181 1518/358/181 1520/407/181
f 1442/428/179 1443/331/179 1477/334/179 1475/426/179
f 1468/429/179 1469/327/179 1529/330/179 1527/402/179
f 1441/359/179 1442/428/179 1475/426/179 1536/360/179
f 1199/430/181 1197/341/181 1484/344/181 1486/424/181
f 1467/431/179 1468/429/179 1527/402/179 1525/404/179
f 1217/432/181 1215/335/181 1502/338/181 1504/418/181
f 1466/433/179 1467/431/179 1525/404/179 1523/406/179
f 1235/434/181 1233/427/181 1520/407/181 1522/405/181
f 1465/435/179 1466/433/179 1523/406/179 1521/408/179
f 1201/436/181 1199/430/181 1486/424/181 1488/423/181
f 1464/437/179 1465/435/179 1521/408/179 1519/409/179
f 1219/438/181 1217/432/181 1504/418/181 1506/416/181
f 1463/439/179 1464/437/179 1519/409/179 1517/410/179
f 1237/440/181 1235/434/181 1522/405/181 1524/403/181
f 1462/441/179 1463/439/179 1517/410/179 1515/411/179
f 1203/442/181 1201/436/181 1488/423/181 1490/422/181
f 1461/443/179 1462/441/179 1515/411/179 1513/412/179
f 1221/444/181 1219/438/181 1506/416/181 1508/414/181
f 1460/445/179 1461/443/179 1513/412/179 1511/413/179
f 1187/446/181 1185/347/181 1473/350/181 1474/425/181
f 1239/447/181 1237/440/181 1524/403/181 1526/401/181
f 1459/448/179 1460/445/179 1511/413/179 1509/415/179
f 1205/449/181 1203/442/181 1490/422/181 1492/421/181
f 1458/450/179 1459/448/179 1509/415/179 1507/417/179
f 1223/399/181 1221/444/181 1508/414/181 1510/400/181
f 1457/451/179 1458/450/179 1507/417/179 1505/419/179
f 1241/129/181 1239/447/181 1526/401/181 1528/396/181
f 1456/452/179 1457/451/179 1505/419/179 1503/420/179
f 1189/392/181 1187/446/181 1474/425/181 1476/393/181
f 1207/390/181 1205/449/181 1492/421/181 1494/391/181
f 1455/397/179 1456/452/179 1503/420/179 1501/398/179
f 1537/453/181 1538/454/181 1539/455/181 1540/456/181 1541/457/181 1542/458/181 1543/459/181 1544/460/181 1545/461/181 1546/462/181 1547/463/181 1548/464/181 1549/465/181 1550/466/181 1551/467/181 1552/468/181 1553/469/181 1554/470/181 1555/471/181 1556/472/181 1557/473/181 1558/474/181 1559/475/181 1560/476/181 1561/477/181 1562/478/181 1563/479/181 1564/480/181 1565/132/181 1566/131/181 1567/481/181 1568/482/181
s 1
f 1197/341/156 1199/430/157 1544/460/157 1543/459/156
f 1215/335/164 1217/432/165 1553/469/165 1552/468/164
f 1233/427/35 1235/434/173 1562/478/173 1561/477/35
f 1189/392/152 1191/379/153 1540/456/153 1539/455/152
f 1207/390/160 1209/377/161 1549/465/161 1548/464/160
f 1225/386/169 1227/373/170 1558/474/170 1557/473/169
f 1243/130/177 1245/369/178 1567/481/178 1566/131/177
f 1199/430/157 1201/436/51 1545/461/51 1544/460/157
f 1217/432/165 1219/438/166 1554/470/166 1553/469/165
f 1235/434/173 1237/440/174 1563/479/174 1562/478/173
f 1191/379/153 1193/365/154 1541/457/154 1540/456/153
f 1209/377/161 1211/363/162 1550/466/162 1549/465/161
f 1227/373/170 1229/356/171 1559/475/171 1558/474/170
f 1245/369/178 1247/348/180 1568/482/180 1567/481/178
f 1201/436/51 1203/442/158 1546/462/158 1545/461/51
f 1219/438/166 1221/444/167 1555/471/167 1554/470/166
f 1237/440/174 1239/447/175 1564/480/175 1563/479/174
f 1193/365/154 1195/342/155 1542/458/155 1541/457/154
f 1211/363/162 1213/336/163 1551/467/163 1550/466/162
f 1229/356/171 1231/355/172 1560/476/172 1559/475/171
f 1185/347/150 1187/446/151 1538/454/151 1537/453/150
f 1247/348/180 1185/347/150 1537/453/150 1568/482/180
f 1203/442/158 1205/449/159 1547/463/159 1546/462/158
f 1221/444/167 1223/399/168 1556/472/168 1555/471/167
f 1239/447/175 1241/129/176 1565/132/176 1564/480/175
f 1195/342/155 1197/341/156 1543/459/156 1542/458/155
f 1213/336/163 1215/335/164 1552/468/164 1551/467/163
f 1231/355/172 1233/427/35 1561/477/35 1560/476/172
f 1187/446/151 1189/392/152 1539/455/152 1538/454/151
f 1205/449/159 1207/390/160 1548/464/160 1547/463/159
f 1223/399/168 1225/386/169 1557/473/169 1556/472/168
s 0
f 1577/483/35 1570/484/35 1572/485/35 1578/486/35
f 1578/486/183 1572/485/183 1576/487/183 1579/488/183
f 1579/488/51 1576/487/51 1574/489/51 1580/490/51
f 1580/490/99 1574/489/99 1570/491/99 1577/492/99
f 1571/493/64 1575/494/64 1573/495/64 1569/496/64
f 1576/487/65 1572/497/65 1570/498/65 1574/489/65
f 1573/495/99 1580/490/99 1577/492/99 1569/499/99
f 1575/494/51 1579/488/51 1580/490/51 1573/495/51
f 1571/500/184 1578/486/184 1579/488/184 1575/494/184
f 1569/501/35 1577/483/35 1578/486/35 1571/500/35
s 1
f 1591/502/159 1590/503/158 1622/504/158 1623/505/159
s 0
f 1367/310/179 1366/309/179 1666/506/179 1667/507/179
f 1605/508/181 1606/229/181 1702/232/181 1701/509/181
f 1366/309/179 1365/234/179 1665/510/179 1666/506/179
f 1604/511/181 1605/508/181 1701/509/181 1700/512/181
f 1365/234/179 1364/233/179 1664/513/179 1665/510/179
f 1603/514/181 1604/511/181 1700/512/181 1699/515/181
f 1364/233/179 1363/240/179 1663/516/179 1664/513/179
f 1602/517/181 1603/514/181 1699/515/181 1698/518/181
f 1363/240/179 1362/244/179 1662/519/179 1663/516/179
f 1601/520/181 1602/517/181 1698/518/181 1697/521/181
f 1362/244/179 1361/248/179 1661/522/179 1662/519/179
f 1600/523/181 1601/520/181 1697/521/181 1696/524/181
f 1361/248/179 1360/252/179 1660/525/179 1661/522/179
f 1599/526/181 1600/523/181 1696/524/181 1695/527/181
f 1360/252/179 1359/255/179 1659/528/179 1660/525/179
f 1598/529/181 1599/526/181 1695/527/181 1694/530/181
f 1359/255/179 1358/258/179 1658/531/179 1659/528/179
f 1597/532/181 1598/529/181 1694/530/181 1693/533/181
f 1358/258/179 1357/261/179 1657/534/179 1658/531/179
f 1596/535/181 1597/532/181 1693/533/181 1692/536/181
f 1357/261/179 1356/264/179 1656/537/179 1657/534/179
f 1595/538/181 1596/535/181 1692/536/181 1691/539/181
f 1356/264/179 1355/267/179 1655/540/179 1656/537/179
f 1594/541/181 1595/538/181 1691/539/181 1690/542/181
f 1355/267/179 1354/270/179 1654/543/179 1655/540/179
f 1593/544/181 1594/541/181 1690/542/181 1689/545/181
f 1354/270/179 1353/273/179 1653/546/179 1654/543/179
f 1592/547/181 1593/544/181 1689/545/181 1688/548/181
f 1353/273/179 1352/276/179 1652/549/179 1653/546/179
f 1591/502/181 1592/547/181 1688/548/181 1687/550/181
f 1352/276/179 1351/326/179 1651/551/179 1652/549/179
f 1613/552/179 1614/553/179 1644/554/179 1643/555/179 1642/556/179 1641/557/179 1640/558/179 1639/559/179 1638/560/179 1637/561/179 1636/562/179 1635/563/179 1634/564/179 1633/565/179 1632/566/179 1631/567/179 1630/568/179 1629/569/179 1628/570/179 1627/571/179 1626/572/179 1625/573/179 1624/574/179 1623/505/179 1622/504/179 1621/575/179 1620/576/179 1619/577/179 1618/578/179 1617/579/179 1616/580/179 1615/581/179
s 1
f 1605/508/35 1604/511/172 1636/562/172 1637/561/35
f 1592/547/160 1591/502/159 1623/505/159 1624/574/160
f 1606/229/173 1605/508/35 1637/561/35 1638/560/173
f 1593/544/161 1592/547/160 1624/574/160 1625/573/161
f 1607/230/174 1606/229/173 1638/560/173 1639/559/174
f 1594/541/162 1593/544/161 1625/573/161 1626/572/162
f 1608/582/175 1607/230/174 1639/559/174 1640/558/175
f 1595/538/163 1594/541/162 1626/572/162 1627/571/163
f 1581/583/151 1582/584/150 1614/553/150 1613/552/151
f 1609/585/176 1608/582/175 1640/558/175 1641/557/176
f 1596/535/164 1595/538/163 1627/571/163 1628/570/164
f 1583/586/152 1581/583/151 1613/552/151 1615/581/152
f 1610/587/177 1609/585/176 1641/557/176 1642/556/177
f 1597/532/165 1596/535/164 1628/570/164 1629/569/165
f 1584/588/153 1583/586/152 1615/581/152 1616/580/153
f 1611/589/178 1610/587/177 1642/556/177 1643/555/178
f 1598/529/166 1597/532/165 1629/569/165 1630/568/166
f 1585/590/154 1584/588/153 1616/580/153 1617/579/154
f 1612/591/180 1611/589/178 1643/555/178 1644/554/180
f 1599/526/167 1598/529/166 1630/568/166 1631/567/167
f 1586/592/155 1585/590/154 1617/579/154 1618/578/155
f 1582/584/150 1612/591/180 1644/554/180 1614/553/150
f 1600/523/168 1599/526/167 1631/567/167 1632/566/168
f 1587/593/156 1586/592/155 1618/578/155 1619/577/156
f 1601/520/169 1600/523/168 1632/566/168 1633/565/169
f 1588/594/157 1587/593/156 1619/577/156 1620/576/157
f 1602/517/170 1601/520/169 1633/565/169 1634/564/170
f 1589/595/51 1588/594/157 1620/576/157 1621/575/51
f 1603/514/171 1602/517/170 1634/564/170 1635/563/171
f 1590/503/158 1589/595/51 1621/575/51 1622/504/158
f 1604/511/172 1603/514/171 1635/563/171 1636/562/172
f 1654/543/158 1653/546/51 1685/596/51 1686/597/158
f 1668/598/172 1667/507/171 1699/515/171 1700/512/172
f 1655/540/159 1654/543/158 1686/597/158 1687/550/159
f 1669/599/35 1668/598/172 1700/512/172 1701/509/35
f 1656/537/160 1655/540/159 1687/550/159 1688/548/160
f 1670/600/173 1669/599/35 1701/509/35 1702/232/173
f 1657/534/161 1656/537/160 1688/548/160 1689/545/161
f 1671/601/174 1670/600/173 1702/232/173 1703/231/174
f 1658/531/162 1657/534/161 1689/545/161 1690/542/162
f 1672/602/175 1671/601/174 1703/231/174 1704/603/175
f 1659/528/163 1658/531/162 1690/542/162 1691/539/163
f 1645/604/151 1646/605/150 1678/606/150 1677/607/151
f 1673/608/176 1672/602/175 1704/603/175 1705/609/176
f 1660/525/164 1659/528/163 1691/539/163 1692/536/164
f 1647/610/152 1645/604/151 1677/607/151 1679/611/152
f 1674/612/177 1673/608/176 1705/609/176 1706/613/177
f 1661/522/165 1660/525/164 1692/536/164 1693/533/165
f 1648/614/153 1647/610/152 1679/611/152 1680/615/153
f 1675/616/178 1674/612/177 1706/613/177 1707/617/178
f 1662/519/166 1661/522/165 1693/533/165 1694/530/166
f 1649/618/154 1648/614/153 1680/615/153 1681/619/154
f 1676/620/180 1675/616/178 1707/617/178 1708/621/180
f 1663/516/167 1662/519/166 1694/530/166 1695/527/167
f 1650/622/155 1649/618/154 1681/619/154 1682/623/155
f 1646/605/150 1676/620/180 1708/621/180 1678/606/150
f 1664/513/168 1663/516/167 1695/527/167 1696/524/168
f 1651/551/156 1650/622/155 1682/623/155 1683/624/156
f 1665/510/169 1664/513/168 1696/524/168 1697/521/169
f 1652/549/157 1651/551/156 1683/624/156 1684/625/157
f 1666/506/170 1665/510/169 1697/521/169 1698/518/170
f 1653/546/51 1652/549/157 1684/625/157 1685/596/51
f 1667/507/171 1666/506/170 1698/518/170 1699/515/171
s 0
f 1368/311/179 1367/310/179 1667/507/179 1668/598/179
f 1607/230/181 1608/582/181 1704/603/181 1703/231/181
f 1582/584/181 1581/583/181 1677/607/181 1678/606/181
f 1369/312/179 1368/311/179 1668/598/179 1669/599/179
f 1608/582/181 1609/585/181 1705/609/181 1704/603/181
f 1581/583/181 1583/586/181 1679/611/181 1677/607/181
f 1370/313/179 1369/312/179 1669/599/179 1670/600/179
f 1609/585/181 1610/587/181 1706/613/181 1705/609/181
f 1583/586/181 1584/588/181 1680/615/181 1679/611/181
f 1371/314/179 1370/313/179 1670/600/179 1671/601/179
f 1610/587/181 1611/589/181 1707/617/181 1706/613/181
f 1584/588/181 1585/590/181 1681/619/181 1680/615/181
f 1372/315/179 1371/314/179 1671/601/179 1672/602/179
f 1345/317/179 1346/316/179 1646/605/179 1645/604/179
f 1611/589/181 1612/591/181 1708/621/181 1707/617/181
f 1585/590/181 1586/592/181 1682/623/181 1681/619/181
f 1373/318/179 1372/315/179 1672/602/179 1673/608/179
f 1347/319/179 1345/317/179 1645/604/179 1647/610/179
f 1612/591/181 1582/584/181 1678/606/181 1708/621/181
f 1586/592/181 1587/593/181 1683/624/181 1682/623/181
f 1374/320/179 1373/318/179 1673/608/179 1674/612/179
f 1348/321/179 1347/319/179 1647/610/179 1648/614/179
f 1587/593/181 1588/594/181 1684/625/181 1683/624/181
f 1375/322/179 1374/320/179 1674/612/179 1675/616/179
f 1349/323/179 1348/321/179 1648/614/179 1649/618/179
f 1588/594/181 1589/595/181 1685/596/181 1684/625/181
f 1376/324/179 1375/322/179 1675/616/179 1676/620/179
f 1350/325/179 1349/323/179 1649/618/179 1650/622/179
f 1589/595/181 1590/503/181 1686/597/181 1685/596/181
f 1346/316/179 1376/324/179 1676/620/179 1646/605/179
f 1351/326/179 1350/325/179 1650/622/179 1651/551/179
f 1590/503/181 1591/502/181 1687/550/181 1686/597/181
f 1715/626/185 1716/627/185 1709/628/185 1710/629/185
f 1717/630/186 1718/631/186 1722/632/186 1721/633/186
f 1720/634/187 1719/635/187 1721/633/187 1722/632/187
f 1714/636/188 1717/630/188 1721/633/188 1719/635/188
f 1713/637/189 1714/636/189 1719/635/189 1720/634/189
f 1718/638/190 1713/639/190 1720/640/190 1722/641/190
f 1712/642/188 1714/636/188 1723/643/188 1724/644/188
f 1723/643/187 1725/645/187 1729/646/187 1727/647/187
f 1714/636/187 1713/637/187 1725/645/187 1723/643/187
f 1713/639/190 1711/648/190 1726/649/190 1725/650/190
f 1711/651/191 1712/642/191 1724/644/191 1726/652/191
f 1725/650/190 1726/649/190 1730/653/190 1729/654/190
f 1730/653/76 1726/649/76 1732/655/76 1734/656/76
f 1724/644/188 1723/643/188 1727/647/188 1728/657/188
f 1731/658/64 1733/659/64 1737/660/64 1735/661/64
f 1728/657/77 1730/662/77 1734/663/77 1733/659/77
f 1724/644/74 1728/657/74 1733/659/74 1731/658/74
f 1726/652/75 1724/644/75 1731/658/75 1732/664/75
f 1737/660/77 1738/665/77 1742/666/77 1741/667/77
f 1733/659/64 1734/663/64 1738/665/64 1737/660/64
f 1734/656/64 1732/655/64 1736/668/64 1738/669/64
f 1732/664/64 1731/658/64 1735/661/64 1736/670/64
f 1740/671/65 1739/672/65 1741/667/65 1742/666/65
f 1738/669/76 1736/668/76 1740/673/76 1742/674/76
f 1736/670/75 1735/661/75 1739/672/75 1740/671/75
f 1735/661/74 1737/660/74 1741/667/74 1739/672/74
f 1743/675/192 1744/676/192 1745/677/192
f 1746/678/193 1747/679/193 1748/680/193
f 1749/681/194 1750/682/194 1751/683/194
f 1752/684/195 1753/685/195 1754/686/195
f 1746/687/196 1744/676/196 1743/675/196 1747/688/196
f 1749/689/197 1753/685/197 1752/684/197 1750/690/197
f 1745/677/188 1744/676/188 1728/657/188 1727/647/188 1752/684/188 1754/686/188
f 1754/686/198 1753/685/198 1715/626/198 1710/629/198 1743/675/198 1745/677/198
f 1746/687/199 1730/662/199 1728/657/199 1744/676/199
f 1747/688/200 1743/675/200 1710/629/200 1709/628/200
f 1746/678/190 1748/680/190 1751/683/190 1750/682/190 1729/654/190 1730/653/190
f 1716/691/201 1749/681/201 1751/683/201 1748/680/201 1747/679/201 1709/692/201
f 1749/689/202 1716/627/202 1715/626/202 1753/685/202
f 1750/690/203 1752/684/203 1727/647/203 1729/646/203
f 1755/693/204 1758/694/204 1757/695/204 1756/696/204
f 1714/636/188 1712/642/188 1755/693/188 1756/696/188 1717/630/188
f 1718/631/186 1717/630/186 1756/696/186 1757/695/186
f 1712/642/191 1711/651/191 1758/694/191 1755/693/191
f 1711/648/190 1713/639/190 1718/638/190 1757/697/190 1758/698/190
s 1
f 2015/63/205 1760/64/205 1762/65/206 2016/66/206
f 2016/66/206 1762/65/206 1764/67/207 2017/68/207
f 2017/68/207 1764/67/207 1766/69/208 2018/70/208
f 2018/70/208 1766/69/208 1768/71/209 2019/72/209
f 2019/72/209 1768/71/209 1770/73/210 2020/74/210
f 2020/74/210 1770/73/210 1772/75/211 2021/76/211
f 2021/76/211 1772/75/211 1774/77/212 2022/78/212
f 2022/78/212 1774/77/212 1776/79/63 2023/80/63
f 2023/80/63 1776/79/63 1778/81/213 2024/82/213
f 2024/82/213 1778/81/213 1780/83/214 2025/84/214
f 2025/84/214 1780/83/214 1782/85/215 2026/86/215
f 2026/86/215 1782/85/215 1784/87/216 2027/88/216
f 2027/88/216 1784/87/216 1786/89/217 2028/90/217
f 2028/90/217 1786/89/217 1788/91/218 2029/92/218
f 2029/92/218 1788/91/218 1790/93/219 2030/94/219
f 2030/94/219 1790/93/219 1792/95/220 2031/96/220
f 2031/96/220 1792/95/220 1794/97/221 2032/98/221
f 2032/98/221 1794/97/221 1796/99/222 2033/100/222
f 2033/100/222 1796/99/222 1798/101/223 2034/102/223
f 2034/102/223 1798/101/223 1800/103/224 2035/104/224
f 2035/104/224 1800/103/224 1802/105/225 2036/106/225
f 2036/106/225 1802/105/225 1804/107/226 2037/108/226
f 2037/108/226 1804/107/226 1806/109/227 2038/110/227
f 2038/110/227 1806/109/227 1808/111/99 2039/112/99
f 2039/112/99 1808/111/99 1810/113/228 2040/114/228
f 2040/114/228 1810/113/228 1812/115/229 2041/116/229
f 2041/116/229 1812/115/229 1814/117/230 2042/118/230
f 2042/118/230 1814/117/230 1816/119/231 2043/120/231
f 2043/120/231 1816/119/231 1818/121/232 2044/122/232
f 2044/122/232 1818/121/232 1820/123/233 2045/124/233
s 0
f 1780/83/234 1778/81/234 1832/125/234 1833/126/234
s 1
f 2045/124/233 1820/123/233 1822/127/235 2046/128/235
f 2046/128/235 1822/127/235 1760/64/205 2015/63/205
f 1815/129/231 1817/130/232 2140/131/232 2139/132/231
f 1837/133/218 1836/134/217 1868/135/217 1869/136/218
s 0
f 1798/101/234 1796/99/234 1841/137/234 1842/138/234
f 1816/119/234 1814/117/234 1850/139/234 1851/140/234
f 1772/75/234 1770/73/234 1828/141/234 1829/142/234
f 1790/93/234 1788/91/234 1837/133/234 1838/143/234
f 1808/111/234 1806/109/234 1846/144/234 1847/145/234
f 1764/67/234 1762/65/234 1823/146/234 1825/147/234
f 1782/85/234 1780/83/234 1833/126/234 1834/148/234
f 1800/103/234 1798/101/234 1842/138/234 1843/149/234
f 1818/121/234 1816/119/234 1851/140/234 1852/150/234
f 1774/77/234 1772/75/234 1829/142/234 1830/151/234
f 1792/95/234 1790/93/234 1838/143/234 1839/152/234
f 1810/113/234 1808/111/234 1847/145/234 1848/153/234
f 1766/69/234 1764/67/234 1825/147/234 1826/154/234
f 1784/87/234 1782/85/234 1834/148/234 1835/155/234
f 1802/105/234 1800/103/234 1843/149/234 1844/156/234
f 1820/123/234 1818/121/234 1852/150/234 1853/157/234
f 1776/79/234 1774/77/234 1830/151/234 1831/158/234
f 1794/97/234 1792/95/234 1839/152/234 1840/159/234
f 1812/115/234 1810/113/234 1848/153/234 1849/160/234
f 1768/71/234 1766/69/234 1826/154/234 1827/161/234
f 1786/89/234 1784/87/234 1835/155/234 1836/134/234
f 1804/107/234 1802/105/234 1844/156/234 1845/162/234
f 1822/127/234 1820/123/234 1853/157/234 1854/163/234
f 1778/81/234 1776/79/234 1831/158/234 1832/125/234
f 1796/99/234 1794/97/234 1840/159/234 1841/137/234
f 1814/117/234 1812/115/234 1849/160/234 1850/139/234
f 1770/73/234 1768/71/234 1827/161/234 1828/141/234
f 1788/91/234 1786/89/234 1836/134/234 1837/133/234
f 1806/109/234 1804/107/234 1845/162/234 1846/144/234
f 1762/65/234 1760/64/234 1824/164/234 1823/146/234
f 1760/64/234 1822/127/234 1854/163/234 1824/164/234
f 1872/165/234 1871/166/234 1903/167/234 1904/168/234
s 1
f 1823/146/206 1824/164/205 1856/169/205 1855/170/206
f 1851/140/231 1850/139/230 1882/171/230 1883/172/231
f 1838/143/219 1837/133/218 1869/136/218 1870/173/219
f 1825/147/207 1823/146/206 1855/170/206 1857/174/207
f 1852/150/232 1851/140/231 1883/172/231 1884/175/232
f 1839/152/220 1838/143/219 1870/173/219 1871/166/220
f 1826/154/208 1825/147/207 1857/174/207 1858/176/208
f 1853/157/233 1852/150/232 1884/175/232 1885/177/233
f 1840/159/221 1839/152/220 1871/166/220 1872/165/221
f 1827/161/209 1826/154/208 1858/176/208 1859/178/209
f 1854/163/235 1853/157/233 1885/177/233 1886/179/235
f 1841/137/222 1840/159/221 1872/165/221 1873/180/222
f 1828/141/210 1827/161/209 1859/178/209 1860/181/210
f 1824/164/205 1854/163/235 1886/179/235 1856/169/205
f 1842/138/223 1841/137/222 1873/180/222 1874/182/223
f 1829/142/211 1828/141/210 1860/181/210 1861/183/211
f 1843/149/224 1842/138/223 1874/182/223 1875/184/224
f 1830/151/212 1829/142/211 1861/183/211 1862/185/212
f 1844/156/225 1843/149/224 1875/184/224 1876/186/225
f 1831/158/63 1830/151/212 1862/185/212 1863/187/63
f 1845/162/226 1844/156/225 1876/186/225 1877/188/226
f 1832/125/213 1831/158/63 1863/187/63 1864/189/213
f 1846/144/227 1845/162/226 1877/188/226 1878/190/227
f 1833/126/214 1832/125/213 1864/189/213 1865/191/214
f 1847/145/99 1846/144/227 1878/190/227 1879/192/99
f 1834/148/215 1833/126/214 1865/191/214 1866/193/215
f 1848/153/228 1847/145/99 1879/192/99 1880/194/228
f 1835/155/216 1834/148/215 1866/193/215 1867/195/216
f 1849/160/229 1848/153/228 1880/194/228 1881/196/229
f 1836/134/217 1835/155/216 1867/195/216 1868/135/217
f 1850/139/230 1849/160/229 1881/196/229 1882/171/230
f 1888/197/220 1918/198/219 1982/199/219 1952/200/220
s 0
f 1859/178/234 1858/176/234 1890/201/234 1891/202/234
f 1886/179/234 1885/177/234 1917/203/234 1918/198/234
f 1873/180/234 1872/165/234 1904/168/234 1905/204/234
f 1860/181/234 1859/178/234 1891/202/234 1892/205/234
f 1856/169/234 1886/179/234 1918/198/234 1888/197/234
f 1874/182/234 1873/180/234 1905/204/234 1906/206/234
f 1861/183/234 1860/181/234 1892/205/234 1893/207/234
f 1875/184/234 1874/182/234 1906/206/234 1907/208/234
f 1862/185/234 1861/183/234 1893/207/234 1894/209/234
f 1876/186/234 1875/184/234 1907/208/234 1908/210/234
f 1863/187/234 1862/185/234 1894/209/234 1895/211/234
f 1877/188/234 1876/186/234 1908/210/234 1909/212/234
f 1864/189/234 1863/187/234 1895/211/234 1896/213/234
f 1878/190/234 1877/188/234 1909/212/234 1910/214/234
f 1865/191/234 1864/189/234 1896/213/234 1897/215/234
f 1879/192/234 1878/190/234 1910/214/234 1911/216/234
f 1866/193/234 1865/191/234 1897/215/234 1898/217/234
f 1880/194/234 1879/192/234 1911/216/234 1912/218/234
f 1867/195/234 1866/193/234 1898/217/234 1899/219/234
f 1881/196/234 1880/194/234 1912/218/234 1913/220/234
f 1868/135/234 1867/195/234 1899/219/234 1900/221/234
f 1882/171/234 1881/196/234 1913/220/234 1914/222/234
f 1869/136/234 1868/135/234 1900/221/234 1901/223/234
f 1855/170/234 1856/169/234 1888/197/234 1887/224/234
f 1883/172/234 1882/171/234 1914/222/234 1915/225/234
f 1870/173/234 1869/136/234 1901/223/234 1902/226/234
f 1857/174/234 1855/170/234 1887/224/234 1889/227/234
f 1884/175/234 1883/172/234 1915/225/234 1916/228/234
f 1871/166/234 1870/173/234 1902/226/234 1903/167/234
f 1858/176/234 1857/174/234 1889/227/234 1890/201/234
f 1885/177/234 1884/175/234 1916/228/234 1917/203/234
f 2180/229/236 2181/230/236 2277/231/236 2276/232/236
s 1
f 1938/233/223 1939/234/224 2003/235/224 2002/236/223
f 1892/205/225 1891/202/224 1955/237/224 1956/238/225
f 1918/198/219 1917/203/218 1981/239/218 1982/199/219
f 1937/240/222 1938/233/223 2002/236/223 2001/241/222
f 1891/202/224 1890/201/223 1954/242/223 1955/237/224
f 1917/203/218 1916/228/217 1980/243/217 1981/239/218
f 1936/244/221 1937/240/222 2001/241/222 2000/245/221
f 1890/201/223 1889/227/222 1953/246/222 1954/242/223
f 1916/228/217 1915/225/216 1979/247/216 1980/243/217
f 1935/248/220 1936/244/221 2000/245/221 1999/249/220
f 1889/227/222 1887/224/221 1951/250/221 1953/246/222
f 1915/225/216 1914/222/215 1978/251/215 1979/247/216
f 1934/252/219 1935/248/220 1999/249/220 1998/253/219
f 1887/224/221 1888/197/220 1952/200/220 1951/250/221
f 1914/222/215 1913/220/214 1977/254/214 1978/251/215
f 1933/255/218 1934/252/219 1998/253/219 1997/256/218
f 1913/220/214 1912/218/213 1976/257/213 1977/254/214
f 1932/258/217 1933/255/218 1997/256/218 1996/259/217
f 1912/218/213 1911/216/63 1975/260/63 1976/257/213
f 1931/261/216 1932/258/217 1996/259/217 1995/262/216
f 1911/216/63 1910/214/212 1974/263/212 1975/260/63
f 1930/264/215 1931/261/216 1995/262/216 1994/265/215
f 1910/214/212 1909/212/211 1973/266/211 1974/263/212
f 1929/267/214 1930/264/215 1994/265/215 1993/268/214
f 1909/212/211 1908/210/210 1972/269/210 1973/266/211
f 1928/270/213 1929/267/214 1993/268/214 1992/271/213
f 1908/210/210 1907/208/209 1971/272/209 1972/269/210
f 1927/273/63 1928/270/213 1992/271/213 1991/274/63
f 1907/208/209 1906/206/208 1970/275/208 1971/272/209
f 1926/276/212 1927/273/63 1991/274/63 1990/277/212
f 1906/206/208 1905/204/207 1969/278/207 1970/275/208
s 0
f 1971/272/234 1970/275/234 2002/236/234 2003/235/234
f 1958/279/234 1957/280/234 1989/281/234 1990/277/234
f 1972/269/234 1971/272/234 2003/235/234 2004/282/234
f 1959/283/234 1958/279/234 1990/277/234 1991/274/234
f 1973/266/234 1972/269/234 2004/282/234 2005/284/234
f 1960/285/234 1959/283/234 1991/274/234 1992/271/234
f 1974/263/234 1973/266/234 2005/284/234 2006/286/234
f 1961/287/234 1960/285/234 1992/271/234 1993/268/234
f 1975/260/234 1974/263/234 2006/286/234 2007/288/234
f 1962/289/234 1961/287/234 1993/268/234 1994/265/234
f 1976/257/234 1975/260/234 2007/288/234 2008/290/234
f 1963/291/234 1962/289/234 1994/265/234 1995/262/234
f 1977/254/234 1976/257/234 2008/290/234 2009/292/234
f 1964/293/234 1963/291/234 1995/262/234 1996/259/234
f 1978/251/234 1977/254/234 2009/292/234 2010/294/234
f 1965/295/234 1964/293/234 1996/259/234 1997/256/234
f 1951/250/234 1952/200/234 1984/296/234 1983/297/234
f 1979/247/234 1978/251/234 2010/294/234 2011/298/234
f 1966/299/234 1965/295/234 1997/256/234 1998/253/234
f 1953/246/234 1951/250/234 1983/297/234 1985/300/234
f 1980/243/234 1979/247/234 2011/298/234 2012/301/234
f 1967/302/234 1966/299/234 1998/253/234 1999/249/234
f 1954/242/234 1953/246/234 1985/300/234 1986/303/234
f 1981/239/234 1980/243/234 2012/301/234 2013/304/234
f 1968/305/234 1967/302/234 1999/249/234 2000/245/234
f 1955/237/234 1954/242/234 1986/303/234 1987/306/234
f 1982/199/234 1981/239/234 2013/304/234 2014/307/234
f 1969/278/234 1968/305/234 2000/245/234 2001/241/234
f 1956/238/234 1955/237/234 1987/306/234 1988/308/234
f 1952/200/234 1982/199/234 2014/307/234 1984/296/234
f 1970/275/234 1969/278/234 2001/241/234 2002/236/234
f 1957/280/234 1956/238/234 1988/308/234 1989/281/234
s 1
f 1893/207/226 1892/205/225 1956/238/225 1957/280/226
f 1939/234/224 1940/309/225 2004/282/225 2003/235/224
f 1894/209/227 1893/207/226 1957/280/226 1958/279/227
f 1940/309/225 1941/310/226 2005/284/226 2004/282/225
f 1895/211/99 1894/209/227 1958/279/227 1959/283/99
f 1941/310/226 1942/311/227 2006/286/227 2005/284/226
f 1896/213/228 1895/211/99 1959/283/99 1960/285/228
f 1942/311/227 1943/312/99 2007/288/99 2006/286/227
f 1897/215/229 1896/213/228 1960/285/228 1961/287/229
f 1943/312/99 1944/313/228 2008/290/228 2007/288/99
f 1898/217/230 1897/215/229 1961/287/229 1962/289/230
f 1944/313/228 1945/314/229 2009/292/229 2008/290/228
f 1899/219/231 1898/217/230 1962/289/230 1963/291/231
f 1945/314/229 1946/315/230 2010/294/230 2009/292/229
f 1920/316/205 1919/317/206 1983/297/206 1984/296/205
f 1900/221/232 1899/219/231 1963/291/231 1964/293/232
f 1946/315/230 1947/318/231 2011/298/231 2010/294/230
f 1919/317/206 1921/319/207 1985/300/207 1983/297/206
f 1901/223/233 1900/221/232 1964/293/232 1965/295/233
f 1947/318/231 1948/320/232 2012/301/232 2011/298/231
f 1921/319/207 1922/321/208 1986/303/208 1985/300/207
f 1902/226/235 1901/223/233 1965/295/233 1966/299/235
f 1948/320/232 1949/322/233 2013/304/233 2012/301/232
f 1922/321/208 1923/323/209 1987/306/209 1986/303/208
f 1903/167/205 1902/226/235 1966/299/235 1967/302/205
f 1949/322/233 1950/324/235 2014/307/235 2013/304/233
f 1923/323/209 1924/325/210 1988/308/210 1987/306/209
f 1904/168/206 1903/167/205 1967/302/205 1968/305/206
f 1950/324/235 1920/316/205 1984/296/205 2014/307/235
f 1924/325/210 1925/326/211 1989/281/211 1988/308/210
f 1905/204/207 1904/168/206 1968/305/206 1969/278/207
f 1925/326/211 1926/276/212 1990/277/212 1989/281/211
s 0
f 2043/327/234 2044/328/234 2105/329/234 2103/330/234
f 2017/331/234 2018/332/234 2053/333/234 2051/334/234
f 1789/335/236 1787/336/236 2074/337/236 2076/338/236
f 2044/328/234 2045/339/234 2107/340/234 2105/329/234
f 1771/341/236 1769/342/236 2056/343/236 2058/344/236
f 2018/332/234 2019/345/234 2055/346/234 2053/333/234
f 1759/347/236 1821/348/236 2108/349/236 2047/350/236
f 2045/339/234 2046/351/234 2109/352/234 2107/340/234
f 2019/345/234 2020/353/234 2057/354/234 2055/346/234
f 1805/355/236 1803/356/236 2090/357/236 2092/358/236
f 2046/351/234 2015/359/234 2110/360/234 2109/352/234
f 2020/353/234 2021/361/234 2059/362/234 2057/354/234
f 1787/336/236 1785/363/236 2072/364/236 2074/337/236
f 1769/342/236 1767/365/236 2054/366/236 2056/343/236
f 2021/361/234 2022/367/234 2061/368/234 2059/362/234
f 1821/348/236 1819/369/236 2106/370/236 2108/349/236
f 2022/367/234 2023/371/234 2063/372/234 2061/368/234
f 1803/356/236 1801/373/236 2088/374/236 2090/357/236
f 2023/371/234 2024/375/234 2065/376/234 2063/372/234
f 1785/363/236 1783/377/236 2070/378/236 2072/364/236
f 1767/365/236 1765/379/236 2052/380/236 2054/366/236
f 2024/375/234 2025/381/234 2067/382/234 2065/376/234
f 1819/369/236 1817/130/236 2104/383/236 2106/370/236
f 2025/381/234 2026/384/234 2069/385/234 2067/382/234
f 1801/373/236 1799/386/236 2086/387/236 2088/374/236
f 2026/384/234 2027/388/234 2071/389/234 2069/385/234
f 1783/377/236 1781/390/236 2068/391/236 2070/378/236
f 1765/379/236 1763/392/236 2050/393/236 2052/380/236
f 2027/388/234 2028/394/234 2073/395/234 2071/389/234
f 1817/130/236 1815/129/236 2102/396/236 2104/383/236
f 2028/394/234 2029/397/234 2075/398/234 2073/395/234
f 1799/386/236 1797/399/236 2084/400/236 2086/387/236
s 1
f 2108/349/235 2109/352/235 2110/360/205 2047/350/205
f 2106/370/233 2107/340/233 2109/352/235 2108/349/235
f 2104/383/232 2105/329/232 2107/340/233 2106/370/233
f 2102/396/231 2103/330/231 2105/329/232 2104/383/232
f 2100/401/230 2101/402/230 2103/330/231 2102/396/231
f 2098/403/229 2099/404/229 2101/402/230 2100/401/230
f 2096/405/228 2097/406/228 2099/404/229 2098/403/229
f 2094/407/99 2095/408/99 2097/406/228 2096/405/228
f 2092/358/227 2093/409/227 2095/408/99 2094/407/99
f 2090/357/226 2091/410/226 2093/409/227 2092/358/227
f 2088/374/225 2089/411/225 2091/410/226 2090/357/226
f 2086/387/224 2087/412/224 2089/411/225 2088/374/225
f 2084/400/223 2085/413/223 2087/412/224 2086/387/224
f 2082/414/222 2083/415/222 2085/413/223 2084/400/223
f 2080/416/221 2081/417/221 2083/415/222 2082/414/222
f 2078/418/220 2079/419/220 2081/417/221 2080/416/221
f 2076/338/219 2077/420/219 2079/419/220 2078/418/220
f 2074/337/218 2075/398/218 2077/420/219 2076/338/219
f 2072/364/217 2073/395/217 2075/398/218 2074/337/218
f 2070/378/216 2071/389/216 2073/395/217 2072/364/217
f 2068/391/215 2069/385/215 2071/389/216 2070/378/216
f 2066/421/214 2067/382/214 2069/385/215 2068/391/215
f 2064/422/213 2065/376/213 2067/382/214 2066/421/214
f 2062/423/63 2063/372/63 2065/376/213 2064/422/213
f 2060/424/212 2061/368/212 2063/372/63 2062/423/63
f 2058/344/211 2059/362/211 2061/368/212 2060/424/212
f 2056/343/210 2057/354/210 2059/362/211 2058/344/211
f 2054/366/209 2055/346/209 2057/354/210 2056/343/210
f 2052/380/208 2053/333/208 2055/346/209 2054/366/209
f 2050/393/207 2051/334/207 2053/333/208 2052/380/208
f 2048/425/206 2049/426/206 2051/334/207 2050/393/207
f 2047/350/205 2110/360/205 2049/426/206 2048/425/206
s 0
f 1807/427/236 1805/355/236 2092/358/236 2094/407/236
f 2016/428/234 2017/331/234 2051/334/234 2049/426/234
f 2042/429/234 2043/327/234 2103/330/234 2101/402/234
f 2015/359/234 2016/428/234 2049/426/234 2110/360/234
f 1773/430/236 1771/341/236 2058/344/236 2060/424/236
f 2041/431/234 2042/429/234 2101/402/234 2099/404/234
f 1791/432/236 1789/335/236 2076/338/236 2078/418/236
f 2040/433/234 2041/431/234 2099/404/234 2097/406/234
f 1809/434/236 1807/427/236 2094/407/236 2096/405/236
f 2039/435/234 2040/433/234 2097/406/234 2095/408/234
f 1775/436/236 1773/430/236 2060/424/236 2062/423/236
f 2038/437/234 2039/435/234 2095/408/234 2093/409/234
f 1793/438/236 1791/432/236 2078/418/236 2080/416/236
f 2037/439/234 2038/437/234 2093/409/234 2091/410/234
f 1811/440/236 1809/434/236 2096/405/236 2098/403/236
f 2036/441/234 2037/439/234 2091/410/234 2089/411/234
f 1777/442/236 1775/436/236 2062/423/236 2064/422/236
f 2035/443/234 2036/441/234 2089/411/234 2087/412/234
f 1795/444/236 1793/438/236 2080/416/236 2082/414/236
f 2034/445/234 2035/443/234 2087/412/234 2085/413/234
f 1761/446/236 1759/347/236 2047/350/236 2048/425/236
f 1813/447/236 1811/440/236 2098/403/236 2100/401/236
f 2033/448/234 2034/445/234 2085/413/234 2083/415/234
f 1779/449/236 1777/442/236 2064/422/236 2066/421/236
f 2032/450/234 2033/448/234 2083/415/234 2081/417/234
f 1797/399/236 1795/444/236 2082/414/236 2084/400/236
f 2031/451/234 2032/450/234 2081/417/234 2079/419/234
f 1815/129/236 1813/447/236 2100/401/236 2102/396/236
f 2030/452/234 2031/451/234 2079/419/234 2077/420/234
f 1763/392/236 1761/446/236 2048/425/236 2050/393/236
f 1781/390/236 1779/449/236 2066/421/236 2068/391/236
f 2029/397/234 2030/452/234 2077/420/234 2075/398/234
f 2111/453/236 2112/454/236 2113/455/236 2114/456/236 2115/457/236 2116/458/236 2117/459/236 2118/460/236 2119/461/236 2120/462/236 2121/463/236 2122/464/236 2123/465/236 2124/466/236 2125/467/236 2126/468/236 2127/469/236 2128/470/236 2129/471/236 2130/472/236 2131/473/236 2132/474/236 2133/475/236 2134/476/236 2135/477/236 2136/478/236 2137/479/236 2138/480/236 2139/132/236 2140/131/236 2141/481/236 2142/482/236
s 1
f 1771/341/211 1773/430/212 2118/460/212 2117/459/211
f 1789/335/219 1791/432/220 2127/469/220 2126/468/219
f 1807/427/99 1809/434/228 2136/478/228 2135/477/99
f 1763/392/207 1765/379/208 2114/456/208 2113/455/207
f 1781/390/215 1783/377/216 2123/465/216 2122/464/215
f 1799/386/224 1801/373/225 2132/474/225 2131/473/224
f 1817/130/232 1819/369/233 2141/481/233 2140/131/232
f 1773/430/212 1775/436/63 2119/461/63 2118/460/212
f 1791/432/220 1793/438/221 2128/470/221 2127/469/220
f 1809/434/228 1811/440/229 2137/479/229 2136/478/228
f 1765/379/208 1767/365/209 2115/457/209 2114/456/208
f 1783/377/216 1785/363/217 2124/466/217 2123/465/216
f 1801/373/225 1803/356/226 2133/475/226 2132/474/225
f 1819/369/233 1821/348/235 2142/482/235 2141/481/233
f 1775/436/63 1777/442/213 2120/462/213 2119/461/63
f 1793/438/221 1795/444/222 2129/471/222 2128/470/221
f 1811/440/229 1813/447/230 2138/480/230 2137/479/229
f 1767/365/209 1769/342/210 2116/458/210 2115/457/209
f 1785/363/217 1787/336/218 2125/467/218 2124/466/217
f 1803/356/226 1805/355/227 2134/476/227 2133/475/226
f 1759/347/205 1761/446/206 2112/454/206 2111/453/205
f 1821/348/235 1759/347/205 2111/453/205 2142/482/235
f 1777/442/213 1779/449/214 2121/463/214 2120/462/213
f 1795/444/222 1797/399/223 2130/472/223 2129/471/222
f 1813/447/230 1815/129/231 2139/132/231 2138/480/230
f 1769/342/210 1771/341/211 2117/459/211 2116/458/210
f 1787/336/218 1789/335/219 2126/468/219 2125/467/218
f 1805/355/227 1807/427/99 2135/477/99 2134/476/227
f 1761/446/206 1763/392/207 2113/455/207 2112/454/206
f 1779/449/214 1781/390/215 2122/464/215 2121/463/214
f 1797/399/223 1799/386/224 2131/473/224 2130/472/223
s 0
f 2151/483/99 2144/484/99 2146/485/99 2152/486/99
f 2152/486/237 2146/485/237 2150/487/237 2153/488/237
f 2153/488/63 2150/487/63 2148/489/63 2154/490/63
f 2154/490/51 2148/489/51 2144/491/51 2151/492/51
f 2145/493/64 2149/494/64 2147/495/64 2143/496/64
f 2150/487/65 2146/497/65 2144/498/65 2148/489/65
f 2147/495/51 2154/490/51 2151/492/51 2143/499/51
f 2149/494/63 2153/488/63 2154/490/63 2147/495/63
f 2145/500/238 2152/486/238 2153/488/238 2149/494/238
f 2143/501/99 2151/483/99 2152/486/99 2145/500/99
s 1
f 2165/502/214 2164/503/213 2196/504/213 2197/505/214
s 0
f 1941/310/234 1940/309/234 2240/506/234 2241/507/234
f 2179/508/236 2180/229/236 2276/232/236 2275/509/236
f 1940/309/234 1939/234/234 2239/510/234 2240/506/234
f 2178/511/236 2179/508/236 2275/509/236 2274/512/236
f 1939/234/234 1938/233/234 2238/513/234 2239/510/234
f 2177/514/236 2178/511/236 2274/512/236 2273/515/236
f 1938/233/234 1937/240/234 2237/516/234 2238/513/234
f 2176/517/236 2177/514/236 2273/515/236 2272/518/236
f 1937/240/234 1936/244/234 2236/519/234 2237/516/234
f 2175/520/236 2176/517/236 2272/518/236 2271/521/236
f 1936/244/234 1935/248/234 2235/522/234 2236/519/234
f 2174/523/236 2175/520/236 2271/521/236 2270/524/236
f 1935/248/234 1934/252/234 2234/525/234 2235/522/234
f 2173/526/236 2174/523/236 2270/524/236 2269/527/236
f 1934/252/234 1933/255/234 2233/528/234 2234/525/234
f 2172/529/236 2173/526/236 2269/527/236 2268/530/236
f 1933/255/234 1932/258/234 2232/531/234 2233/528/234
f 2171/532/236 2172/529/236 2268/530/236 2267/533/236
f 1932/258/234 1931/261/234 2231/534/234 2232/531/234
f 2170/535/236 2171/532/236 2267/533/236 2266/536/236
f 1931/261/234 1930/264/234 2230/537/234 2231/534/234
f 2169/538/236 2170/535/236 2266/536/236 2265/539/236
f 1930/264/234 1929/267/234 2229/540/234 2230/537/234
f 2168/541/236 2169/538/236 2265/539/236 2264/542/236
f 1929/267/234 1928/270/234 2228/543/234 2229/540/234
f 2167/544/236 2168/541/236 2264/542/236 2263/545/236
f 1928/270/234 1927/273/234 2227/546/234 2228/543/234
f 2166/547/236 2167/544/236 2263/545/236 2262/548/236
f 1927/273/234 1926/276/234 2226/549/234 2227/546/234
f 2165/502/236 2166/547/236 2262/548/236 2261/550/236
f 1926/276/234 1925/326/234 2225/551/234 2226/549/234
f 2187/552/234 2188/553/234 2218/554/234 2217/555/234 2216/556/234 2215/557/234 2214/558/234 2213/559/234 2212/560/234 2211/561/234 2210/562/234 2209/563/234 2208/564/234 2207/565/234 2206/566/234 2205/567/234 2204/568/234 2203/569/234 2202/570/234 2201/571/234 2200/572/234 2199/573/234 2198/574/234 2197/505/234 2196/504/234 2195/575/234 2194/576/234 2193/577/234 2192/578/234 2191/579/234 2190/580/234 2189/581/234
s 1
f 2179/508/99 2178/511/227 2210/562/227 2211/561/99
f 2166/547/215 2165/502/214 2197/505/214 2198/574/215
f 2180/229/228 2179/508/99 2211/561/99 2212/560/228
f 2167/544/216 2166/547/215 2198/574/215 2199/573/216
f 2181/230/229 2180/229/228 2212/560/228 2213/559/229
f 2168/541/217 2167/544/216 2199/573/216 2200/572/217
f 2182/582/230 2181/230/229 2213/559/229 2214/558/230
f 2169/538/218 2168/541/217 2200/572/217 2201/571/218
f 2155/583/206 2156/584/205 2188/553/205 2187/552/206
f 2183/585/231 2182/582/230 2214/558/230 2215/557/231
f 2170/535/219 2169/538/218 2201/571/218 2202/570/219
f 2157/586/207 2155/583/206 2187/552/206 2189/581/207
f 2184/587/232 2183/585/231 2215/557/231 2216/556/232
f 2171/532/220 2170/535/219 2202/570/219 2203/569/220
f 2158/588/208 2157/586/207 2189/581/207 2190/580/208
f 2185/589/233 2184/587/232 2216/556/232 2217/555/233
f 2172/529/221 2171/532/220 2203/569/220 2204/568/221
f 2159/590/209 2158/588/208 2190/580/208 2191/579/209
f 2186/591/235 2185/589/233 2217/555/233 2218/554/235
f 2173/526/222 2172/529/221 2204/568/221 2205/567/222
f 2160/592/210 2159/590/209 2191/579/209 2192/578/210
f 2156/584/205 2186/591/235 2218/554/235 2188/553/205
f 2174/523/223 2173/526/222 2205/567/222 2206/566/223
f 2161/593/211 2160/592/210 2192/578/210 2193/577/211
f 2175/520/224 2174/523/223 2206/566/223 2207/565/224
f 2162/594/212 2161/593/211 2193/577/211 2194/576/212
f 2176/517/225 2175/520/224 2207/565/224 2208/564/225
f 2163/595/63 2162/594/212 2194/576/212 2195/575/63
f 2177/514/226 2176/517/225 2208/564/225 2209/563/226
f 2164/503/213 2163/595/63 2195/575/63 2196/504/213
f 2178/511/227 2177/514/226 2209/563/226 2210/562/227
f 2228/543/213 2227/546/63 2259/596/63 2260/597/213
f 2242/598/227 2241/507/226 2273/515/226 2274/512/227
f 2229/540/214 2228/543/213 2260/597/213 2261/550/214
f 2243/599/99 2242/598/227 2274/512/227 2275/509/99
f 2230/537/215 2229/540/214 2261/550/214 2262/548/215
f 2244/600/228 2243/599/99 2275/509/99 2276/232/228
f 2231/534/216 2230/537/215 2262/548/215 2263/545/216
f 2245/601/229 2244/600/228 2276/232/228 2277/231/229
f 2232/531/217 2231/534/216 2263/545/216 2264/542/217
f 2246/602/230 2245/601/229 2277/231/229 2278/603/230
f 2233/528/218 2232/531/217 2264/542/217 2265/539/218
f 2219/604/206 2220/605/205 2252/606/205 2251/607/206
f 2247/608/231 2246/602/230 2278/603/230 2279/609/231
f 2234/525/219 2233/528/218 2265/539/218 2266/536/219
f 2221/610/207 2219/604/206 2251/607/206 2253/611/207
f 2248/612/232 2247/608/231 2279/609/231 2280/613/232
f 2235/522/220 2234/525/219 2266/536/219 2267/533/220
f 2222/614/208 2221/610/207 2253/611/207 2254/615/208
f 2249/616/233 2248/612/232 2280/613/232 2281/617/233
f 2236/519/221 2235/522/220 2267/533/220 2268/530/221
f 2223/618/209 2222/614/208 2254/615/208 2255/619/209
f 2250/620/235 2249/616/233 2281/617/233 2282/621/235
f 2237/516/222 2236/519/221 2268/530/221 2269/527/222
f 2224/622/210 2223/618/209 2255/619/209 2256/623/210
f 2220/605/205 2250/620/235 2282/621/235 2252/606/205
f 2238/513/223 2237/516/222 2269/527/222 2270/524/223
f 2225/551/211 2224/622/210 2256/623/210 2257/624/211
f 2239/510/224 2238/513/223 2270/524/223 2271/521/224
f 2226/549/212 2225/551/211 2257/624/211 2258/625/212
f 2240/506/225 2239/510/224 2271/521/224 2272/518/225
f 2227/546/63 2226/549/212 2258/625/212 2259/596/63
f 2241/507/226 2240/506/225 2272/518/225 2273/515/226
s 0
f 1942/311/234 1941/310/234 2241/507/234 2242/598/234
f 2181/230/236 2182/582/236 2278/603/236 2277/231/236
f 2156/584/236 2155/583/236 2251/607/236 2252/606/236
f 1943/312/234 1942/311/234 2242/598/234 2243/599/234
f 2182/582/236 2183/585/236 2279/609/236 2278/603/236
f 2155/583/236 2157/586/236 2253/611/236 2251/607/236
f 1944/313/234 1943/312/234 2243/599/234 2244/600/234
f 2183/585/236 2184/587/236 2280/613/236 2279/609/236
f 2157/586/236 2158/588/236 2254/615/236 2253/611/236
f 1945/314/234 1944/313/234 2244/600/234 2245/601/234
f 2184/587/236 2185/589/236 2281/617/236 2280/613/236
f 2158/588/236 2159/590/236 2255/619/236 2254/615/236
f 1946/315/234 1945/314/234 2245/601/234 2246/602/234
f 1919/317/234 1920/316/234 2220/605/234 2219/604/234
f 2185/589/236 2186/591/236 2282/621/236 2281/617/236
f 2159/590/236 2160/592/236 2256/623/236 2255/619/236
f 1947/318/234 1946/315/234 2246/602/234 2247/608/234
f 1921/319/234 1919/317/234 2219/604/234 2221/610/234
f 2186/591/236 2156/584/236 2252/606/236 2282/621/236
f 2160/592/236 2161/593/236 2257/624/236 2256/623/236
f 1948/320/234 1947/318/234 2247/608/234 2248/612/234
f 1922/321/234 1921/319/234 2221/610/234 2222/614/234
f 2161/593/236 2162/594/236 2258/625/236 2257/624/236
f 1949/322/234 1948/320/234 2248/612/234 2249/616/234
f 1923/323/234 1922/321/234 2222/614/234 2223/618/234
f 2162/594/236 2163/595/236 2259/596/236 2258/625/236
f 1950/324/234 1949/322/234 2249/616/234 2250/620/234
f 1924/325/234 1923/323/234 2223/618/234 2224/622/234
f 2163/595/236 2164/503/236 2260/597/236 2259/596/236
f 1920/316/234 1950/324/234 2250/620/234 2220/605/234
f 1925/326/234 1924/325/234 2224/622/234 2225/551/234
f 2164/503/236 2165/502/236 2261/550/236 2260/597/236
f 2289/626/239 2290/627/239 2283/628/239 2284/629/239
f 2291/630/240 2292/631/240 2296/632/240 2295/633/240
f 2294/634/241 2293/635/241 2295/633/241 2296/632/241
f 2288/636/242 2291/630/242 2295/633/242 2293/635/242
f 2287/637/243 2288/636/243 2293/635/243 2294/634/243
f 2292/638/244 2287/639/244 2294/640/244 2296/641/244
f 2286/642/242 2288/636/242 2297/643/242 2298/644/242
f 2297/643/241 2299/645/241 2303/646/241 2301/647/241
f 2288/636/241 2287/637/241 2299/645/241 2297/643/241
f 2287/639/244 2285/648/244 2300/649/244 2299/650/244
f 2285/651/245 2286/642/245 2298/644/245 2300/652/245
f 2299/650/244 2300/649/244 2304/653/244 2303/654/244
f 2304/653/135 2300/649/135 2306/655/135 2308/656/135
f 2298/644/242 2297/643/242 2301/647/242 2302/657/242
f 2305/658/64 2307/659/64 2311/660/64 2309/661/64
f 2302/657/136 2304/662/136 2308/663/136 2307/659/136
f 2298/644/133 2302/657/133 2307/659/133 2305/658/133
f 2300/652/134 2298/644/134 2305/658/134 2306/664/134
f 2311/660/136 2312/665/136 2316/666/136 2315/667/136
f 2307/659/64 2308/663/64 2312/665/64 2311/660/64
f 2308/656/64 2306/655/64 2310/668/64 2312/669/64
f 2306/664/64 2305/658/64 2309/661/64 2310/670/64
f 2314/671/65 2313/672/65 2315/667/65 2316/666/65
f 2312/669/135 2310/668/135 2314/673/135 2316/674/135
f 2310/670/134 2309/661/134 2313/672/134 2314/671/134
f 2309/661/133 2311/660/133 2315/667/133 2313/672/133
f 2317/675/246 2318/676/246 2319/677/246
f 2320/678/247 2321/679/247 2322/680/247
f 2323/681/248 2324/682/248 2325/683/248
f 2326/684/249 2327/685/249 2328/686/249
f 2320/687/250 2318/676/250 2317/675/250 2321/688/250
f 2323/689/251 2327/685/251 2326/684/251 2324/690/251
f 2319/677/242 2318/676/242 2302/657/242 2301/647/242 2326/684/242 2328/686/242
f 2328/686/252 2327/685/252 2289/626/252 2284/629/252 2317/675/252 2319/677/252
f 2320/687/253 2304/662/253 2302/657/253 2318/676/253
f 2321/688/254 2317/675/254 2284/629/254 2283/628/254
f 2320/678/244 2322/680/244 2325/683/244 2324/682/244 2303/654/244 2304/653/244
f 2290/691/255 2323/681/255 2325/683/255 2322/680/255 2321/679/255 2283/692/255
f 2323/689/256 2290/627/256 2289/626/256 2327/685/256
f 2324/690/257 2326/684/257 2301/647/257 2303/646/257
f 2329/693/258 2332/694/258 2331/695/258 2330/696/258
f 2288/636/242 2286/642/242 2329/693/242 2330/696/242 2291/630/242
f 2292/631/240 2291/630/240 2330/696/240 2331/695/240
f 2286/642/245 2285/651/245 2332/694/245 2329/693/245
f 2285/648/244 2287/639/244 2292/638/244 2331/697/244 2332/698/244
