# Blender 4.5.3 LTS
# www.blender.org
mtllib body.mtl
o Cube.005
v -0.148642 -0.385058 0.872015
v -0.148642 -0.476162 0.963118
v -0.239745 -0.385058 0.963118
v -0.148642 -0.449478 0.898698
v -0.201241 -0.437657 0.910520
v -0.213062 -0.449478 0.963118
v -0.213062 -0.385058 0.898698
v -0.148642 -0.476162 1.509601
v -0.148642 -0.385058 1.600704
v -0.239745 -0.385058 1.509601
v -0.148642 -0.449478 1.574020
v -0.201241 -0.437657 1.562199
v -0.213062 -0.385058 1.574020
v -0.213062 -0.449478 1.509601
v -0.148642 -0.324679 0.872015
v -0.239745 -0.324679 0.963118
v -0.148642 -0.233576 0.963118
v -0.213062 -0.324679 0.898698
v -0.201241 -0.272081 0.910520
v -0.213062 -0.260260 0.963118
v -0.148642 -0.260260 0.898698
v -0.148642 -0.324679 1.600704
v -0.148642 -0.233576 1.509601
v -0.239745 -0.324679 1.509601
v -0.148642 -0.260260 1.574020
v -0.201241 -0.272081 1.562199
v -0.213062 -0.260260 1.509601
v -0.213062 -0.324679 1.574020
v 0.148642 -0.385058 0.872015
v 0.239745 -0.385058 0.963118
v 0.148642 -0.476162 0.963118
v 0.213062 -0.385058 0.898698
v 0.201241 -0.437657 0.910520
v 0.213062 -0.449478 0.963118
v 0.148642 -0.449478 0.898698
v 0.148642 -0.385058 1.600704
v 0.148642 -0.476162 1.509601
v 0.239745 -0.385058 1.509601
v 0.148642 -0.449478 1.574020
v 0.201241 -0.437657 1.562199
v 0.213062 -0.449478 1.509601
v 0.213062 -0.385058 1.574020
v 0.148642 -0.324679 0.872015
v 0.148642 -0.233576 0.963118
v 0.239745 -0.324679 0.963118
v 0.148642 -0.260260 0.898698
v 0.201241 -0.272081 0.910520
v 0.213062 -0.260260 0.963118
v 0.213062 -0.324679 0.898698
v 0.148642 -0.324679 1.600704
v 0.239745 -0.324679 1.509601
v 0.148642 -0.233576 1.509601
v 0.213062 -0.324679 1.574020
v 0.201241 -0.272081 1.562199
v 0.213062 -0.260260 1.509601
v 0.148642 -0.260260 1.574020
vn -0.1794 -0.1794 -0.9673
vn -0.1794 -0.9673 -0.1794
vn -0.9673 -0.1794 -0.1794
vn -0.1726 -0.6965 -0.6965
vn -0.5774 -0.5774 -0.5774
vn -0.6965 -0.6965 -0.1726
vn -0.6965 -0.1726 -0.6965
vn -0.1794 -0.9673 0.1794
vn -0.1794 -0.1794 0.9673
vn -0.9673 -0.1794 0.1794
vn -0.1726 -0.6965 0.6965
vn -0.5774 -0.5774 0.5774
vn -0.6965 -0.1726 0.6965
vn -0.6965 -0.6965 0.1726
vn -0.1794 0.1794 -0.9673
vn -0.9673 0.1794 -0.1794
vn -0.1794 0.9673 -0.1794
vn -0.6965 0.1726 -0.6965
vn -0.5774 0.5774 -0.5774
vn -0.6965 0.6965 -0.1726
vn -0.1726 0.6965 -0.6965
vn -0.1794 0.1794 0.9673
vn -0.1794 0.9673 0.1794
vn -0.9673 0.1794 0.1794
vn -0.1726 0.6965 0.6965
vn -0.5774 0.5774 0.5774
vn -0.6965 0.6965 0.1726
vn -0.6965 0.1726 0.6965
vn 0.1794 -0.1794 -0.9673
vn 0.9673 -0.1794 -0.1794
vn 0.1794 -0.9673 -0.1794
vn 0.6965 -0.1726 -0.6965
vn 0.5774 -0.5774 -0.5774
vn 0.6965 -0.6965 -0.1726
vn 0.1726 -0.6965 -0.6965
vn 0.1794 -0.1794 0.9673
vn 0.1794 -0.9673 0.1794
vn 0.9673 -0.1794 0.1794
vn 0.1726 -0.6965 0.6965
vn 0.5774 -0.5774 0.5774
vn 0.6965 -0.6965 0.1726
vn 0.6965 -0.1726 0.6965
vn 0.1794 0.1794 -0.9673
vn 0.1794 0.9673 -0.1794
vn 0.9673 0.1794 -0.1794
vn 0.1726 0.6965 -0.6965
vn 0.5774 0.5774 -0.5774
vn 0.6965 0.6965 -0.1726
vn 0.6965 0.1726 -0.6965
vn 0.1794 0.1794 0.9673
vn 0.9673 0.1794 0.1794
vn 0.1794 0.9673 0.1794
vn 0.6965 0.1726 0.6965
vn 0.5774 0.5774 0.5774
vn 0.6965 0.6965 0.1726
vn 0.1726 0.6965 0.6965
vt 0.361109 0.552869
vt 0.387781 0.506188
vt 0.455423 0.521039
vt 0.429086 0.552553
vt 0.387801 0.567399
vt 0.473961 0.566997
vt 0.429328 0.601133
vt 0.388206 0.934643
vt 0.388225 0.995854
vt 0.456452 0.980554
vt 0.474734 0.934330
vt 0.362286 0.950060
vt 0.430945 0.949950
vt 0.430702 0.901370
vt 0.339977 0.583829
vt 0.399431 0.583566
vt 0.355217 0.628082
vt 0.313305 0.630510
vt 0.399722 0.626697
vt 0.355090 0.660833
vt 0.313557 0.660927
vt 0.341658 0.919743
vt 0.315720 0.873949
vt 0.358104 0.876211
vt 0.401838 0.919716
vt 0.315468 0.843532
vt 0.357515 0.843626
vt 0.401547 0.876585
vt 0.132461 0.553944
vt 0.064484 0.554260
vt 0.039158 0.523087
vt 0.106986 0.507590
vt 0.064277 0.602703
vt 0.020678 0.569162
vt 0.106838 0.568760
vt 0.131450 0.950485
vt 0.105511 0.996788
vt 0.037303 0.981872
vt 0.062791 0.950595
vt 0.105659 0.935618
vt 0.019131 0.935931
vt 0.062999 0.902152
vt 0.152800 0.584643
vt 0.178275 0.630998
vt 0.136570 0.628877
vt 0.093346 0.584906
vt 0.178293 0.661330
vt 0.136760 0.661423
vt 0.093161 0.627883
vt 0.152078 0.919764
vt 0.091898 0.919791
vt 0.135594 0.875615
vt 0.178016 0.873461
vt 0.092084 0.876814
vt 0.135952 0.843035
vt 0.177998 0.843129
s 1
usemtl atlas
f 1/1/1 4/2/4 5/3/5 7/4/7
f 2/5/2 6/6/6 5/3/5 4/2/4
f 3/7/3 7/4/7 5/3/5 6/6/6
f 8/8/8 11/9/11 12/10/12 14/11/14
f 9/12/9 13/13/13 12/10/12 11/9/11
f 10/14/10 14/11/14 12/10/12 13/13/13
f 15/15/15 18/16/18 19/17/19 21/18/21
f 16/19/16 20/20/20 19/17/19 18/16/18
f 17/21/17 21/18/21 19/17/19 20/20/20
f 22/22/22 25/23/25 26/24/26 28/25/28
f 23/26/23 27/27/27 26/24/26 25/23/25
f 24/28/24 28/25/28 26/24/26 27/27/27
f 29/29/29 32/30/32 33/31/33 35/32/35
f 30/33/30 34/34/34 33/31/33 32/30/32
f 31/35/31 35/32/35 33/31/33 34/34/34
f 36/36/36 39/37/39 40/38/40 42/39/42
f 37/40/37 41/41/41 40/38/40 39/37/39
f 38/42/38 42/39/42 40/38/40 41/41/41
f 43/43/43 46/44/46 47/45/47 49/46/49
f 44/47/44 48/48/48 47/45/47 46/44/46
f 45/49/45 49/46/49 47/45/47 48/48/48
f 50/50/50 53/51/53 54/52/54 56/53/56
f 51/54/51 55/55/55 54/52/54 53/51/53
f 52/56/52 56/53/56 54/52/54 55/55/55
f 15/15/15 1/1/1 7/4/7 18/16/18
f 18/16/18 7/4/7 3/7/3 16/19/16
f 2/5/2 8/8/8 14/11/14 6/6/6
f 6/6/6 14/11/14 10/14/10 3/7/3
f 9/12/9 22/22/22 28/25/28 13/13/13
f 13/13/13 28/25/28 24/28/24 10/14/10
f 23/26/23 17/21/17 20/20/20 27/27/27
f 27/27/27 20/20/20 16/19/16 24/28/24
f 43/43/43 15/15/15 21/18/21 46/44/46
f 46/44/46 21/18/21 17/21/17 44/47/44
f 22/22/22 50/50/50 56/53/56 25/23/25
f 25/23/25 56/53/56 52/56/52 23/26/23
f 51/54/51 45/49/45 48/48/48 55/55/55
f 55/55/55 48/48/48 44/47/44 52/56/52
f 29/29/29 43/43/43 49/46/49 32/30/32
f 32/30/32 49/46/49 45/49/45 30/33/30
f 50/50/50 36/36/36 42/39/42 53/51/53
f 53/51/53 42/39/42 38/42/38 51/54/51
f 37/40/37 31/35/31 34/34/34 41/41/41
f 41/41/41 34/34/34 30/33/30 38/42/38
f 1/1/1 29/29/29 35/32/35 4/2/4
f 4/2/4 35/32/35 31/35/31 2/5/2
f 36/36/36 9/12/9 11/9/11 39/37/39
f 39/37/39 11/9/11 8/8/8 37/40/37
f 15/15/15 43/43/43 29/29/29 1/1/1
f 3/7/3 10/14/10 24/28/24 16/19/16
f 31/35/31 37/40/37 8/8/8 2/5/2
f 50/50/50 22/22/22 9/12/9 36/36/36
f 17/21/17 23/26/23 52/56/52 44/47/44
f 45/49/45 51/54/51 38/42/38 30/33/30
o Cube.006
v -0.102249 -0.152942 0.849977
v -0.102249 -0.152942 1.413047
v -0.102249 0.102681 0.849977
v -0.102249 0.087402 1.413047
v 0.102249 -0.152942 0.849977
v 0.102249 -0.152942 1.413047
v 0.102249 0.102681 0.849977
v 0.102249 0.087402 1.413047
v -0.142440 -0.203180 1.037667
v -0.142440 -0.203180 1.225357
v -0.142440 0.152919 1.225357
v -0.142440 0.152919 1.037667
v 0.142440 0.152919 1.225357
v 0.142440 0.152919 1.037667
v 0.142440 -0.203180 1.225357
v 0.142440 -0.203180 1.037667
vn -0.9778 -0.0000 0.2094
vn -0.0000 0.9441 0.3296
vn 0.9778 -0.0000 0.2094
vn -0.0000 -0.9660 0.2586
vn -0.0000 -0.0000 -1.0000
vn -0.0000 -0.0000 1.0000
vn -0.0000 -0.9660 -0.2586
vn -0.0000 -1.0000 -0.0000
vn 0.9778 -0.0000 -0.2094
vn 1.0000 -0.0000 -0.0000
vn -0.0000 0.9660 -0.2586
vn -0.0000 1.0000 -0.0000
vn -0.9778 -0.0000 -0.2094
vn -1.0000 -0.0000 -0.0000
vt 0.627218 0.162460
vt 0.681311 0.170314
vt 0.681203 0.253457
vt 0.627571 0.253505
vt 0.681125 0.323962
vt 0.628416 0.325591
vt 0.684766 0.399228
vt 0.631552 0.420303
vt 0.630421 0.086268
vt 0.687951 0.108032
vt 0.941517 0.202521
vt 0.839889 0.202521
vt 0.839889 0.075487
vt 0.941517 0.075487
vt 0.943372 0.198774
vt 0.841744 0.198774
vt 0.841744 0.071740
vt 0.943372 0.071740
vt 0.518704 0.108223
vt 0.572520 0.086798
vt 0.576617 0.162340
vt 0.523875 0.168418
vt 0.523794 0.322126
vt 0.577930 0.325632
vt 0.575127 0.420769
vt 0.518704 0.399369
vt 0.523286 0.251342
vt 0.576744 0.253933
s 0
usemtl atlas
f 66/57/57 58/58/57 60/59/57 67/60/57
f 67/60/58 60/59/58 64/61/58 69/62/58
f 69/62/59 64/61/59 62/63/59 71/64/59
f 71/65/60 62/66/60 58/58/60 66/57/60
f 59/67/61 63/68/61 61/69/61 57/70/61
f 64/71/62 60/72/62 58/73/62 62/74/62
f 61/75/63 72/76/63 65/77/63 57/78/63
f 72/76/64 71/65/64 66/57/64 65/77/64
f 63/79/65 70/80/65 72/81/65 61/82/65
f 70/80/66 69/62/66 71/64/66 72/81/66
f 59/83/67 68/84/67 70/80/67 63/79/67
f 68/84/68 67/60/68 69/62/68 70/80/68
f 57/78/69 65/77/69 68/84/69 59/83/69
f 65/77/70 66/57/70 67/60/70 68/84/70
o Cube.010
v -0.109764 0.100278 0.810467
v -0.114764 0.082303 1.433073
v 0.109764 0.100278 0.810467
v 0.114764 0.082303 1.433073
v -0.152909 0.194788 1.244653
v -0.092271 0.249807 1.026979
v 0.152909 0.194788 1.244653
v 0.092271 0.249808 1.026979
v -0.068067 0.276883 1.025757
v -0.081071 0.127358 0.810467
v 0.081071 0.127358 0.810467
v -0.081071 0.109383 1.433073
v 0.081071 0.109383 1.433073
v 0.068067 0.276883 1.025757
v -0.112937 0.221868 1.244653
v 0.112937 0.221868 1.244653
v -0.109292 0.194752 1.219294
v 0.109293 0.194752 1.219294
v -0.080722 0.221833 1.219294
v 0.080722 0.221833 1.219294
v -0.092902 0.145856 0.851247
v 0.092902 0.145856 0.851247
v -0.068617 0.172936 0.851247
v 0.068617 0.172936 0.851247
v 0.087811 0.100278 0.810467
v -0.087811 0.100278 0.810467
v -0.092811 0.082303 1.433073
v 0.092811 0.082303 1.433073
v -0.073817 0.249807 1.026979
v 0.073817 0.249808 1.026979
v -0.122327 0.194788 1.244653
v 0.122327 0.194788 1.244653
v 0.064857 0.127358 0.810467
v -0.064857 0.127358 0.810467
v -0.064857 0.109383 1.433073
v 0.064857 0.109383 1.433073
v -0.054454 0.276883 1.025757
v 0.054454 0.276883 1.025757
v -0.090350 0.221868 1.244653
v 0.090350 0.221868 1.244653
v -0.064578 0.221833 1.219294
v 0.064578 0.221833 1.219294
v 0.087434 0.194752 1.219294
v -0.087434 0.194752 1.219294
v -0.054893 0.172936 0.851247
v 0.054893 0.172936 0.851247
v 0.074322 0.145856 0.851247
v -0.074322 0.145856 0.851247
v -0.105004 0.112778 0.850649
v 0.104250 0.058965 1.432475
v 0.129062 0.058965 1.432475
v 0.105004 0.112778 0.850649
v -0.129062 0.058965 1.432475
v -0.172827 0.149715 1.244055
v -0.123529 0.154881 1.218696
v -0.104290 0.169310 1.026381
v 0.172827 0.149715 1.244055
v 0.123529 0.154881 1.218696
v 0.104290 0.169310 1.026381
v 0.083432 0.169310 1.026381
v 0.138261 0.149715 1.244055
v -0.098823 0.154881 1.218696
v -0.084003 0.112778 0.850649
v -0.104250 0.058965 1.432475
v -0.083432 0.169310 1.026381
v -0.138261 0.149715 1.244055
v 0.098823 0.154881 1.218696
v 0.084003 0.112778 0.850649
v -0.086395 0.101808 0.824971
v 0.086395 0.101808 0.824971
vn -0.0000 -0.0067 1.0000
vn -0.0000 -0.0194 0.9998
vn -0.0000 -0.0256 0.9997
vn 0.8316 0.4763 -0.2856
vn 0.8519 0.5134 -0.1032
vn 0.9748 0.2104 -0.0736
vn 0.9563 0.2905 -0.0337
vn -0.0000 0.8586 0.5126
vn 0.2694 0.8040 0.5301
vn 0.2626 0.8062 0.5301
vn -0.0000 0.7718 -0.6358
vn -0.0000 0.8591 -0.5117
vn 0.3269 0.8127 -0.4824
vn 0.3347 0.7511 -0.5691
vn -0.0000 1.0000 -0.0014
vn 0.3810 0.7275 -0.5706
vn 0.1400 0.9675 -0.2107
vn -0.0000 -0.0000 -1.0000
vn -0.6141 0.4122 -0.6730
vn -0.2751 0.4437 -0.8529
vn -0.0000 0.3569 -0.9341
vn 0.7081 0.5397 0.4553
vn 0.6532 0.5899 0.4746
vn -0.6532 0.5899 0.4746
vn -0.7081 0.5397 0.4553
vn -0.2694 0.8040 0.5301
vn -0.2626 0.8062 0.5301
vn -0.0000 -0.0000 1.0000
vn -0.8316 0.4763 -0.2856
vn -0.8519 0.5134 -0.1032
vn -0.3269 0.8127 -0.4824
vn -0.3347 0.7511 -0.5691
vn 0.9019 0.4310 0.0297
vn 0.3375 0.9119 0.2337
vn 0.4171 0.8820 0.2192
vn -0.4722 0.4491 -0.7585
vn -0.4794 0.3161 -0.8187
vn -0.3810 0.7275 -0.5706
vn -0.1400 0.9675 -0.2107
vn 0.6141 0.4122 -0.6730
vn 0.2751 0.4437 -0.8529
vn -0.9019 0.4310 0.0297
vn -0.4171 0.8820 0.2192
vn -0.3375 0.9119 0.2337
vn 0.4794 0.3162 -0.8187
vn 0.4722 0.4491 -0.7585
vn -0.0000 0.9618 0.2736
vn 0.4887 -0.8604 0.1443
vn 0.6100 -0.7849 0.1091
vn 0.9279 -0.3515 0.1241
vn 0.8289 -0.2033 0.5212
vn 0.9755 0.2133 -0.0534
vn 0.4777 0.2041 -0.8545
vn -0.9563 0.2905 -0.0337
vn -0.9748 0.2104 -0.0736
vn 0.8235 0.4049 0.3974
vn -0.4777 0.2041 -0.8545
vn -0.0418 -0.9722 0.2304
vn -0.0352 -0.9769 0.2108
vn 0.0352 -0.9769 0.2108
vn 0.0418 -0.9722 0.2304
vn 0.5629 -0.8180 0.1185
vn 0.5630 -0.6115 0.5560
vn -0.5630 -0.6115 0.5560
vn -0.5629 -0.8180 0.1185
vn -0.4887 -0.8604 0.1443
vn -0.6100 -0.7849 0.1091
vn 0.5470 -0.6813 -0.4865
vn -0.5470 -0.6813 -0.4865
vn -0.0000 -0.9551 -0.2963
vn -0.0000 -0.9271 -0.3748
vn -0.0000 -0.9009 -0.4339
vn 0.0320 -0.9520 0.3044
vn 0.0342 -0.9520 0.3043
vn -0.0000 -0.9937 0.1122
vn -0.0000 -0.9924 0.1228
vn -0.0000 -0.9942 -0.1075
vn -0.0000 -0.9878 -0.1554
vn -0.0342 -0.9520 0.3043
vn -0.0320 -0.9520 0.3044
vn 0.9837 -0.1699 0.0594
vn -0.8289 -0.2033 0.5212
vn -0.9279 -0.3515 0.1241
vn -0.9837 -0.1699 0.0594
vn 0.9701 -0.2380 0.0474
vn -0.9701 -0.2380 0.0474
vn 0.8771 -0.3451 -0.3340
vn -0.8235 0.4049 0.3974
vn -0.8771 -0.3451 -0.3340
vn -0.9755 0.2133 -0.0534
vn 0.3872 -0.5483 0.7412
vn -0.3872 -0.5483 0.7412
vn -0.0660 -0.9510 0.3021
vn 0.0660 -0.9510 0.3021
vt 0.936439 0.872806
vt 0.950003 0.872806
vt 0.958837 0.872553
vt 0.943506 0.872553
vt 0.855291 0.626806
vt 0.845171 0.701107
vt 0.837745 0.700854
vt 0.849183 0.626553
vt 0.857354 0.793141
vt 0.870003 0.872806
vt 0.861958 0.872806
vt 0.846147 0.793141
vt 0.879933 0.626806
vt 0.875165 0.700590
vt 0.868410 0.700590
vt 0.874371 0.626806
vt 0.870141 0.782419
vt 0.862131 0.782419
vt 0.936439 0.601792
vt 0.950003 0.601792
vt 0.922407 0.601792
vt 0.914362 0.601792
vt 0.834363 0.872806
vt 0.807705 0.793141
vt 0.976660 0.793141
vt 0.922407 0.872806
vt 0.938218 0.793141
vt 0.847926 0.872806
vt 0.929074 0.626806
vt 0.939194 0.701107
vt 0.915955 0.700590
vt 0.909994 0.626806
vt 0.834654 0.782419
vt 0.949711 0.782419
vt 0.922234 0.782419
vt 0.834363 0.601792
vt 0.861958 0.601792
vt 0.936205 0.782419
vt 0.957765 0.793141
vt 0.967610 0.792888
vt 0.943242 0.782166
vt 0.870003 0.601792
vt 0.825858 0.782166
vt 0.904432 0.626806
vt 0.795398 0.792888
vt 0.914224 0.782419
vt 0.909201 0.700590
vt 0.914362 0.872806
vt 0.847926 0.601792
vt 0.927011 0.793141
vt 0.935182 0.626553
vt 0.946620 0.700854
vt 0.825528 0.872553
vt 0.958507 0.782166
vt 0.988967 0.792888
vt 0.937011 0.793141
vt 0.924362 0.872806
vt 0.860003 0.872806
vt 0.847354 0.793141
vt 0.946439 0.872806
vt 0.837926 0.872806
vt 0.924224 0.782419
vt 0.860141 0.782419
vt 0.919201 0.700590
vt 0.865165 0.700590
vt 0.914432 0.626806
vt 0.869933 0.626806
vt 0.924362 0.601792
vt 0.860003 0.601792
vt 0.837926 0.601792
vt 0.946439 0.601792
vt 0.941612 0.609003
vt 0.842753 0.609003
vt 0.937792 0.701107
vt 0.929696 0.626806
vt 0.854669 0.626806
vt 0.846573 0.701107
vt 0.946205 0.782419
vt 0.838160 0.782419
vt 0.967765 0.793141
vt 0.816600 0.793141
vt 0.816755 0.792888
vt 0.840859 0.872553
vt 0.859783 0.626553
vt 0.850632 0.700854
vt 0.841123 0.782166
vt 0.933733 0.700854
vt 0.924582 0.626553
vt 0.927792 0.701107
vt 0.826600 0.793141
vt 0.848160 0.782419
vt 0.856573 0.701107
vt 0.919696 0.626806
vt 0.864669 0.626806
s 1
usemtl atlas
f 99/85/71 74/86/72 125/87/73 136/88/73
f 94/89/74 80/90/75 131/91/76 124/92/77
f 112/93/78 108/94/78 85/95/79 88/96/80
f 118/97/81 110/98/82 86/99/83 96/100/84
f 114/101/85 112/93/85 88/96/86 92/102/87
f 98/103/88 73/104/89 82/105/90 106/106/91
f 76/107/92 79/108/93 88/96/80 85/95/79
f 77/109/94 74/86/95 84/110/96 87/111/97
f 100/112/71 76/107/72 85/95/98 108/94/98
f 93/113/99 78/114/100 81/115/101 95/116/102
f 90/117/103 80/90/75 86/99/104 92/102/105
f 89/118/106 77/109/107 87/111/108 91/119/109
f 94/89/74 75/120/110 83/121/111 96/100/84
f 78/114/100 89/118/112 91/119/113 81/115/114
f 79/108/115 90/117/116 92/102/87 88/96/86
f 110/98/117 114/101/117 92/102/105 86/99/104
f 116/122/118 103/123/119 138/124/120 134/125/121
f 80/90/75 94/89/74 96/100/84 86/99/83
f 73/104/89 93/113/99 95/116/102 82/105/90
f 105/126/91 118/97/81 96/100/84 83/121/111
f 80/90/75 90/117/103 130/127/122 131/91/76
f 82/105/90 95/116/102 117/128/81 106/106/91
f 90/117/116 79/108/115 129/129/123 130/127/123
f 81/115/114 91/119/113 113/130/117 109/131/117
f 74/86/72 99/85/71 107/132/98 84/110/98
f 75/120/110 97/133/88 105/126/91 83/121/111
f 91/119/109 87/111/108 111/134/85 113/130/85
f 95/116/102 81/115/101 109/131/82 117/128/81
f 87/111/97 84/110/96 107/132/78 111/134/78
f 78/114/100 93/113/99 121/135/124 128/136/125
f 79/108/93 76/107/92 123/137/126 129/129/126
f 77/109/107 89/118/106 127/138/127 126/139/127
f 111/140/78 107/141/78 108/142/78 112/143/78
f 107/141/98 99/144/71 100/145/71 108/142/98
f 113/146/85 111/140/85 112/143/85 114/147/85
f 109/148/117 113/146/117 114/147/117 110/149/117
f 117/150/81 109/148/82 110/149/82 118/151/81
f 106/152/91 117/150/81 118/151/81 105/153/91
f 105/153/91 97/154/88 98/155/88 106/152/91
f 141/156/128 98/155/129 97/154/130 142/157/131
f 101/158/132 120/159/133 119/160/134 102/161/135
f 116/162/118 101/158/132 102/161/135 115/163/136
f 103/164/119 116/162/118 115/163/136 104/165/137
f 99/144/138 103/164/119 104/165/137 100/145/139
f 133/166/140 129/129/141 123/137/142 122/167/142
f 140/168/143 124/92/144 131/91/145 132/169/146
f 139/170/147 130/127/148 129/129/141 133/166/140
f 132/169/146 131/91/145 130/127/148 139/170/147
f 128/136/145 137/171/146 134/125/147 127/138/148
f 127/138/148 134/125/147 138/124/140 126/139/141
f 121/135/149 135/172/150 137/171/146 128/136/145
f 126/139/141 138/124/140 136/88/142 125/87/142
f 101/173/132 116/122/118 134/125/121 137/171/151
f 104/174/137 115/175/136 139/170/152 133/166/153
f 115/175/136 102/176/135 132/169/154 139/170/152
f 120/177/133 101/173/132 137/171/151 135/172/155
f 76/107/72 100/112/71 122/167/73 123/137/73
f 102/176/135 119/178/134 140/168/156 132/169/154
f 103/123/119 99/85/138 136/88/157 138/124/120
f 74/86/95 77/109/94 126/139/158 125/87/158
f 100/112/139 104/174/137 133/166/153 122/167/159
f 89/118/112 78/114/100 128/136/125 127/138/160
f 120/159/133 141/156/161 142/157/162 119/160/134
f 73/104/163 98/155/129 141/156/128 135/172/150 121/135/149
f 75/120/164 124/92/144 140/168/143 142/157/131 97/154/130
f 94/89/74 124/92/77 75/120/110
f 73/104/89 121/135/124 93/113/99
f 120/177/133 135/172/155 141/156/161
f 119/178/134 142/157/162 140/168/156
o Cylinder.015
v 0.128572 0.223456 1.029509
v 0.226743 0.223456 1.029509
v 0.128572 0.220336 0.997832
v 0.226743 0.220336 0.997832
v 0.128572 0.211096 0.967373
v 0.226743 0.211096 0.967373
v 0.128572 0.196092 0.939302
v 0.226743 0.196092 0.939302
v 0.128572 0.175899 0.914697
v 0.226743 0.175899 0.914697
v 0.128572 0.151294 0.894505
v 0.226743 0.151294 0.894505
v 0.128572 0.123223 0.879500
v 0.226743 0.123223 0.879500
v 0.128572 0.092764 0.870261
v 0.226743 0.092764 0.870261
v 0.128572 0.061087 0.867141
v 0.226743 0.061087 0.867141
v 0.128572 0.030094 0.870159
v 0.226743 0.030094 0.870159
v 0.128572 0.061777 1.191843
v 0.226743 0.061777 1.191843
v 0.128572 0.092764 1.188757
v 0.226743 0.092764 1.188757
v 0.128572 0.123223 1.179518
v 0.226743 0.123223 1.179518
v 0.128572 0.151294 1.164513
v 0.226743 0.151294 1.164513
v 0.128572 0.175899 1.144320
v 0.226743 0.175899 1.144320
v 0.128572 0.196092 1.119716
v 0.226743 0.196092 1.119716
v 0.128572 0.211096 1.091644
v 0.226743 0.211096 1.091644
v 0.128572 0.220336 1.061185
v 0.226743 0.220336 1.061185
v 0.128572 0.243106 1.029509
v 0.128572 0.239608 0.993999
v 0.226743 0.239608 0.993999
v 0.226743 0.243106 1.029509
v 0.128572 0.229250 0.959853
v 0.226743 0.229250 0.959853
v 0.128572 0.212430 0.928385
v 0.226743 0.212430 0.928385
v 0.128572 0.189794 0.900802
v 0.226743 0.189794 0.900802
v 0.128572 0.162211 0.878166
v 0.226743 0.162211 0.878166
v 0.128572 0.130743 0.861346
v 0.226743 0.130743 0.861346
v 0.128572 0.096598 0.850988
v 0.226743 0.096598 0.850988
v 0.128572 0.061098 0.847491
v 0.226743 0.061098 0.847491
v 0.128572 0.028189 0.850602
v 0.226743 0.028189 0.850602
v 0.226743 0.063724 1.211396
v 0.128572 0.063724 1.211396
v 0.128572 0.096608 1.208028
v 0.226743 0.096608 1.208028
v 0.128572 0.130743 1.197672
v 0.226743 0.130743 1.197672
v 0.128572 0.162211 1.180851
v 0.226743 0.162211 1.180851
v 0.128572 0.189794 1.158215
v 0.226743 0.189794 1.158215
v 0.128572 0.212430 1.130633
v 0.226743 0.212430 1.130633
v 0.128572 0.229250 1.099164
v 0.226743 0.229250 1.099164
v 0.128572 0.239608 1.065019
v 0.226743 0.239608 1.065019
vn -0.0000 -1.0000 -0.0000
vn -0.0000 -0.9808 0.1951
vn -0.0000 -0.9239 0.3827
vn -0.0000 -0.8315 0.5556
vn -0.0000 -0.7071 0.7071
vn -0.0000 -0.5556 0.8315
vn -0.0000 -0.3827 0.9239
vn -0.0000 -0.1951 0.9808
vn -0.0000 -0.0005 1.0000
vn -0.0000 -0.6352 0.7723
vn -0.0000 -0.7737 -0.6336
vn -0.0000 -0.1956 -0.9807
vn -0.0000 -0.3827 -0.9239
vn -0.0000 -0.5556 -0.8315
vn -0.0000 -0.7071 -0.7071
vn -0.0000 -0.8315 -0.5556
vn -0.0000 -0.9239 -0.3827
vn -0.0000 -0.9808 -0.1951
vn -0.0000 1.0000 -0.0000
vn -0.0000 0.9808 -0.1951
vn -0.0000 0.9239 -0.3827
vn -0.0000 0.8315 -0.5556
vn -0.0000 0.7071 -0.7071
vn -0.0000 0.5556 -0.8315
vn -0.0000 0.3827 -0.9239
vn -0.0000 0.1951 -0.9808
vn -0.0000 0.0020 -1.0000
vn -0.0000 -0.7714 -0.6363
vn -0.0000 -0.6325 0.7746
vn -0.0000 0.1970 0.9804
vn -0.0000 0.3827 0.9239
vn -0.0000 0.5556 0.8315
vn -0.0000 0.7071 0.7071
vn -0.0000 0.8315 0.5556
vn -0.0000 0.9239 0.3827
vn -0.0000 0.9808 0.1951
vn 1.0000 -0.0000 -0.0000
vn -1.0000 -0.0000 -0.0000
vt 0.664684 0.733825
vt 0.664684 0.720867
vt 0.624525 0.720867
vt 0.624525 0.733825
vt 0.664684 0.708408
vt 0.624525 0.708408
vt 0.664684 0.696925
vt 0.624525 0.696925
vt 0.664684 0.686860
vt 0.624525 0.686860
vt 0.664684 0.678600
vt 0.624525 0.678600
vt 0.664684 0.672462
vt 0.624525 0.672462
vt 0.664684 0.668683
vt 0.624525 0.668683
vt 0.664684 0.667406
vt 0.624525 0.667406
vt 0.664684 0.668641
vt 0.624525 0.668641
vt 0.664684 0.800230
vt 0.664684 0.798968
vt 0.624525 0.798968
vt 0.624525 0.800230
vt 0.664684 0.795188
vt 0.624525 0.795188
vt 0.664684 0.789050
vt 0.624525 0.789050
vt 0.664684 0.780790
vt 0.624525 0.780790
vt 0.664684 0.770725
vt 0.624525 0.770725
vt 0.664684 0.759242
vt 0.624525 0.759242
vt 0.664684 0.746783
vt 0.624525 0.746783
vt 0.624525 0.719299
vt 0.664684 0.719299
vt 0.624525 0.705332
vt 0.664684 0.705332
vt 0.624525 0.692459
vt 0.664684 0.692459
vt 0.624525 0.681176
vt 0.664684 0.681176
vt 0.624525 0.671916
vt 0.664684 0.671916
vt 0.624525 0.665036
vt 0.664684 0.665036
vt 0.624525 0.660799
vt 0.664684 0.660799
vt 0.624525 0.659368
vt 0.664684 0.659368
vt 0.624525 0.660641
vt 0.664684 0.660641
vt 0.664684 0.808228
vt 0.624525 0.808228
vt 0.624525 0.806850
vt 0.664684 0.806850
vt 0.624525 0.802614
vt 0.664684 0.802614
vt 0.624525 0.795734
vt 0.664684 0.795734
vt 0.624525 0.786474
vt 0.664684 0.786474
vt 0.624525 0.775191
vt 0.664684 0.775191
vt 0.624525 0.762318
vt 0.664684 0.762318
vt 0.624525 0.748351
vt 0.664684 0.748351
s 1
usemtl atlas
f 143/179/165 145/180/166 146/181/166 144/182/165
f 145/180/166 147/183/167 148/184/167 146/181/166
f 147/183/167 149/185/168 150/186/168 148/184/167
f 149/185/168 151/187/169 152/188/169 150/186/168
f 151/187/169 153/189/170 154/190/170 152/188/169
f 153/189/170 155/191/171 156/192/171 154/190/170
f 155/191/171 157/193/172 158/194/172 156/192/171
f 157/193/172 159/195/173 160/196/173 158/194/172
f 159/195/173 161/197/174 162/198/174 160/196/173
f 163/199/175 165/200/176 166/201/176 164/202/175
f 165/200/176 167/203/177 168/204/177 166/201/176
f 167/203/177 169/205/178 170/206/178 168/204/177
f 169/205/178 171/207/179 172/208/179 170/206/178
f 171/207/179 173/209/180 174/210/180 172/208/179
f 173/209/180 175/211/181 176/212/181 174/210/180
f 175/211/181 177/213/182 178/214/182 176/212/181
f 177/213/182 143/179/165 144/182/165 178/214/182
f 179/179/183 182/182/183 181/215/184 180/216/184
f 180/216/184 181/215/184 184/217/185 183/218/185
f 183/218/185 184/217/185 186/219/186 185/220/186
f 185/220/186 186/219/186 188/221/187 187/222/187
f 187/222/187 188/221/187 190/223/188 189/224/188
f 189/224/188 190/223/188 192/225/189 191/226/189
f 191/226/189 192/225/189 194/227/190 193/228/190
f 193/228/190 194/227/190 196/229/191 195/230/191
f 195/230/191 196/229/191 198/231/192 197/232/192
f 200/233/193 199/234/193 202/235/194 201/236/194
f 201/236/194 202/235/194 204/237/195 203/238/195
f 203/238/195 204/237/195 206/239/196 205/240/196
f 205/240/196 206/239/196 208/241/197 207/242/197
f 207/242/197 208/241/197 210/243/198 209/244/198
f 209/244/198 210/243/198 212/245/199 211/246/199
f 211/246/199 212/245/199 214/247/200 213/248/200
f 213/248/200 214/247/200 182/182/183 179/179/183
f 178/214/201 144/182/201 182/182/201 214/247/201
f 150/186/201 152/188/201 188/221/201 186/219/201
f 171/207/202 169/205/202 205/240/202 207/242/202
f 161/197/202 159/195/202 195/230/202 197/232/202
f 170/206/201 172/208/201 208/241/201 206/239/201
f 160/196/201 162/198/201 198/231/201 196/229/201
f 153/189/202 151/187/202 187/222/202 189/224/202
f 145/180/202 143/179/202 179/179/202 180/216/202
f 162/198/174 161/197/174 197/232/192 198/231/192
f 152/188/201 154/190/201 190/223/201 188/221/201
f 173/209/202 171/207/202 207/242/202 209/244/202
f 144/182/201 146/181/201 181/215/201 182/182/201
f 163/199/175 164/202/175 199/234/193 200/233/193
f 172/208/201 174/210/201 210/243/201 208/241/201
f 165/200/202 163/199/202 200/233/202 201/236/202
f 155/191/202 153/189/202 189/224/202 191/226/202
f 164/202/201 166/201/201 202/235/201 199/234/201
f 154/190/201 156/192/201 192/225/201 190/223/201
f 175/211/202 173/209/202 209/244/202 211/246/202
f 147/183/202 145/180/202 180/216/202 183/218/202
f 174/210/201 176/212/201 212/245/201 210/243/201
f 146/181/201 148/184/201 184/217/201 181/215/201
f 167/203/202 165/200/202 201/236/202 203/238/202
f 157/193/202 155/191/202 191/226/202 193/228/202
f 166/201/201 168/204/201 204/237/201 202/235/201
f 156/192/201 158/194/201 194/227/201 192/225/201
f 177/213/202 175/211/202 211/246/202 213/248/202
f 149/185/202 147/183/202 183/218/202 185/220/202
f 176/212/201 178/214/201 214/247/201 212/245/201
f 148/184/201 150/186/201 186/219/201 184/217/201
f 169/205/202 167/203/202 203/238/202 205/240/202
f 159/195/202 157/193/202 193/228/202 195/230/202
f 168/204/201 170/206/201 206/239/201 204/237/201
f 158/194/201 160/196/201 196/229/201 194/227/201
f 143/179/202 177/213/202 213/248/202 179/179/202
f 151/187/202 149/185/202 185/220/202 187/222/202
o Cube.011
v 0.133204 -0.179102 0.868699
v 0.133204 -0.164872 1.402658
v 0.147074 -0.164872 1.403808
v 0.133204 0.054058 1.431769
v 0.173395 0.140957 1.217454
v 0.147074 -0.092037 1.332806
v 0.173395 -0.229341 1.181916
v 0.173395 -0.229341 1.056389
v 0.133204 -0.114607 0.868699
v 0.133204 -0.092037 1.331656
v 0.173395 -0.109103 1.056389
v 0.173395 -0.045705 1.181916
v 0.187265 -0.229341 1.057539
v 0.147074 -0.179102 0.869849
v 0.147074 0.040160 1.432920
v 0.187265 0.127059 1.218604
v 0.187265 -0.229341 1.183066
v 0.187265 -0.109103 1.057539
v 0.187265 -0.045705 1.183066
v 0.147074 -0.114607 0.869849
v 0.133204 0.033916 1.431769
v 0.133204 0.002989 1.331656
v 0.173395 0.080448 1.220984
v 0.173395 0.034137 1.217697
v 0.147074 0.033916 1.432920
v 0.147074 0.002989 1.332806
v 0.187265 0.080448 1.222134
v 0.187265 0.034137 1.218847
v 0.133204 -0.121339 1.399748
v 0.173395 -0.140316 1.056389
v 0.173395 -0.120757 1.181916
v 0.133204 -0.147806 0.868699
v 0.147074 -0.121339 1.400898
v 0.187265 -0.140316 1.057539
v 0.187265 -0.120757 1.183066
v 0.147074 -0.147806 0.869849
vn -0.9939 -0.0386 -0.1031
vn -0.9967 -0.0016 -0.0814
vn -0.9837 -0.0034 -0.1798
vn -0.9810 -0.0345 -0.1907
vn -0.9778 -0.0000 0.2094
vn -0.9954 -0.0000 0.0959
vn -0.9944 -0.0000 0.1053
vn 0.9778 -0.0000 -0.2094
vn 0.9944 -0.0000 -0.1053
vn 0.9954 -0.0000 -0.0959
vn 0.9939 0.0386 0.1031
vn 0.9810 0.0345 0.1907
vn 0.9837 0.0034 0.1798
vn 0.9967 0.0016 0.0814
vn -0.9620 0.1498 -0.2281
vn -0.9827 -0.0289 -0.1831
vn -0.9657 -0.0865 -0.2449
vn -0.9615 0.1631 -0.2210
vn 0.9620 -0.1498 0.2281
vn 0.9615 -0.1631 0.2210
vn 0.9657 0.0865 0.2449
vn 0.9827 0.0289 0.1831
vn -0.0689 -0.5526 0.8306
vn -0.0116 -0.9901 0.1400
vn -0.0115 -0.9902 0.1391
vn -0.0665 -0.5942 0.8015
vn 0.0663 0.0025 -0.9978
vn 0.7125 0.6752 -0.1910
vn 0.7950 0.3526 -0.4936
vn 0.0662 0.0025 -0.9978
vn 0.0122 -0.9890 -0.1471
vn 0.0693 -0.5449 -0.8356
vn 0.0624 -0.6557 -0.7524
vn 0.0096 -0.9932 -0.1161
vn 0.0826 -0.0000 -0.9966
vn 0.0647 0.6215 -0.7807
vn 0.0543 0.7534 -0.6553
vn 0.0184 0.9748 -0.2225
vn 0.0592 0.6982 -0.7135
vn 0.0605 0.6806 -0.7301
vn 0.0226 0.9617 -0.2731
vn 0.4894 0.5448 0.6809
vn 0.6081 0.2207 0.7625
vn -0.0674 -0.5779 0.8133
vn -0.0698 0.5357 0.8415
vn -0.0683 0.5622 0.8241
vn -0.0656 -0.6077 0.7914
vn -0.0668 0.5894 0.8051
vn -0.0683 0.5635 0.8233
vn 0.0801 0.2450 -0.9662
vn 0.0802 0.2407 -0.9673
vn 0.9804 -0.0601 0.1878
vn 0.9776 -0.0976 0.1864
vn -0.9821 -0.0082 -0.1883
vn -0.9774 0.1007 -0.1856
vn -0.9804 0.0632 -0.1868
vn 0.9959 -0.0000 -0.0907
vn -0.9959 -0.0000 0.0907
vt 0.659744 0.791153
vt 0.581270 0.791153
vt 0.627862 0.950683
vt 0.659323 0.948580
vt 0.663762 0.564791
vt 0.617577 0.564791
vt 0.581270 0.700435
vt 0.645608 0.700435
vt 0.663762 0.565622
vt 0.645608 0.701266
vt 0.581270 0.701266
vt 0.617577 0.565622
vt 0.659744 0.791984
vt 0.659323 0.949411
vt 0.627862 0.951514
vt 0.581270 0.791984
vt 0.771686 0.806128
vt 0.738217 0.791153
vt 0.680500 0.899370
vt 0.749175 0.899370
vt 0.771686 0.806959
vt 0.749175 0.900201
vt 0.680500 0.900201
vt 0.738217 0.791984
vt 0.805155 0.821103
vt 0.838623 0.836079
vt 0.838623 0.836910
vt 0.805155 0.821934
vt 0.709947 0.564791
vt 0.709947 0.565622
vt 0.709947 0.700435
vt 0.709947 0.701266
vt 0.802316 0.971722
vt 0.802316 0.972553
vt 0.771526 0.971722
vt 0.771526 0.972553
s 1
usemtl atlas
f 245/249/203 221/250/204 216/251/205 243/252/206
f 246/253/207 215/254/207 222/255/208 244/256/209
f 244/256/209 222/255/208 221/250/204 245/249/203
f 250/257/210 248/258/211 227/259/212 228/260/210
f 249/261/213 247/262/214 217/263/215 231/264/216
f 238/265/217 226/266/218 224/267/219 236/268/220
f 248/258/211 249/261/213 231/264/216 227/259/212
f 242/269/221 240/270/222 220/271/223 233/272/224
f 216/251/225 221/250/226 231/264/227 217/263/228
f 237/273/229 219/274/230 230/275/231 241/276/232
f 222/255/233 215/254/234 228/260/235 227/259/236
f 246/253/237 223/277/238 234/278/239 250/257/237
f 221/250/226 222/255/233 227/259/236 231/264/227
f 225/279/240 226/266/241 233/272/242 232/280/243
f 219/274/230 218/281/244 229/282/245 230/275/231
f 236/268/246 224/267/247 220/271/248 240/270/249
f 223/277/238 225/279/240 232/280/243 234/278/239
f 243/252/250 216/251/225 217/263/228 247/262/251
f 218/281/244 235/283/249 239/284/246 229/282/245
f 235/283/249 236/268/246 240/270/249 239/284/246
f 226/266/241 238/265/252 242/269/253 233/272/242
f 238/265/252 237/273/229 241/276/232 242/269/253
f 230/275/231 229/282/245 239/284/254 241/276/255
f 241/276/255 239/284/254 240/270/222 242/269/221
f 219/274/256 237/273/257 235/283/258 218/281/256
f 237/273/257 238/265/217 236/268/220 235/283/258
f 224/267/247 243/252/250 247/262/251 220/271/248
f 215/254/234 246/253/237 250/257/237 228/260/235
f 232/280/259 233/272/224 249/261/213 248/258/211
f 233/272/224 220/271/223 247/262/214 249/261/213
f 234/278/210 232/280/259 248/258/211 250/257/210
f 225/279/260 244/256/209 245/249/203 226/266/218
f 223/277/207 246/253/207 244/256/209 225/279/260
f 226/266/218 245/249/203 243/252/206 224/267/219
o Sphere.004
v 0.000000 0.047455 1.470760
v 0.000000 0.071021 1.447194
v 0.000000 0.083775 1.416403
v 0.000000 0.085416 1.399740
v 0.003251 0.016344 1.483514
v 0.006377 0.032059 1.478654
v 0.009258 0.046543 1.470760
v 0.011783 0.059238 1.460138
v 0.013856 0.069656 1.447194
v 0.015396 0.077398 1.432427
v 0.016344 0.082165 1.416403
v 0.016664 0.083775 1.399740
v 0.006377 0.015395 1.483514
v 0.012509 0.030199 1.478654
v 0.018160 0.043842 1.470760
v 0.023114 0.055801 1.460138
v 0.027179 0.065615 1.447194
v 0.030199 0.072907 1.432427
v 0.032059 0.077398 1.416403
v 0.032688 0.078914 1.399740
v 0.009258 0.013855 1.483514
v 0.018160 0.027178 1.478654
v 0.026365 0.039457 1.470760
v 0.033556 0.050219 1.460138
v 0.039457 0.059052 1.447194
v 0.043843 0.065615 1.432427
v 0.046543 0.069656 1.416403
v 0.047455 0.071021 1.399740
v 0.011783 0.011783 1.483514
v 0.023114 0.023113 1.478654
v 0.033556 0.033555 1.470760
v 0.042708 0.042708 1.460138
v 0.050220 0.050219 1.447194
v 0.055801 0.055801 1.432427
v 0.059238 0.059238 1.416403
v 0.060398 0.060398 1.399740
v 0.013856 0.009258 1.483514
v 0.027179 0.018160 1.478654
v 0.039457 0.026364 1.470760
v 0.050220 0.033555 1.460138
v 0.059052 0.039457 1.447194
v 0.065615 0.043842 1.432427
v 0.069656 0.046543 1.416403
v 0.071021 0.047455 1.399740
v 0.000000 0.000000 1.485155
v 0.015396 0.006377 1.483514
v 0.030199 0.012509 1.478654
v 0.043843 0.018160 1.470760
v 0.055801 0.023113 1.460138
v 0.065615 0.027178 1.447194
v 0.072907 0.030199 1.432427
v 0.077398 0.032059 1.416403
v 0.078914 0.032687 1.399740
v 0.016344 0.003251 1.483514
v 0.032059 0.006377 1.478654
v 0.046543 0.009258 1.470760
v 0.059238 0.011783 1.460138
v 0.069656 0.013855 1.447194
v 0.077398 0.015395 1.432427
v 0.082165 0.016344 1.416403
v 0.083775 0.016664 1.399740
v 0.016664 0.000000 1.483514
v 0.032688 0.000000 1.478654
v 0.047455 -0.000000 1.470760
v 0.060398 0.000000 1.460138
v 0.071021 -0.000000 1.447194
v 0.078914 0.000000 1.432427
v 0.083775 -0.000000 1.416403
v 0.085416 -0.000000 1.399740
v 0.016344 -0.003251 1.483514
v 0.032059 -0.006377 1.478654
v 0.046543 -0.009258 1.470760
v 0.059238 -0.011783 1.460138
v 0.069656 -0.013855 1.447194
v 0.077398 -0.015395 1.432427
v 0.082165 -0.016344 1.416403
v 0.083775 -0.016664 1.399740
v 0.015396 -0.006377 1.483514
v 0.030199 -0.012509 1.478654
v 0.043843 -0.018160 1.470760
v 0.055801 -0.023113 1.460138
v 0.065615 -0.027178 1.447194
v 0.072907 -0.030199 1.432427
v 0.077398 -0.032059 1.416403
v 0.078914 -0.032687 1.399740
v 0.013856 -0.009258 1.483514
v 0.027179 -0.018160 1.478654
v 0.039457 -0.026364 1.470760
v 0.050220 -0.033555 1.460138
v 0.059052 -0.039457 1.447194
v 0.065615 -0.043842 1.432427
v 0.069656 -0.046543 1.416403
v 0.071021 -0.047455 1.399740
v 0.011783 -0.011783 1.483514
v 0.023114 -0.023113 1.478654
v 0.033556 -0.033555 1.470760
v 0.042708 -0.042708 1.460138
v 0.050219 -0.050219 1.447194
v 0.055801 -0.055801 1.432427
v 0.059238 -0.059238 1.416403
v 0.060398 -0.060398 1.399740
v 0.009258 -0.013855 1.483514
v 0.018160 -0.027178 1.478654
v 0.026365 -0.039457 1.470760
v 0.033556 -0.050219 1.460138
v 0.039457 -0.059052 1.447194
v 0.043843 -0.065615 1.432427
v 0.046543 -0.069656 1.416403
v 0.047455 -0.071021 1.399740
v 0.006377 -0.015395 1.483514
v 0.012509 -0.030199 1.478654
v 0.018160 -0.043842 1.470760
v 0.023114 -0.055801 1.460138
v 0.027179 -0.065615 1.447194
v 0.030199 -0.072907 1.432427
v 0.032059 -0.077398 1.416403
v 0.032687 -0.078914 1.399740
v 0.003251 -0.016344 1.483514
v 0.006377 -0.032059 1.478654
v 0.009258 -0.046543 1.470760
v 0.011783 -0.059238 1.460138
v 0.013856 -0.069656 1.447194
v 0.015396 -0.077398 1.432427
v 0.016344 -0.082165 1.416403
v 0.016664 -0.083775 1.399740
v 0.000000 -0.016664 1.483514
v 0.000000 -0.032687 1.478654
v 0.000000 -0.047454 1.470760
v 0.000000 -0.060398 1.460138
v 0.000000 -0.071021 1.447194
v 0.000000 -0.078914 1.432427
v 0.000000 -0.083775 1.416403
v 0.000000 -0.085416 1.399740
v -0.003251 -0.016344 1.483514
v -0.006377 -0.032059 1.478654
v -0.009258 -0.046543 1.470760
v -0.011783 -0.059238 1.460138
v -0.013855 -0.069656 1.447194
v -0.015395 -0.077398 1.432427
v -0.016343 -0.082165 1.416403
v -0.016664 -0.083775 1.399740
v -0.006377 -0.015395 1.483514
v -0.012509 -0.030199 1.478654
v -0.018160 -0.043842 1.470760
v -0.023113 -0.055801 1.460138
v -0.027178 -0.065615 1.447194
v -0.030199 -0.072907 1.432427
v -0.032059 -0.077398 1.416403
v -0.032687 -0.078914 1.399740
v -0.009258 -0.013855 1.483514
v -0.018160 -0.027178 1.478654
v -0.026364 -0.039457 1.470760
v -0.033555 -0.050219 1.460138
v -0.039457 -0.059052 1.447194
v -0.043842 -0.065615 1.432427
v -0.046542 -0.069656 1.416403
v -0.047454 -0.071021 1.399740
v -0.011783 -0.011783 1.483514
v -0.023113 -0.023113 1.478654
v -0.033555 -0.033555 1.470760
v -0.042708 -0.042708 1.460138
v -0.050219 -0.050219 1.447194
v -0.055800 -0.055801 1.432427
v -0.059237 -0.059238 1.416403
v -0.060398 -0.060398 1.399740
v -0.013855 -0.009258 1.483514
v -0.027178 -0.018160 1.478654
v -0.039457 -0.026364 1.470760
v -0.050219 -0.033555 1.460138
v -0.059051 -0.039457 1.447194
v -0.065614 -0.043842 1.432427
v -0.069656 -0.046543 1.416403
v -0.071020 -0.047454 1.399740
v -0.015395 -0.006377 1.483514
v -0.030199 -0.012509 1.478654
v -0.043842 -0.018160 1.470760
v -0.055800 -0.023113 1.460138
v -0.065614 -0.027178 1.447194
v -0.072907 -0.030199 1.432427
v -0.077397 -0.032059 1.416403
v -0.078914 -0.032687 1.399740
v -0.016343 -0.003251 1.483514
v -0.032059 -0.006377 1.478654
v -0.046542 -0.009258 1.470760
v -0.059237 -0.011783 1.460138
v -0.069656 -0.013855 1.447194
v -0.077397 -0.015395 1.432427
v -0.082165 -0.016344 1.416403
v -0.083774 -0.016664 1.399740
v -0.016664 0.000000 1.483514
v -0.032687 0.000000 1.478654
v -0.047454 0.000000 1.470760
v -0.060398 0.000000 1.460138
v -0.071020 0.000000 1.447194
v -0.078914 0.000000 1.432427
v -0.083774 0.000000 1.416403
v -0.085416 0.000000 1.399740
v -0.016343 0.003251 1.483514
v -0.032059 0.006377 1.478654
v -0.046542 0.009258 1.470760
v -0.059237 0.011783 1.460138
v -0.069656 0.013855 1.447194
v -0.077397 0.015395 1.432427
v -0.082165 0.016344 1.416403
v -0.083774 0.016664 1.399740
v -0.015395 0.006377 1.483514
v -0.030199 0.012509 1.478654
v -0.043842 0.018160 1.470760
v -0.055800 0.023113 1.460138
v -0.065614 0.027178 1.447194
v -0.072907 0.030199 1.432427
v -0.077397 0.032059 1.416403
v -0.078914 0.032687 1.399740
v -0.013855 0.009258 1.483514
v -0.027178 0.018160 1.478654
v -0.039457 0.026364 1.470760
v -0.050219 0.033555 1.460138
v -0.059051 0.039457 1.447194
v -0.065614 0.043842 1.432427
v -0.069656 0.046543 1.416403
v -0.071020 0.047455 1.399740
v -0.011783 0.011783 1.483514
v -0.023113 0.023113 1.478654
v -0.033555 0.033555 1.470760
v -0.042708 0.042708 1.460138
v -0.050219 0.050219 1.447194
v -0.055800 0.055801 1.432427
v -0.059237 0.059238 1.416403
v -0.060398 0.060398 1.399740
v -0.009258 0.013855 1.483514
v -0.018160 0.027178 1.478654
v -0.026364 0.039457 1.470760
v -0.033555 0.050219 1.460138
v -0.039457 0.059052 1.447194
v -0.043842 0.065615 1.432427
v -0.046542 0.069656 1.416403
v -0.047454 0.071021 1.399740
v -0.006377 0.015395 1.483514
v -0.012509 0.030199 1.478654
v -0.018160 0.043842 1.470760
v -0.023113 0.055801 1.460138
v -0.027178 0.065615 1.447194
v -0.030199 0.072907 1.432427
v -0.032059 0.077398 1.416403
v -0.032687 0.078914 1.399740
v -0.003251 0.016344 1.483514
v -0.006377 0.032059 1.478654
v -0.009258 0.046543 1.470760
v -0.011783 0.059238 1.460138
v -0.013855 0.069656 1.447194
v -0.015395 0.077398 1.432427
v -0.016343 0.082165 1.416403
v -0.016663 0.083775 1.399740
v 0.000000 0.016664 1.483514
v 0.000000 0.032687 1.478654
v 0.000000 0.060398 1.460138
v 0.000000 0.078914 1.432427
vn -0.0000 0.5598 0.8286
vn -0.0000 0.3879 0.9217
vn 0.0757 0.3804 0.9217
vn 0.1092 0.5490 0.8286
vn -0.0000 0.7101 0.7041
vn 0.1385 0.6965 0.7041
vn -0.0000 0.8333 0.5528
vn 0.1626 0.8173 0.5528
vn -0.0000 0.9248 0.3805
vn 0.1804 0.9070 0.3805
vn -0.0000 0.9810 0.1939
vn 0.1914 0.9622 0.1939
vn -0.0000 0.9952 0.0980
vn 0.1942 0.9761 0.0980
vn -0.0000 0.2010 0.9796
vn -0.0000 -0.0000 1.0000
vn 0.0392 0.1971 0.9796
vn 0.0769 0.1857 0.9796
vn 0.1484 0.3584 0.9217
vn 0.2142 0.5172 0.8286
vn 0.2718 0.6561 0.7041
vn 0.3189 0.7699 0.5528
vn 0.3539 0.8544 0.3805
vn 0.3754 0.9063 0.1939
vn 0.3808 0.9194 0.0980
vn 0.4630 0.6929 0.5528
vn 0.5138 0.7689 0.3805
vn 0.5450 0.8157 0.1939
vn 0.5529 0.8275 0.0980
vn 0.1117 0.1671 0.9796
vn 0.2155 0.3225 0.9217
vn 0.3110 0.4654 0.8286
vn 0.3945 0.5905 0.7041
vn 0.2743 0.2743 0.9217
vn 0.3958 0.3958 0.8286
vn 0.5021 0.5021 0.7041
vn 0.5893 0.5893 0.5528
vn 0.6539 0.6539 0.3805
vn 0.6937 0.6937 0.1939
vn 0.7037 0.7037 0.0980
vn 0.1421 0.1421 0.9796
vn 0.7689 0.5138 0.3805
vn 0.8157 0.5450 0.1939
vn 0.8275 0.5529 0.0980
vn 0.1671 0.1117 0.9796
vn 0.3225 0.2155 0.9217
vn 0.4654 0.3110 0.8286
vn 0.5905 0.3945 0.7041
vn 0.6929 0.4630 0.5528
vn 0.3584 0.1484 0.9217
vn 0.5172 0.2142 0.8286
vn 0.6561 0.2718 0.7041
vn 0.7699 0.3189 0.5528
vn 0.8544 0.3539 0.3805
vn 0.9063 0.3754 0.1939
vn 0.9194 0.3808 0.0980
vn 0.1857 0.0769 0.9796
vn 0.9070 0.1804 0.3805
vn 0.9622 0.1914 0.1939
vn 0.9761 0.1942 0.0980
vn 0.1971 0.0392 0.9796
vn 0.3804 0.0757 0.9217
vn 0.5490 0.1092 0.8286
vn 0.6965 0.1385 0.7041
vn 0.8173 0.1626 0.5528
vn 0.5598 -0.0000 0.8286
vn 0.7101 -0.0000 0.7041
vn 0.8333 -0.0000 0.5528
vn 0.9248 -0.0000 0.3805
vn 0.9810 -0.0000 0.1939
vn 0.9952 -0.0000 0.0980
vn 0.2010 -0.0000 0.9796
vn 0.3879 -0.0000 0.9217
vn 0.9622 -0.1914 0.1939
vn 0.9761 -0.1942 0.0980
vn 0.1971 -0.0392 0.9796
vn 0.3804 -0.0757 0.9217
vn 0.5490 -0.1092 0.8286
vn 0.6965 -0.1385 0.7041
vn 0.8173 -0.1626 0.5528
vn 0.9070 -0.1804 0.3805
vn 0.5172 -0.2142 0.8286
vn 0.6561 -0.2718 0.7041
vn 0.7699 -0.3189 0.5528
vn 0.8544 -0.3539 0.3805
vn 0.9063 -0.3754 0.1939
vn 0.9194 -0.3808 0.0980
vn 0.1857 -0.0769 0.9796
vn 0.3584 -0.1484 0.9217
vn 0.8157 -0.5450 0.1939
vn 0.8275 -0.5529 0.0980
vn 0.1671 -0.1117 0.9796
vn 0.3225 -0.2155 0.9217
vn 0.4654 -0.3110 0.8286
vn 0.5905 -0.3945 0.7041
vn 0.6929 -0.4630 0.5528
vn 0.7689 -0.5138 0.3805
vn 0.5021 -0.5021 0.7041
vn 0.5893 -0.5893 0.5528
vn 0.6539 -0.6539 0.3805
vn 0.6937 -0.6937 0.1939
vn 0.7037 -0.7037 0.0980
vn 0.1421 -0.1421 0.9796
vn 0.2743 -0.2743 0.9217
vn 0.3958 -0.3958 0.8286
vn 0.1117 -0.1671 0.9796
vn 0.2155 -0.3225 0.9217
vn 0.3110 -0.4654 0.8286
vn 0.3945 -0.5905 0.7041
vn 0.4630 -0.6929 0.5528
vn 0.5138 -0.7689 0.3805
vn 0.5450 -0.8157 0.1939
vn 0.5529 -0.8275 0.0980
vn 0.3189 -0.7699 0.5528
vn 0.3539 -0.8544 0.3805
vn 0.3754 -0.9063 0.1939
vn 0.3808 -0.9194 0.0980
vn 0.0769 -0.1857 0.9796
vn 0.1484 -0.3584 0.9217
vn 0.2142 -0.5172 0.8286
vn 0.2718 -0.6561 0.7041
vn 0.0392 -0.1971 0.9796
vn 0.0757 -0.3804 0.9217
vn 0.1092 -0.5490 0.8286
vn 0.1385 -0.6965 0.7041
vn 0.1626 -0.8173 0.5528
vn 0.1804 -0.9070 0.3805
vn 0.1914 -0.9622 0.1939
vn 0.1942 -0.9761 0.0980
vn -0.0000 -0.8333 0.5528
vn -0.0000 -0.9248 0.3805
vn -0.0000 -0.9810 0.1939
vn -0.0000 -0.9952 0.0980
vn -0.0000 -0.2010 0.9796
vn -0.0000 -0.3879 0.9217
vn -0.0000 -0.5598 0.8286
vn -0.0000 -0.7101 0.7041
vn -0.0757 -0.3804 0.9217
vn -0.1092 -0.5490 0.8286
vn -0.1385 -0.6965 0.7041
vn -0.1626 -0.8173 0.5528
vn -0.1804 -0.9070 0.3805
vn -0.1914 -0.9622 0.1939
vn -0.1942 -0.9761 0.0980
vn -0.0392 -0.1971 0.9796
vn -0.3539 -0.8544 0.3805
vn -0.3754 -0.9063 0.1939
vn -0.3808 -0.9194 0.0980
vn -0.0769 -0.1857 0.9796
vn -0.1484 -0.3584 0.9217
vn -0.2142 -0.5172 0.8286
vn -0.2718 -0.6561 0.7041
vn -0.3189 -0.7699 0.5528
vn -0.2155 -0.3225 0.9217
vn -0.3110 -0.4654 0.8286
vn -0.3945 -0.5905 0.7041
vn -0.4630 -0.6929 0.5528
vn -0.5138 -0.7689 0.3805
vn -0.5450 -0.8157 0.1939
vn -0.5529 -0.8275 0.0980
vn -0.1117 -0.1671 0.9796
vn -0.6539 -0.6539 0.3805
vn -0.6937 -0.6937 0.1939
vn -0.7037 -0.7037 0.0980
vn -0.1421 -0.1421 0.9796
vn -0.2743 -0.2743 0.9217
vn -0.3958 -0.3958 0.8286
vn -0.5021 -0.5021 0.7041
vn -0.5893 -0.5893 0.5528
vn -0.4654 -0.3110 0.8286
vn -0.5905 -0.3945 0.7041
vn -0.6929 -0.4630 0.5528
vn -0.7689 -0.5138 0.3805
vn -0.8157 -0.5450 0.1939
vn -0.8275 -0.5529 0.0980
vn -0.1671 -0.1117 0.9796
vn -0.3225 -0.2155 0.9217
vn -0.9063 -0.3754 0.1939
vn -0.9194 -0.3808 0.0980
vn -0.1857 -0.0769 0.9796
vn -0.3584 -0.1484 0.9217
vn -0.5172 -0.2142 0.8286
vn -0.6561 -0.2718 0.7041
vn -0.7699 -0.3189 0.5528
vn -0.8544 -0.3539 0.3805
vn -0.6965 -0.1385 0.7041
vn -0.8173 -0.1626 0.5528
vn -0.9070 -0.1804 0.3805
vn -0.9622 -0.1914 0.1939
vn -0.9761 -0.1942 0.0980
vn -0.1971 -0.0392 0.9796
vn -0.3804 -0.0757 0.9217
vn -0.5490 -0.1092 0.8286
vn -0.2010 -0.0000 0.9796
vn -0.3879 -0.0000 0.9217
vn -0.5598 -0.0000 0.8286
vn -0.7101 -0.0000 0.7041
vn -0.8333 -0.0000 0.5528
vn -0.9248 -0.0000 0.3805
vn -0.9810 -0.0000 0.1939
vn -0.9952 -0.0000 0.0980
vn -0.6965 0.1385 0.7041
vn -0.8173 0.1626 0.5528
vn -0.9070 0.1804 0.3805
vn -0.9622 0.1914 0.1939
vn -0.9761 0.1942 0.0980
vn -0.1971 0.0392 0.9796
vn -0.3804 0.0757 0.9217
vn -0.5490 0.1092 0.8286
vn -0.1857 0.0769 0.9796
vn -0.3584 0.1484 0.9217
vn -0.5172 0.2142 0.8286
vn -0.6561 0.2718 0.7041
vn -0.7699 0.3189 0.5528
vn -0.8544 0.3539 0.3805
vn -0.9063 0.3754 0.1939
vn -0.9194 0.3808 0.0980
vn -0.6929 0.4630 0.5528
vn -0.7689 0.5138 0.3805
vn -0.8157 0.5450 0.1939
vn -0.8275 0.5529 0.0980
vn -0.1671 0.1117 0.9796
vn -0.3225 0.2155 0.9217
vn -0.4654 0.3110 0.8286
vn -0.5905 0.3945 0.7041
vn -0.1421 0.1421 0.9796
vn -0.2743 0.2743 0.9217
vn -0.3958 0.3958 0.8286
vn -0.5021 0.5021 0.7041
vn -0.5893 0.5893 0.5528
vn -0.6539 0.6539 0.3805
vn -0.6937 0.6937 0.1939
vn -0.7037 0.7037 0.0980
vn -0.4630 0.6929 0.5528
vn -0.5138 0.7689 0.3805
vn -0.5450 0.8157 0.1939
vn -0.5529 0.8275 0.0980
vn -0.1117 0.1671 0.9796
vn -0.2155 0.3225 0.9217
vn -0.3110 0.4654 0.8286
vn -0.3945 0.5905 0.7041
vn -0.1484 0.3584 0.9217
vn -0.2142 0.5172 0.8286
vn -0.2718 0.6561 0.7041
vn -0.3189 0.7699 0.5528
vn -0.3539 0.8544 0.3805
vn -0.3754 0.9063 0.1939
vn -0.3808 0.9194 0.0980
vn -0.0769 0.1857 0.9796
vn -0.1804 0.9070 0.3805
vn -0.1914 0.9622 0.1939
vn -0.1942 0.9761 0.0980
vn -0.0392 0.1971 0.9796
vn -0.0757 0.3804 0.9217
vn -0.1092 0.5490 0.8286
vn -0.1385 0.6965 0.7041
vn -0.1626 0.8173 0.5528
vn -0.0000 -0.0000 -1.0000
vt 0.413253 0.151018
vt 0.413253 0.145461
vt 0.415653 0.145225
vt 0.416737 0.150675
vt 0.413253 0.155888
vt 0.417687 0.155452
vt 0.413253 0.159885
vt 0.418467 0.159372
vt 0.413253 0.162855
vt 0.419046 0.162285
vt 0.413253 0.164684
vt 0.419403 0.164079
vt 0.413253 0.165302
vt 0.419523 0.164684
vt 0.413253 0.139432
vt 0.413253 0.133162
vt 0.414477 0.139312
vt 0.415653 0.138955
vt 0.417960 0.144525
vt 0.420086 0.149659
vt 0.421950 0.154158
vt 0.423480 0.157851
vt 0.424617 0.160595
vt 0.425316 0.162285
vt 0.425553 0.162855
vt 0.428100 0.155382
vt 0.429750 0.157851
vt 0.430766 0.159372
vt 0.431109 0.159885
vt 0.416737 0.138375
vt 0.420086 0.143388
vt 0.423174 0.148009
vt 0.425879 0.152058
vt 0.421950 0.141859
vt 0.425879 0.145788
vt 0.429323 0.149232
vt 0.432150 0.152058
vt 0.434250 0.154158
vt 0.435543 0.155452
vt 0.435980 0.155888
vt 0.417687 0.137596
vt 0.437943 0.149659
vt 0.439463 0.150675
vt 0.439977 0.151018
vt 0.418467 0.136645
vt 0.423480 0.139995
vt 0.428100 0.143082
vt 0.432150 0.145788
vt 0.435473 0.148009
vt 0.424617 0.137869
vt 0.429750 0.139995
vt 0.434250 0.141859
vt 0.437943 0.143388
vt 0.440687 0.144525
vt 0.442376 0.145225
vt 0.442947 0.145461
vt 0.419046 0.135561
vt 0.442376 0.138955
vt 0.444170 0.139312
vt 0.444776 0.139432
vt 0.419403 0.134385
vt 0.425316 0.135561
vt 0.430766 0.136645
vt 0.435543 0.137596
vt 0.439463 0.138375
vt 0.431109 0.133162
vt 0.435980 0.133162
vt 0.439977 0.133162
vt 0.442947 0.133162
vt 0.444776 0.133162
vt 0.445393 0.133162
vt 0.419523 0.133162
vt 0.425553 0.133162
vt 0.444170 0.127012
vt 0.444776 0.126892
vt 0.419403 0.131939
vt 0.425316 0.130762
vt 0.430766 0.129678
vt 0.435543 0.128728
vt 0.439463 0.127948
vt 0.442376 0.127369
vt 0.429750 0.126329
vt 0.434250 0.124465
vt 0.437943 0.122935
vt 0.440687 0.121799
vt 0.442376 0.121099
vt 0.442947 0.120862
vt 0.419046 0.130762
vt 0.424617 0.128455
vt 0.439463 0.115649
vt 0.439977 0.115306
vt 0.418467 0.129678
vt 0.423480 0.126329
vt 0.428100 0.123242
vt 0.432150 0.120536
vt 0.435473 0.118315
vt 0.437943 0.116665
vt 0.429323 0.117092
vt 0.432150 0.114265
vt 0.434250 0.112165
vt 0.435543 0.110872
vt 0.435980 0.110435
vt 0.417687 0.128728
vt 0.421950 0.124465
vt 0.425879 0.120536
vt 0.416737 0.127948
vt 0.420086 0.122935
vt 0.423174 0.118315
vt 0.425879 0.114265
vt 0.428100 0.110942
vt 0.429750 0.108473
vt 0.430766 0.106952
vt 0.431109 0.106438
vt 0.423480 0.108473
vt 0.424617 0.105729
vt 0.425316 0.104039
vt 0.425553 0.103468
vt 0.415653 0.127369
vt 0.417960 0.121799
vt 0.420086 0.116665
vt 0.421950 0.112165
vt 0.414477 0.127012
vt 0.415653 0.121099
vt 0.416737 0.115649
vt 0.417687 0.110872
vt 0.418467 0.106952
vt 0.419046 0.104039
vt 0.419403 0.102245
vt 0.419523 0.101639
vt 0.413253 0.106438
vt 0.413253 0.103468
vt 0.413253 0.101639
vt 0.413253 0.101022
vt 0.413253 0.126892
vt 0.413253 0.120862
vt 0.413253 0.115306
vt 0.413253 0.110435
vt 0.410854 0.121099
vt 0.409770 0.115649
vt 0.408820 0.110872
vt 0.408040 0.106952
vt 0.407460 0.104039
vt 0.407104 0.102245
vt 0.406983 0.101639
vt 0.412030 0.127012
vt 0.401890 0.105729
vt 0.401190 0.104039
vt 0.400954 0.103468
vt 0.410854 0.127369
vt 0.408546 0.121799
vt 0.406420 0.116665
vt 0.404556 0.112165
vt 0.403027 0.108473
vt 0.406420 0.122935
vt 0.403333 0.118315
vt 0.400627 0.114265
vt 0.398406 0.110942
vt 0.396756 0.108473
vt 0.395740 0.106952
vt 0.395397 0.106438
vt 0.409770 0.127948
vt 0.392257 0.112165
vt 0.390963 0.110872
vt 0.390527 0.110435
vt 0.408820 0.128728
vt 0.404556 0.124465
vt 0.400627 0.120536
vt 0.397183 0.117092
vt 0.394357 0.114265
vt 0.398406 0.123242
vt 0.394357 0.120536
vt 0.391033 0.118315
vt 0.388564 0.116665
vt 0.387043 0.115649
vt 0.386530 0.115306
vt 0.408040 0.129678
vt 0.403027 0.126329
vt 0.384130 0.121099
vt 0.383560 0.120862
vt 0.407460 0.130762
vt 0.401890 0.128455
vt 0.396756 0.126329
vt 0.392257 0.124465
vt 0.388564 0.122935
vt 0.385820 0.121799
vt 0.390963 0.128728
vt 0.387043 0.127948
vt 0.384130 0.127369
vt 0.382336 0.127012
vt 0.381731 0.126892
vt 0.407104 0.131939
vt 0.401190 0.130762
vt 0.395740 0.129678
vt 0.406983 0.133162
vt 0.400954 0.133162
vt 0.395397 0.133162
vt 0.390527 0.133162
vt 0.386530 0.133162
vt 0.383560 0.133162
vt 0.381731 0.133162
vt 0.381113 0.133162
vt 0.390963 0.137596
vt 0.387043 0.138375
vt 0.384130 0.138955
vt 0.382336 0.139312
vt 0.381731 0.139432
vt 0.407104 0.134385
vt 0.401190 0.135561
vt 0.395740 0.136645
vt 0.407460 0.135561
vt 0.401890 0.137869
vt 0.396756 0.139995
vt 0.392257 0.141859
vt 0.388564 0.143388
vt 0.385820 0.144525
vt 0.384130 0.145225
vt 0.383560 0.145461
vt 0.391034 0.148009
vt 0.388564 0.149659
vt 0.387043 0.150675
vt 0.386530 0.151018
vt 0.408040 0.136645
vt 0.403027 0.139995
vt 0.398406 0.143082
vt 0.394357 0.145788
vt 0.408820 0.137596
vt 0.404556 0.141859
vt 0.400627 0.145788
vt 0.397183 0.149232
vt 0.394357 0.152058
vt 0.392257 0.154158
vt 0.390963 0.155452
vt 0.390527 0.155888
vt 0.398406 0.155382
vt 0.396756 0.157851
vt 0.395740 0.159372
vt 0.395397 0.159885
vt 0.409770 0.138375
vt 0.406420 0.143388
vt 0.403333 0.148009
vt 0.400627 0.152058
vt 0.408546 0.144525
vt 0.406420 0.149659
vt 0.404556 0.154158
vt 0.403027 0.157851
vt 0.401890 0.160595
vt 0.401190 0.162285
vt 0.400954 0.162855
vt 0.410854 0.138955
vt 0.407460 0.162285
vt 0.407104 0.164079
vt 0.406983 0.164684
vt 0.412030 0.139312
vt 0.410854 0.145225
vt 0.409770 0.150675
vt 0.408820 0.155452
vt 0.408040 0.159372
s 1
usemtl atlas
f 251/285/261 505/286/262 256/287/263 257/288/264
f 506/289/265 251/285/261 257/288/264 258/290/266
f 252/291/267 506/289/265 258/290/266 259/292/268
f 507/293/269 252/291/267 259/292/268 260/294/270
f 253/295/271 507/293/269 260/294/270 261/296/272
f 254/297/273 253/295/271 261/296/272 262/298/274
f 504/299/275 295/300/276 255/301/277
f 505/286/262 504/299/275 255/301/277 256/287/263
f 256/287/263 255/301/277 263/302/278 264/303/279
f 257/288/264 256/287/263 264/303/279 265/304/280
f 258/290/266 257/288/264 265/304/280 266/305/281
f 259/292/268 258/290/266 266/305/281 267/306/282
f 260/294/270 259/292/268 267/306/282 268/307/283
f 261/296/272 260/294/270 268/307/283 269/308/284
f 262/298/274 261/296/272 269/308/284 270/309/285
f 255/301/277 295/300/276 263/302/278
f 268/307/283 267/306/282 275/310/286 276/311/287
f 269/308/284 268/307/283 276/311/287 277/312/288
f 270/309/285 269/308/284 277/312/288 278/313/289
f 263/302/278 295/300/276 271/314/290
f 264/303/279 263/302/278 271/314/290 272/315/291
f 265/304/280 264/303/279 272/315/291 273/316/292
f 266/305/281 265/304/280 273/316/292 274/317/293
f 267/306/282 266/305/281 274/317/293 275/310/286
f 273/316/292 272/315/291 280/318/294 281/319/295
f 274/317/293 273/316/292 281/319/295 282/320/296
f 275/310/286 274/317/293 282/320/296 283/321/297
f 276/311/287 275/310/286 283/321/297 284/322/298
f 277/312/288 276/311/287 284/322/298 285/323/299
f 278/313/289 277/312/288 285/323/299 286/324/300
f 271/314/290 295/300/276 279/325/301
f 272/315/291 271/314/290 279/325/301 280/318/294
f 285/323/299 284/322/298 292/326/302 293/327/303
f 286/324/300 285/323/299 293/327/303 294/328/304
f 279/325/301 295/300/276 287/329/305
f 280/318/294 279/325/301 287/329/305 288/330/306
f 281/319/295 280/318/294 288/330/306 289/331/307
f 282/320/296 281/319/295 289/331/307 290/332/308
f 283/321/297 282/320/296 290/332/308 291/333/309
f 284/322/298 283/321/297 291/333/309 292/326/302
f 289/331/307 288/330/306 297/334/310 298/335/311
f 290/332/308 289/331/307 298/335/311 299/336/312
f 291/333/309 290/332/308 299/336/312 300/337/313
f 292/326/302 291/333/309 300/337/313 301/338/314
f 293/327/303 292/326/302 301/338/314 302/339/315
f 294/328/304 293/327/303 302/339/315 303/340/316
f 287/329/305 295/300/276 296/341/317
f 288/330/306 287/329/305 296/341/317 297/334/310
f 302/339/315 301/338/314 309/342/318 310/343/319
f 303/340/316 302/339/315 310/343/319 311/344/320
f 296/341/317 295/300/276 304/345/321
f 297/334/310 296/341/317 304/345/321 305/346/322
f 298/335/311 297/334/310 305/346/322 306/347/323
f 299/336/312 298/335/311 306/347/323 307/348/324
f 300/337/313 299/336/312 307/348/324 308/349/325
f 301/338/314 300/337/313 308/349/325 309/342/318
f 307/348/324 306/347/323 314/350/326 315/351/327
f 308/349/325 307/348/324 315/351/327 316/352/328
f 309/342/318 308/349/325 316/352/328 317/353/329
f 310/343/319 309/342/318 317/353/329 318/354/330
f 311/344/320 310/343/319 318/354/330 319/355/331
f 304/345/321 295/300/276 312/356/332
f 305/346/322 304/345/321 312/356/332 313/357/333
f 306/347/323 305/346/322 313/357/333 314/350/326
f 319/355/331 318/354/330 326/358/334 327/359/335
f 312/356/332 295/300/276 320/360/336
f 313/357/333 312/356/332 320/360/336 321/361/337
f 314/350/326 313/357/333 321/361/337 322/362/338
f 315/351/327 314/350/326 322/362/338 323/363/339
f 316/352/328 315/351/327 323/363/339 324/364/340
f 317/353/329 316/352/328 324/364/340 325/365/341
f 318/354/330 317/353/329 325/365/341 326/358/334
f 323/363/339 322/362/338 330/366/342 331/367/343
f 324/364/340 323/363/339 331/367/343 332/368/344
f 325/365/341 324/364/340 332/368/344 333/369/345
f 326/358/334 325/365/341 333/369/345 334/370/346
f 327/359/335 326/358/334 334/370/346 335/371/347
f 320/360/336 295/300/276 328/372/348
f 321/361/337 320/360/336 328/372/348 329/373/349
f 322/362/338 321/361/337 329/373/349 330/366/342
f 335/371/347 334/370/346 342/374/350 343/375/351
f 328/372/348 295/300/276 336/376/352
f 329/373/349 328/372/348 336/376/352 337/377/353
f 330/366/342 329/373/349 337/377/353 338/378/354
f 331/367/343 330/366/342 338/378/354 339/379/355
f 332/368/344 331/367/343 339/379/355 340/380/356
f 333/369/345 332/368/344 340/380/356 341/381/357
f 334/370/346 333/369/345 341/381/357 342/374/350
f 340/380/356 339/379/355 347/382/358 348/383/359
f 341/381/357 340/380/356 348/383/359 349/384/360
f 342/374/350 341/381/357 349/384/360 350/385/361
f 343/375/351 342/374/350 350/385/361 351/386/362
f 336/376/352 295/300/276 344/387/363
f 337/377/353 336/376/352 344/387/363 345/388/364
f 338/378/354 337/377/353 345/388/364 346/389/365
f 339/379/355 338/378/354 346/389/365 347/382/358
f 345/388/364 344/387/363 352/390/366 353/391/367
f 346/389/365 345/388/364 353/391/367 354/392/368
f 347/382/358 346/389/365 354/392/368 355/393/369
f 348/383/359 347/382/358 355/393/369 356/394/370
f 349/384/360 348/383/359 356/394/370 357/395/371
f 350/385/361 349/384/360 357/395/371 358/396/372
f 351/386/362 350/385/361 358/396/372 359/397/373
f 344/387/363 295/300/276 352/390/366
f 357/395/371 356/394/370 364/398/374 365/399/375
f 358/396/372 357/395/371 365/399/375 366/400/376
f 359/397/373 358/396/372 366/400/376 367/401/377
f 352/390/366 295/300/276 360/402/378
f 353/391/367 352/390/366 360/402/378 361/403/379
f 354/392/368 353/391/367 361/403/379 362/404/380
f 355/393/369 354/392/368 362/404/380 363/405/381
f 356/394/370 355/393/369 363/405/381 364/398/374
f 361/403/379 360/402/378 368/406/382 369/407/383
f 362/404/380 361/403/379 369/407/383 370/408/384
f 363/405/381 362/404/380 370/408/384 371/409/385
f 364/398/374 363/405/381 371/409/385 372/410/386
f 365/399/375 364/398/374 372/410/386 373/411/387
f 366/400/376 365/399/375 373/411/387 374/412/388
f 367/401/377 366/400/376 374/412/388 375/413/389
f 360/402/378 295/300/276 368/406/382
f 373/411/387 372/410/386 380/414/390 381/415/391
f 374/412/388 373/411/387 381/415/391 382/416/392
f 375/413/389 374/412/388 382/416/392 383/417/393
f 368/406/382 295/300/276 376/418/394
f 369/407/383 368/406/382 376/418/394 377/419/395
f 370/408/384 369/407/383 377/419/395 378/420/396
f 371/409/385 370/408/384 378/420/396 379/421/397
f 372/410/386 371/409/385 379/421/397 380/414/390
f 378/420/396 377/419/395 385/422/398 386/423/399
f 379/421/397 378/420/396 386/423/399 387/424/400
f 380/414/390 379/421/397 387/424/400 388/425/401
f 381/415/391 380/414/390 388/425/401 389/426/402
f 382/416/392 381/415/391 389/426/402 390/427/403
f 383/417/393 382/416/392 390/427/403 391/428/404
f 376/418/394 295/300/276 384/429/405
f 377/419/395 376/418/394 384/429/405 385/422/398
f 390/427/403 389/426/402 397/430/406 398/431/407
f 391/428/404 390/427/403 398/431/407 399/432/408
f 384/429/405 295/300/276 392/433/409
f 385/422/398 384/429/405 392/433/409 393/434/410
f 386/423/399 385/422/398 393/434/410 394/435/411
f 387/424/400 386/423/399 394/435/411 395/436/412
f 388/425/401 387/424/400 395/436/412 396/437/413
f 389/426/402 388/425/401 396/437/413 397/430/406
f 394/435/411 393/434/410 401/438/414 402/439/415
f 395/436/412 394/435/411 402/439/415 403/440/416
f 396/437/413 395/436/412 403/440/416 404/441/417
f 397/430/406 396/437/413 404/441/417 405/442/418
f 398/431/407 397/430/406 405/442/418 406/443/419
f 399/432/408 398/431/407 406/443/419 407/444/420
f 392/433/409 295/300/276 400/445/421
f 393/434/410 392/433/409 400/445/421 401/438/414
f 406/443/419 405/442/418 413/446/422 414/447/423
f 407/444/420 406/443/419 414/447/423 415/448/424
f 400/445/421 295/300/276 408/449/425
f 401/438/414 400/445/421 408/449/425 409/450/426
f 402/439/415 401/438/414 409/450/426 410/451/427
f 403/440/416 402/439/415 410/451/427 411/452/428
f 404/441/417 403/440/416 411/452/428 412/453/429
f 405/442/418 404/441/417 412/453/429 413/446/422
f 411/452/428 410/451/427 418/454/430 419/455/431
f 412/453/429 411/452/428 419/455/431 420/456/432
f 413/446/422 412/453/429 420/456/432 421/457/433
f 414/447/423 413/446/422 421/457/433 422/458/434
f 415/448/424 414/447/423 422/458/434 423/459/435
f 408/449/425 295/300/276 416/460/436
f 409/450/426 408/449/425 416/460/436 417/461/437
f 410/451/427 409/450/426 417/461/437 418/454/430
f 423/459/435 422/458/434 430/462/438 431/463/439
f 416/460/436 295/300/276 424/464/440
f 417/461/437 416/460/436 424/464/440 425/465/441
f 418/454/430 417/461/437 425/465/441 426/466/442
f 419/455/431 418/454/430 426/466/442 427/467/443
f 420/456/432 419/455/431 427/467/443 428/468/444
f 421/457/433 420/456/432 428/468/444 429/469/445
f 422/458/434 421/457/433 429/469/445 430/462/438
f 428/468/444 427/467/443 435/470/446 436/471/447
f 429/469/445 428/468/444 436/471/447 437/472/448
f 430/462/438 429/469/445 437/472/448 438/473/449
f 431/463/439 430/462/438 438/473/449 439/474/450
f 424/464/440 295/300/276 432/475/451
f 425/465/441 424/464/440 432/475/451 433/476/452
f 426/466/442 425/465/441 433/476/452 434/477/453
f 427/467/443 426/466/442 434/477/453 435/470/446
f 432/475/451 295/300/276 440/478/454
f 433/476/452 432/475/451 440/478/454 441/479/455
f 434/477/453 433/476/452 441/479/455 442/480/456
f 435/470/446 434/477/453 442/480/456 443/481/457
f 436/471/447 435/470/446 443/481/457 444/482/458
f 437/472/448 436/471/447 444/482/458 445/483/459
f 438/473/449 437/472/448 445/483/459 446/484/460
f 439/474/450 438/473/449 446/484/460 447/485/461
f 444/482/458 443/481/457 451/486/462 452/487/463
f 445/483/459 444/482/458 452/487/463 453/488/464
f 446/484/460 445/483/459 453/488/464 454/489/465
f 447/485/461 446/484/460 454/489/465 455/490/466
f 440/478/454 295/300/276 448/491/467
f 441/479/455 440/478/454 448/491/467 449/492/468
f 442/480/456 441/479/455 449/492/468 450/493/469
f 443/481/457 442/480/456 450/493/469 451/486/462
f 449/492/468 448/491/467 456/494/470 457/495/471
f 450/493/469 449/492/468 457/495/471 458/496/472
f 451/486/462 450/493/469 458/496/472 459/497/473
f 452/487/463 451/486/462 459/497/473 460/498/474
f 453/488/464 452/487/463 460/498/474 461/499/475
f 454/489/465 453/488/464 461/499/475 462/500/476
f 455/490/466 454/489/465 462/500/476 463/501/477
f 448/491/467 295/300/276 456/494/470
f 461/499/475 460/498/474 468/502/478 469/503/479
f 462/500/476 461/499/475 469/503/479 470/504/480
f 463/501/477 462/500/476 470/504/480 471/505/481
f 456/494/470 295/300/276 464/506/482
f 457/495/471 456/494/470 464/506/482 465/507/483
f 458/496/472 457/495/471 465/507/483 466/508/484
f 459/497/473 458/496/472 466/508/484 467/509/485
f 460/498/474 459/497/473 467/509/485 468/502/478
f 465/507/483 464/506/482 472/510/486 473/511/487
f 466/508/484 465/507/483 473/511/487 474/512/488
f 467/509/485 466/508/484 474/512/488 475/513/489
f 468/502/478 467/509/485 475/513/489 476/514/490
f 469/503/479 468/502/478 476/514/490 477/515/491
f 470/504/480 469/503/479 477/515/491 478/516/492
f 471/505/481 470/504/480 478/516/492 479/517/493
f 464/506/482 295/300/276 472/510/486
f 477/515/491 476/514/490 484/518/494 485/519/495
f 478/516/492 477/515/491 485/519/495 486/520/496
f 479/517/493 478/516/492 486/520/496 487/521/497
f 472/510/486 295/300/276 480/522/498
f 473/511/487 472/510/486 480/522/498 481/523/499
f 474/512/488 473/511/487 481/523/499 482/524/500
f 475/513/489 474/512/488 482/524/500 483/525/501
f 476/514/490 475/513/489 483/525/501 484/518/494
f 482/524/500 481/523/499 489/526/502 490/527/503
f 483/525/501 482/524/500 490/527/503 491/528/504
f 484/518/494 483/525/501 491/528/504 492/529/505
f 485/519/495 484/518/494 492/529/505 493/530/506
f 486/520/496 485/519/495 493/530/506 494/531/507
f 487/521/497 486/520/496 494/531/507 495/532/508
f 480/522/498 295/300/276 488/533/509
f 481/523/499 480/522/498 488/533/509 489/526/502
f 494/531/507 493/530/506 501/534/510 502/535/511
f 495/532/508 494/531/507 502/535/511 503/536/512
f 488/533/509 295/300/276 496/537/513
f 489/526/502 488/533/509 496/537/513 497/538/514
f 490/527/503 489/526/502 497/538/514 498/539/515
f 491/528/504 490/527/503 498/539/515 499/540/516
f 492/529/505 491/528/504 499/540/516 500/541/517
f 493/530/506 492/529/505 500/541/517 501/534/510
f 499/540/516 498/539/515 251/285/261 506/289/265
f 500/541/517 499/540/516 506/289/265 252/291/267
f 501/534/510 500/541/517 252/291/267 507/293/269
f 502/535/511 501/534/510 507/293/269 253/295/271
f 503/536/512 502/535/511 253/295/271 254/297/273
f 496/537/513 295/300/276 504/299/275
f 497/538/514 496/537/513 504/299/275 505/286/262
f 262/298/518 270/309/518 278/313/518 286/324/518 294/328/518 303/340/518 311/344/518 319/355/518 327/359/518 335/371/518 343/375/518 351/386/518 359/397/518 367/401/518 375/413/518 383/417/518 391/428/518 399/432/518 407/444/518 415/448/518 423/459/518 431/463/518 439/474/518 447/485/518 455/490/518 463/501/518 471/505/518 479/517/518 487/521/518 495/532/518 503/536/518 254/297/518
f 498/539/515 497/538/514 505/286/262 251/285/261
o Cylinder.019
v 0.279682 -0.117287 1.491511
v 0.301033 -0.110349 1.491511
v 0.312574 -0.106154 1.472414
v 0.320130 -0.096475 1.453317
v 0.195140 -0.055863 1.453317
v 0.195563 -0.068135 1.472414
v 0.202434 -0.078312 1.491511
v 0.215630 -0.096475 1.491511
v 0.223186 -0.106154 1.472414
v 0.234727 -0.110349 1.453317
v 0.234727 0.021073 1.453317
v 0.223186 0.016878 1.472414
v 0.215630 0.007198 1.491511
v 0.202434 -0.010964 1.491511
v 0.195563 -0.021142 1.472414
v 0.195140 -0.033414 1.453317
v 0.320130 0.007198 1.453317
v 0.312574 0.016878 1.472414
v 0.301033 0.021073 1.491511
v 0.279682 0.028010 1.491511
v 0.267880 0.031400 1.472414
v 0.256078 0.028010 1.453317
v 0.304680 -0.099124 1.510608
v 0.320208 -0.082657 1.512390
v 0.331071 -0.062800 1.510608
v 0.227432 -0.096474 1.510608
v 0.247892 -0.106154 1.512390
v 0.270134 -0.110349 1.510608
v 0.206082 -0.022189 1.510608
v 0.203198 -0.044638 1.512390
v 0.206082 -0.067088 1.510608
v 0.270134 0.021072 1.510608
v 0.247892 0.016877 1.512390
v 0.227432 0.007198 1.510608
v 0.331071 -0.026476 1.510608
v 0.320208 -0.006620 1.512390
v 0.304680 0.009848 1.510608
v 0.285583 -0.099124 1.522411
v 0.280233 -0.082657 1.537096
v 0.273781 -0.062800 1.546015
v 0.286977 -0.044638 1.546015
v 0.307855 -0.044638 1.537096
v 0.325170 -0.044638 1.522410
v 0.221531 -0.078312 1.522411
v 0.235539 -0.068135 1.537096
v 0.252430 -0.055863 1.546015
v 0.221531 -0.010964 1.522411
v 0.235539 -0.021142 1.537096
v 0.252430 -0.033414 1.546015
v 0.285583 0.009848 1.522411
v 0.280233 -0.006620 1.537096
v 0.273781 -0.026477 1.546015
v 0.267880 -0.044638 1.548452
v 0.335890 -0.044638 1.506420
v 0.288896 0.020043 1.506420
v 0.212858 -0.004663 1.506420
v 0.212858 -0.084613 1.506420
v 0.288896 -0.109320 1.506420
v 0.322901 -0.004663 1.438409
v 0.246864 0.020043 1.438409
v 0.199870 -0.044638 1.438409
v 0.246864 -0.109320 1.438409
v 0.322901 -0.084613 1.438409
v 0.267880 -0.044638 1.396376
v 0.267880 -0.120676 1.472414
v 0.256078 -0.117287 1.453317
v 0.333325 -0.010964 1.453317
v 0.340196 -0.021142 1.472414
v 0.340620 -0.033414 1.491511
v 0.340620 -0.055863 1.491511
v 0.340196 -0.068135 1.472414
v 0.333325 -0.078312 1.453317
v 0.265626 0.021072 1.434220
v 0.287868 0.016877 1.432438
v 0.308327 0.007198 1.434220
v 0.204689 -0.026476 1.434221
v 0.215551 -0.006620 1.432438
v 0.231080 0.009848 1.434220
v 0.250177 0.009848 1.422418
v 0.255527 -0.006620 1.407732
v 0.261979 -0.026477 1.398813
v 0.231080 -0.099124 1.434220
v 0.215551 -0.082657 1.432438
v 0.204689 -0.062800 1.434221
v 0.210590 -0.044638 1.422418
v 0.227904 -0.044638 1.407733
v 0.248783 -0.044638 1.398813
v 0.283329 -0.033414 1.398813
v 0.300220 -0.021142 1.407732
v 0.314228 -0.010964 1.422418
v 0.329678 -0.022189 1.434220
v 0.332561 -0.044638 1.432438
v 0.329678 -0.067088 1.434220
v 0.308327 -0.096474 1.434220
v 0.287868 -0.106154 1.432438
v 0.265626 -0.110349 1.434220
v 0.283329 -0.055863 1.398813
v 0.300220 -0.068135 1.407732
v 0.314228 -0.078312 1.422418
v 0.250177 -0.099124 1.422418
v 0.255527 -0.082657 1.407732
v 0.261979 -0.062800 1.398813
v 0.271894 -0.096967 1.417392
v 0.278388 -0.076979 1.404404
v 0.295391 -0.089332 1.417392
v 0.318887 -0.032285 1.417392
v 0.318887 -0.056991 1.417393
v 0.301885 -0.044638 1.404404
v 0.219353 -0.064626 1.417393
v 0.240369 -0.064626 1.404404
v 0.233875 -0.084614 1.417392
v 0.233875 -0.004663 1.417392
v 0.240369 -0.024651 1.404404
v 0.219353 -0.024651 1.417393
v 0.295391 0.000055 1.417392
v 0.278388 -0.012298 1.404404
v 0.271894 0.007690 1.417392
v 0.343918 -0.044638 1.472414
v 0.339904 -0.056991 1.451398
v 0.339904 -0.032285 1.451398
v 0.291377 -0.116955 1.472414
v 0.278388 -0.116955 1.451398
v 0.301885 -0.109320 1.451398
v 0.206364 -0.089332 1.472414
v 0.202350 -0.076979 1.451398
v 0.216872 -0.096967 1.451398
v 0.206364 0.000055 1.472414
v 0.216872 0.007690 1.451398
v 0.202350 -0.012298 1.451398
v 0.291377 0.027678 1.472414
v 0.301885 0.020043 1.451398
v 0.278388 0.027678 1.451398
v 0.318888 -0.096967 1.493431
v 0.329396 -0.089332 1.472414
v 0.333410 -0.076979 1.493431
v 0.233874 -0.109320 1.493431
v 0.244383 -0.116955 1.472414
v 0.257371 -0.116955 1.493431
v 0.195856 -0.032285 1.493431
v 0.191842 -0.044638 1.472414
v 0.195856 -0.056991 1.493431
v 0.257372 0.027678 1.493431
v 0.244383 0.027678 1.472414
v 0.233875 0.020043 1.493431
v 0.333410 -0.012298 1.493431
v 0.329396 0.000055 1.472414
v 0.318888 0.007690 1.493431
v 0.295390 -0.064626 1.540425
v 0.301885 -0.084614 1.527436
v 0.316407 -0.064626 1.527436
v 0.257372 -0.076979 1.540425
v 0.240369 -0.089332 1.527436
v 0.263866 -0.096966 1.527436
v 0.233875 -0.044638 1.540425
v 0.216872 -0.032285 1.527436
v 0.216872 -0.056991 1.527436
v 0.257372 -0.012298 1.540425
v 0.263866 0.007690 1.527436
v 0.240369 0.000055 1.527436
v 0.295390 -0.024651 1.540425
v 0.316407 -0.024651 1.527436
v 0.301885 -0.004663 1.527436
v -0.279682 -0.117287 1.491511
v -0.301033 -0.110349 1.491511
v -0.312574 -0.106154 1.472414
v -0.320130 -0.096475 1.453317
v -0.195140 -0.055863 1.453317
v -0.195563 -0.068135 1.472414
v -0.202434 -0.078312 1.491511
v -0.215630 -0.096475 1.491511
v -0.223186 -0.106154 1.472414
v -0.234727 -0.110349 1.453317
v -0.234727 0.021073 1.453317
v -0.223186 0.016878 1.472414
v -0.215630 0.007198 1.491511
v -0.202434 -0.010964 1.491511
v -0.195563 -0.021142 1.472414
v -0.195140 -0.033414 1.453317
v -0.320130 0.007198 1.453317
v -0.312574 0.016878 1.472414
v -0.301033 0.021073 1.491511
v -0.279682 0.028010 1.491511
v -0.267880 0.031400 1.472414
v -0.256078 0.028010 1.453317
v -0.304680 -0.099124 1.510608
v -0.320208 -0.082657 1.512390
v -0.331071 -0.062800 1.510608
v -0.227432 -0.096474 1.510608
v -0.247892 -0.106154 1.512390
v -0.270134 -0.110349 1.510608
v -0.206082 -0.022189 1.510608
v -0.203198 -0.044638 1.512390
v -0.206082 -0.067088 1.510608
v -0.270134 0.021072 1.510608
v -0.247892 0.016877 1.512390
v -0.227432 0.007198 1.510608
v -0.331071 -0.026476 1.510608
v -0.320208 -0.006620 1.512390
v -0.304680 0.009848 1.510608
v -0.285583 -0.099124 1.522411
v -0.280233 -0.082657 1.537096
v -0.273781 -0.062800 1.546015
v -0.286977 -0.044638 1.546015
v -0.307855 -0.044638 1.537096
v -0.325170 -0.044638 1.522410
v -0.221531 -0.078312 1.522411
v -0.235539 -0.068135 1.537096
v -0.252430 -0.055863 1.546015
v -0.221531 -0.010964 1.522411
v -0.235539 -0.021142 1.537096
v -0.252430 -0.033414 1.546015
v -0.285583 0.009848 1.522411
v -0.280233 -0.006620 1.537096
v -0.273781 -0.026477 1.546015
v -0.267880 -0.044638 1.548452
v -0.335890 -0.044638 1.506420
v -0.288896 0.020043 1.506420
v -0.212858 -0.004663 1.506420
v -0.212858 -0.084613 1.506420
v -0.288896 -0.109320 1.506420
v -0.322901 -0.004663 1.438409
v -0.246864 0.020043 1.438409
v -0.199870 -0.044638 1.438409
v -0.246864 -0.109320 1.438409
v -0.322901 -0.084613 1.438409
v -0.267880 -0.044638 1.396376
v -0.267880 -0.120676 1.472414
v -0.256078 -0.117287 1.453317
v -0.333325 -0.010964 1.453317
v -0.340196 -0.021142 1.472414
v -0.340620 -0.033414 1.491511
v -0.340620 -0.055863 1.491511
v -0.340196 -0.068135 1.472414
v -0.333325 -0.078312 1.453317
v -0.265626 0.021072 1.434220
v -0.287868 0.016877 1.432438
v -0.308327 0.007198 1.434220
v -0.204689 -0.026476 1.434221
v -0.215551 -0.006620 1.432438
v -0.231080 0.009848 1.434220
v -0.250177 0.009848 1.422418
v -0.255527 -0.006620 1.407732
v -0.261979 -0.026477 1.398813
v -0.231080 -0.099124 1.434220
v -0.215551 -0.082657 1.432438
v -0.204689 -0.062800 1.434221
v -0.210590 -0.044638 1.422418
v -0.227904 -0.044638 1.407733
v -0.248783 -0.044638 1.398813
v -0.283329 -0.033414 1.398813
v -0.300220 -0.021142 1.407732
v -0.314228 -0.010964 1.422418
v -0.329678 -0.022189 1.434220
v -0.332561 -0.044638 1.432438
v -0.329678 -0.067088 1.434220
v -0.308327 -0.096474 1.434220
v -0.287868 -0.106154 1.432438
v -0.265626 -0.110349 1.434220
v -0.283329 -0.055863 1.398813
v -0.300220 -0.068135 1.407732
v -0.314228 -0.078312 1.422418
v -0.250177 -0.099124 1.422418
v -0.255527 -0.082657 1.407732
v -0.261979 -0.062800 1.398813
v -0.271894 -0.096967 1.417392
v -0.278388 -0.076979 1.404404
v -0.295391 -0.089332 1.417392
v -0.318887 -0.032285 1.417392
v -0.318887 -0.056991 1.417393
v -0.301885 -0.044638 1.404404
v -0.219353 -0.064626 1.417393
v -0.240369 -0.064626 1.404404
v -0.233875 -0.084614 1.417392
v -0.233875 -0.004663 1.417392
v -0.240369 -0.024651 1.404404
v -0.219353 -0.024651 1.417393
v -0.295391 0.000055 1.417392
v -0.278388 -0.012298 1.404404
v -0.271894 0.007690 1.417392
v -0.343918 -0.044638 1.472414
v -0.339904 -0.056991 1.451398
v -0.339904 -0.032285 1.451398
v -0.291377 -0.116955 1.472414
v -0.278388 -0.116955 1.451398
v -0.301885 -0.109320 1.451398
v -0.206364 -0.089332 1.472414
v -0.202350 -0.076979 1.451398
v -0.216872 -0.096967 1.451398
v -0.206364 0.000055 1.472414
v -0.216872 0.007690 1.451398
v -0.202350 -0.012298 1.451398
v -0.291377 0.027678 1.472414
v -0.301885 0.020043 1.451398
v -0.278388 0.027678 1.451398
v -0.318888 -0.096967 1.493431
v -0.329396 -0.089332 1.472414
v -0.333410 -0.076979 1.493431
v -0.233874 -0.109320 1.493431
v -0.244383 -0.116955 1.472414
v -0.257371 -0.116955 1.493431
v -0.195856 -0.032285 1.493431
v -0.191842 -0.044638 1.472414
v -0.195856 -0.056991 1.493431
v -0.257372 0.027678 1.493431
v -0.244383 0.027678 1.472414
v -0.233875 0.020043 1.493431
v -0.333410 -0.012298 1.493431
v -0.329396 0.000055 1.472414
v -0.318888 0.007690 1.493431
v -0.295390 -0.064626 1.540425
v -0.301885 -0.084614 1.527436
v -0.316407 -0.064626 1.527436
v -0.257372 -0.076979 1.540425
v -0.240369 -0.089332 1.527436
v -0.263866 -0.096966 1.527436
v -0.233875 -0.044638 1.540425
v -0.216872 -0.032285 1.527436
v -0.216872 -0.056991 1.527436
v -0.257372 -0.012298 1.540425
v -0.263866 0.007690 1.527436
v -0.240369 0.000055 1.527436
v -0.295390 -0.024651 1.540425
v -0.316407 -0.024651 1.527436
v -0.301885 -0.004663 1.527436
vn 0.1502 -0.9583 0.2431
vn 0.4417 -0.8636 0.2431
vn 0.5878 -0.8090 -0.0000
vn 0.6848 -0.6870 -0.2431
vn -0.9578 -0.1533 -0.2431
vn -0.9511 -0.3090 -0.0000
vn -0.8650 -0.4390 0.2431
vn -0.6848 -0.6870 0.2431
vn -0.5878 -0.8090 -0.0000
vn -0.4417 -0.8636 -0.2431
vn -0.4417 0.8636 -0.2431
vn -0.5878 0.8090 -0.0000
vn -0.6848 0.6870 0.2431
vn -0.8650 0.4390 0.2431
vn -0.9511 0.3090 -0.0000
vn -0.9578 0.1533 -0.2431
vn 0.6848 0.6870 -0.2431
vn 0.5878 0.8090 -0.0000
vn 0.4417 0.8636 0.2431
vn 0.1502 0.9583 0.2431
vn -0.0000 1.0000 -0.0000
vn -0.1502 0.9583 -0.2431
vn 0.4915 -0.7103 0.5038
vn 0.6882 -0.5000 0.5257
vn 0.8274 -0.2480 0.5038
vn -0.5237 -0.6870 0.5038
vn -0.2629 -0.8090 0.5257
vn 0.0198 -0.8636 0.5038
vn -0.8152 0.2857 0.5038
vn -0.8506 -0.0000 0.5257
vn -0.8152 -0.2857 0.5038
vn 0.0198 0.8636 0.5038
vn -0.2629 0.8090 0.5257
vn -0.5237 0.6870 0.5038
vn 0.8274 0.2480 0.5038
vn 0.6882 0.5000 0.5257
vn 0.4915 0.7103 0.5038
vn 0.2308 -0.7103 0.6650
vn 0.1625 -0.5000 0.8507
vn 0.0806 -0.2480 0.9654
vn 0.2608 -0.0000 0.9654
vn 0.5257 -0.0000 0.8507
vn 0.7469 -0.0000 0.6650
vn -0.6042 -0.4390 0.6650
vn -0.4253 -0.3090 0.8507
vn -0.2110 -0.1533 0.9654
vn -0.6042 0.4390 0.6650
vn -0.4253 0.3090 0.8507
vn -0.2110 0.1533 0.9654
vn 0.2308 0.7103 0.6650
vn 0.1625 0.5000 0.8507
vn 0.0806 0.2480 0.9654
vn -0.0000 -0.0000 1.0000
vn 0.8944 -0.0000 0.4472
vn 0.2764 0.8506 0.4472
vn -0.7236 0.5257 0.4472
vn -0.7236 -0.5257 0.4472
vn 0.2764 -0.8506 0.4472
vn 0.7236 0.5257 -0.4472
vn -0.2764 0.8506 -0.4472
vn -0.8944 -0.0000 -0.4472
vn -0.2764 -0.8506 -0.4472
vn 0.7236 -0.5257 -0.4472
vn -0.0000 -0.0000 -1.0000
vn -0.0000 -1.0000 -0.0000
vn -0.1502 -0.9583 -0.2431
vn 0.8650 0.4390 -0.2431
vn 0.9511 0.3090 -0.0000
vn 0.9578 0.1533 0.2431
vn 0.9578 -0.1533 0.2431
vn 0.9511 -0.3090 -0.0000
vn 0.8650 -0.4390 -0.2431
vn -0.0198 0.8636 -0.5038
vn 0.2629 0.8090 -0.5257
vn 0.5237 0.6870 -0.5038
vn -0.8274 0.2480 -0.5038
vn -0.6882 0.5000 -0.5257
vn -0.4915 0.7103 -0.5038
vn -0.2308 0.7103 -0.6650
vn -0.1625 0.5000 -0.8507
vn -0.0806 0.2480 -0.9654
vn -0.4915 -0.7103 -0.5038
vn -0.6882 -0.5000 -0.5257
vn -0.8274 -0.2480 -0.5038
vn -0.7469 -0.0000 -0.6650
vn -0.5257 -0.0000 -0.8507
vn -0.2608 -0.0000 -0.9654
vn 0.2110 0.1533 -0.9654
vn 0.4253 0.3090 -0.8507
vn 0.6042 0.4390 -0.6650
vn 0.8152 0.2857 -0.5038
vn 0.8506 -0.0000 -0.5257
vn 0.8152 -0.2857 -0.5038
vn 0.5237 -0.6870 -0.5038
vn 0.2629 -0.8090 -0.5257
vn -0.0198 -0.8636 -0.5038
vn 0.2110 -0.1533 -0.9654
vn 0.4253 -0.3090 -0.8507
vn 0.6042 -0.4390 -0.6650
vn -0.2308 -0.7103 -0.6650
vn -0.1625 -0.5000 -0.8507
vn -0.0806 -0.2480 -0.9654
vn 0.0592 -0.6835 -0.7276
vn 0.1406 -0.4329 -0.8904
vn 0.3539 -0.5878 -0.7276
vn 0.6683 0.1549 -0.7275
vn 0.6683 -0.1549 -0.7275
vn 0.4551 -0.0000 -0.8904
vn -0.6317 -0.2675 -0.7275
vn -0.3682 -0.2675 -0.8904
vn -0.4496 -0.5182 -0.7275
vn -0.4496 0.5182 -0.7276
vn -0.3682 0.2675 -0.8904
vn -0.6317 0.2675 -0.7275
vn 0.3539 0.5878 -0.7276
vn 0.1406 0.4329 -0.8904
vn 0.0592 0.6835 -0.7276
vn 1.0000 -0.0000 -0.0089
vn 0.9496 -0.1549 -0.2724
vn 0.9496 0.1549 -0.2724
vn 0.3090 -0.9510 -0.0089
vn 0.1461 -0.9510 -0.2724
vn 0.4408 -0.8553 -0.2724
vn -0.8090 -0.5878 -0.0089
vn -0.8593 -0.4329 -0.2724
vn -0.6772 -0.6835 -0.2724
vn -0.8090 0.5878 -0.0089
vn -0.6772 0.6835 -0.2724
vn -0.8593 0.4329 -0.2724
vn 0.3090 0.9510 -0.0089
vn 0.4408 0.8553 -0.2724
vn 0.1461 0.9510 -0.2724
vn 0.6772 -0.6835 0.2724
vn 0.8090 -0.5878 0.0089
vn 0.8593 -0.4329 0.2724
vn -0.4408 -0.8553 0.2724
vn -0.3090 -0.9510 0.0089
vn -0.1461 -0.9510 0.2724
vn -0.9496 0.1549 0.2724
vn -1.0000 -0.0000 0.0089
vn -0.9496 -0.1549 0.2724
vn -0.1461 0.9510 0.2724
vn -0.3090 0.9510 0.0089
vn -0.4408 0.8553 0.2724
vn 0.8593 0.4329 0.2724
vn 0.8090 0.5878 0.0089
vn 0.6772 0.6835 0.2724
vn 0.3682 -0.2675 0.8904
vn 0.4496 -0.5182 0.7276
vn 0.6317 -0.2675 0.7275
vn -0.1406 -0.4329 0.8904
vn -0.3539 -0.5878 0.7276
vn -0.0592 -0.6835 0.7276
vn -0.4551 -0.0000 0.8904
vn -0.6683 0.1549 0.7275
vn -0.6683 -0.1549 0.7275
vn -0.1406 0.4329 0.8904
vn -0.0592 0.6835 0.7276
vn -0.3539 0.5878 0.7276
vn 0.3682 0.2675 0.8904
vn 0.6317 0.2675 0.7275
vn 0.4496 0.5182 0.7276
vn -0.1502 -0.9583 0.2431
vn -0.4417 -0.8636 0.2431
vn -0.6848 -0.6870 -0.2431
vn 0.9578 -0.1533 -0.2431
vn 0.8650 -0.4390 0.2431
vn 0.6848 -0.6870 0.2431
vn 0.4417 -0.8636 -0.2431
vn 0.4417 0.8636 -0.2431
vn 0.6848 0.6870 0.2431
vn 0.8650 0.4390 0.2431
vn 0.9578 0.1533 -0.2431
vn -0.6848 0.6870 -0.2431
vn -0.4417 0.8636 0.2431
vn -0.1502 0.9583 0.2431
vn 0.1502 0.9583 -0.2431
vn -0.4915 -0.7103 0.5038
vn -0.6882 -0.5000 0.5257
vn -0.8274 -0.2480 0.5038
vn 0.5237 -0.6870 0.5038
vn 0.2629 -0.8090 0.5257
vn -0.0198 -0.8636 0.5038
vn 0.8152 0.2857 0.5038
vn 0.8506 -0.0000 0.5257
vn 0.8152 -0.2857 0.5038
vn -0.0198 0.8636 0.5038
vn 0.2629 0.8090 0.5257
vn 0.5237 0.6870 0.5038
vn -0.8274 0.2480 0.5038
vn -0.6882 0.5000 0.5257
vn -0.4915 0.7103 0.5038
vn -0.2308 -0.7103 0.6650
vn -0.1625 -0.5000 0.8507
vn -0.0806 -0.2480 0.9654
vn -0.2608 -0.0000 0.9654
vn -0.5257 -0.0000 0.8507
vn -0.7469 -0.0000 0.6650
vn 0.6042 -0.4390 0.6650
vn 0.4253 -0.3090 0.8507
vn 0.2110 -0.1533 0.9654
vn 0.6042 0.4390 0.6650
vn 0.4253 0.3090 0.8507
vn 0.2110 0.1533 0.9654
vn -0.2308 0.7103 0.6650
vn -0.1625 0.5000 0.8507
vn -0.0806 0.2480 0.9654
vn -0.8944 -0.0000 0.4472
vn -0.2764 0.8506 0.4472
vn 0.7236 0.5257 0.4472
vn 0.7236 -0.5257 0.4472
vn -0.2764 -0.8506 0.4472
vn -0.7236 0.5257 -0.4472
vn 0.2764 0.8506 -0.4472
vn 0.8944 -0.0000 -0.4472
vn 0.2764 -0.8506 -0.4472
vn -0.7236 -0.5257 -0.4472
vn 0.1502 -0.9583 -0.2431
vn -0.8650 0.4390 -0.2431
vn -0.9578 0.1533 0.2431
vn -0.9578 -0.1533 0.2431
vn -0.8650 -0.4390 -0.2431
vn 0.0198 0.8636 -0.5038
vn -0.2629 0.8090 -0.5257
vn -0.5237 0.6870 -0.5038
vn 0.8274 0.2480 -0.5038
vn 0.6882 0.5000 -0.5257
vn 0.4915 0.7103 -0.5038
vn 0.2308 0.7103 -0.6650
vn 0.1625 0.5000 -0.8507
vn 0.0806 0.2480 -0.9654
vn 0.4915 -0.7103 -0.5038
vn 0.6882 -0.5000 -0.5257
vn 0.8274 -0.2480 -0.5038
vn 0.7469 -0.0000 -0.6650
vn 0.5257 -0.0000 -0.8507
vn 0.2608 -0.0000 -0.9654
vn -0.2110 0.1533 -0.9654
vn -0.4253 0.3090 -0.8507
vn -0.6042 0.4390 -0.6650
vn -0.8152 0.2857 -0.5038
vn -0.8506 -0.0000 -0.5257
vn -0.8152 -0.2857 -0.5038
vn -0.5237 -0.6870 -0.5038
vn -0.2629 -0.8090 -0.5257
vn 0.0198 -0.8636 -0.5038
vn -0.2110 -0.1533 -0.9654
vn -0.4253 -0.3090 -0.8507
vn -0.6042 -0.4390 -0.6650
vn 0.2308 -0.7103 -0.6650
vn 0.1625 -0.5000 -0.8507
vn 0.0806 -0.2480 -0.9654
vn -0.0592 -0.6835 -0.7276
vn -0.1406 -0.4329 -0.8904
vn -0.3539 -0.5878 -0.7276
vn -0.6683 0.1549 -0.7275
vn -0.6683 -0.1549 -0.7275
vn -0.4551 -0.0000 -0.8904
vn 0.6317 -0.2675 -0.7275
vn 0.3682 -0.2675 -0.8904
vn 0.4496 -0.5182 -0.7275
vn 0.4496 0.5182 -0.7276
vn 0.3682 0.2675 -0.8904
vn 0.6317 0.2675 -0.7275
vn -0.3539 0.5878 -0.7276
vn -0.1406 0.4329 -0.8904
vn -0.0592 0.6835 -0.7276
vn -1.0000 -0.0000 -0.0089
vn -0.9496 -0.1549 -0.2724
vn -0.9496 0.1549 -0.2724
vn -0.3090 -0.9510 -0.0089
vn -0.1461 -0.9510 -0.2724
vn -0.4408 -0.8553 -0.2724
vn 0.8090 -0.5878 -0.0089
vn 0.8593 -0.4329 -0.2724
vn 0.6772 -0.6835 -0.2724
vn 0.8090 0.5878 -0.0089
vn 0.6772 0.6835 -0.2724
vn 0.8593 0.4329 -0.2724
vn -0.3090 0.9510 -0.0089
vn -0.4408 0.8553 -0.2724
vn -0.1461 0.9510 -0.2724
vn -0.6772 -0.6835 0.2724
vn -0.8090 -0.5878 0.0089
vn -0.8593 -0.4329 0.2724
vn 0.4408 -0.8553 0.2724
vn 0.3090 -0.9510 0.0089
vn 0.1461 -0.9510 0.2724
vn 0.9496 0.1549 0.2724
vn 1.0000 -0.0000 0.0089
vn 0.9496 -0.1549 0.2724
vn 0.1461 0.9510 0.2724
vn 0.3090 0.9510 0.0089
vn 0.4408 0.8553 0.2724
vn -0.8593 0.4329 0.2724
vn -0.8090 0.5878 0.0089
vn -0.6772 0.6835 0.2724
vn -0.3682 -0.2675 0.8904
vn -0.4496 -0.5182 0.7276
vn -0.6317 -0.2675 0.7275
vn 0.1406 -0.4329 0.8904
vn 0.3539 -0.5878 0.7276
vn 0.0592 -0.6835 0.7276
vn 0.4551 -0.0000 0.8904
vn 0.6683 0.1549 0.7275
vn 0.6683 -0.1549 0.7275
vn 0.1406 0.4329 0.8904
vn 0.0592 0.6835 0.7276
vn 0.3539 0.5878 0.7276
vn -0.3682 0.2675 0.8904
vn -0.6317 0.2675 0.7275
vn -0.4496 0.5182 0.7276
vt 0.379217 0.096160
vt 0.366078 0.099665
vt 0.370194 0.107897
vt 0.375848 0.089423
vt 0.391075 0.087101
vt 0.387629 0.083202
vt 0.402520 0.083202
vt 0.384463 0.106654
vt 0.395604 0.096160
vt 0.407020 0.089423
vt 0.399976 0.107897
vt 0.410751 0.099665
vt 0.413062 0.110818
vt 0.350970 0.158253
vt 0.354331 0.161174
vt 0.358447 0.169406
vt 0.383746 0.158253
vt 0.396832 0.161174
vt 0.386057 0.169406
vt 0.436779 0.158253
vt 0.441505 0.161174
vt 0.430730 0.169406
vt 0.426614 0.161174
vt 0.372738 0.161174
vt 0.360029 0.110818
vt 0.361962 0.121216
vt 0.352759 0.121216
vt 0.421527 0.121216
vt 0.406636 0.121216
vt 0.445838 0.110818
vt 0.449137 0.121216
vt 0.424071 0.107897
vt 0.442477 0.107897
vt 0.355303 0.107897
vt 0.398404 0.081503
vt 0.411723 0.083202
vt 0.353292 0.106654
vt 0.362829 0.096160
vt 0.362829 0.096161
vt 0.374687 0.087101
vt 0.438361 0.099666
vt 0.426285 0.089423
vt 0.432249 0.096161
vt 0.417591 0.087101
vt 0.434901 0.106654
vt 0.422121 0.096160
vt 0.417591 0.087101
vt 0.432249 0.096161
vt 0.379217 0.096160
vt 0.391075 0.087101
vt 0.395605 0.096160
vt 0.347671 0.147855
vt 0.347967 0.134536
vt 0.345371 0.134536
vt 0.348171 0.119878
vt 0.390173 0.147855
vt 0.375281 0.147855
vt 0.398404 0.134536
vt 0.382016 0.134536
vt 0.391075 0.119877
vt 0.367232 0.134536
vt 0.374687 0.119877
vt 0.444049 0.147855
vt 0.434846 0.147855
vt 0.448841 0.134536
vt 0.441309 0.134536
vt 0.444108 0.119878
vt 0.429576 0.134536
vt 0.433980 0.119877
vt 0.362829 0.149194
vt 0.355500 0.134535
vt 0.361907 0.162417
vt 0.352700 0.149194
vt 0.422121 0.149194
vt 0.414792 0.134535
vt 0.412345 0.162417
vt 0.405733 0.149194
vt 0.448638 0.149194
vt 0.451437 0.134536
vt 0.443516 0.162417
vt 0.448638 0.149194
vt 0.405733 0.149194
vt 0.414792 0.134535
vt 0.422121 0.149194
vt 0.352700 0.149194
vt 0.355500 0.134536
vt 0.362829 0.149194
vt 0.394288 0.185869
vt 0.385085 0.185869
vt 0.398404 0.187568
vt 0.389789 0.179648
vt 0.379217 0.181970
vt 0.374687 0.172911
vt 0.370523 0.179648
vt 0.364559 0.172911
vt 0.409179 0.185869
vt 0.420960 0.179648
vt 0.405733 0.181970
vt 0.417592 0.172911
vt 0.401204 0.172911
vt 0.422121 0.181970
vt 0.433979 0.172911
s 1
usemtl atlas
f 612/542/623 606/543/617 601/544/612
f 605/545/616 606/543/617 612/542/623
f 611/546/622 605/545/616 612/542/623
f 604/547/615 605/545/616 611/546/622
f 609/548/620 604/547/615 611/546/622
f 612/542/623 601/544/612 602/549/613
f 610/550/621 612/542/623 602/549/613
f 611/546/622 612/542/623 610/550/621
f 608/551/619 611/546/622 610/550/621
f 610/550/621 602/549/613 603/552/614
f 607/553/618 610/550/621 603/552/614
f 609/548/620 611/546/622 608/551/619
f 608/551/619 610/550/621 607/553/618
f 607/553/618 603/552/614 569/554/580
f 561/555/572 542/556/553 550/557/561
f 562/558/573 539/559/550 557/560/568
f 563/561/574 536/562/547 554/563/565
f 564/561/575 533/564/544 551/563/562
f 565/558/576 530/565/541 545/560/556
f 566/566/577 524/567/535 574/568/585
f 567/554/578 518/569/529 529/570/540
f 568/571/579 512/572/523 523/572/534
f 569/554/580 573/570/584 517/569/528
f 570/566/581 579/568/590 511/567/522
f 566/566/577 582/544/593 524/567/535
f 567/554/578 585/573/596 518/569/529
f 568/571/579 591/574/602 512/572/523
f 569/554/580 603/552/614 573/570/584
f 570/566/581 600/575/611 579/568/590
f 571/576/582 588/548/599 595/547/606
f 571/576/582 594/577/605 588/548/599
f 571/576/582 609/548/620 594/577/605
f 570/566/581 606/543/617 600/575/611
f 571/576/582 604/547/615 609/548/620
f 606/543/617 570/566/581 601/544/612
f 598/575/609 597/543/608 566/566/577
f 599/578/610 613/579/624 598/575/609
f 600/575/611 614/580/625 599/578/610
f 598/575/609 613/579/624 597/543/608
f 613/579/624 596/545/607 597/543/608
f 599/578/610 614/580/625 613/579/624
f 614/580/625 615/581/626 613/579/624
f 613/579/624 615/581/626 596/545/607
f 615/581/626 595/547/606 596/545/607
f 600/575/611 606/543/617 614/580/625
f 606/543/617 605/545/616 614/580/625
f 614/580/625 605/545/616 615/581/626
f 605/545/616 604/547/615 615/581/626
f 615/581/626 604/547/615 595/547/606
f 604/547/615 571/576/582 595/547/606
f 592/582/603 591/574/602 568/571/579
f 593/583/604 616/584/627 592/582/603
f 594/577/605 617/585/628 593/583/604
f 592/582/603 616/584/627 591/574/602
f 616/584/627 590/586/601 591/574/602
f 593/583/604 617/585/628 616/584/627
f 617/585/628 618/587/629 616/584/627
f 616/584/627 618/587/629 590/586/601
f 618/587/629 589/573/600 590/586/601
f 594/577/605 609/548/620 617/585/628
f 609/548/620 608/551/619 617/585/628
f 617/585/628 608/551/619 618/587/629
f 608/551/619 607/553/618 618/587/629
f 618/587/629 607/553/618 589/573/600
f 607/553/618 569/554/580 589/573/600
f 586/553/597 585/573/596 567/554/578
f 587/551/598 619/587/630 586/553/597
f 588/548/599 620/588/631 587/551/598
f 586/553/597 619/587/630 585/573/596
f 619/587/630 584/586/595 585/573/596
f 587/551/598 620/588/631 619/587/630
f 620/588/631 621/589/632 619/587/630
f 619/587/630 621/589/632 584/586/595
f 621/589/632 583/574/594 584/586/595
f 588/548/599 594/577/605 620/588/631
f 594/577/605 593/583/604 620/588/631
f 620/588/631 593/583/604 621/589/632
f 593/583/604 592/582/603 621/589/632
f 621/589/632 592/582/603 583/574/594
f 592/582/603 568/571/579 583/574/594
f 597/543/608 582/544/593 566/566/577
f 596/545/607 622/590/633 597/543/608
f 595/547/606 623/591/634 596/545/607
f 597/543/608 622/590/633 582/544/593
f 622/590/633 581/549/592 582/544/593
f 596/545/607 623/591/634 622/590/633
f 623/591/634 624/592/635 622/590/633
f 622/590/633 624/592/635 581/549/592
f 624/592/635 580/552/591 581/549/592
f 595/547/606 588/548/599 623/591/634
f 588/548/599 587/551/598 623/591/634
f 623/591/634 587/551/598 624/592/635
f 587/551/598 586/553/597 624/592/635
f 624/592/635 586/553/597 580/552/591
f 586/553/597 567/554/578 580/552/591
f 577/593/588 576/593/587 561/555/572
f 578/594/589 625/595/636 577/593/588
f 579/568/590 626/596/637 578/594/589
f 577/593/588 625/595/636 576/593/587
f 625/595/636 575/594/586 576/593/587
f 578/594/589 626/596/637 625/595/636
f 626/596/637 627/596/638 625/595/636
f 625/595/636 627/596/638 575/594/586
f 627/596/638 574/568/585 575/594/586
f 579/568/590 600/575/611 626/596/637
f 600/575/611 599/578/610 626/596/637
f 626/596/637 599/578/610 627/596/638
f 599/578/610 598/575/609 627/596/638
f 627/596/638 598/575/609 574/568/585
f 598/575/609 566/566/577 574/568/585
f 508/597/519 509/598/520 565/558/576
f 572/599/583 628/600/639 508/597/519
f 573/570/584 629/601/640 572/599/583
f 508/597/519 628/600/639 509/598/520
f 628/600/639 510/602/521 509/598/520
f 572/599/583 629/601/640 628/600/639
f 629/601/640 630/603/641 628/600/639
f 628/600/639 630/603/641 510/602/521
f 630/603/641 511/567/522 510/602/521
f 573/570/584 603/552/614 629/601/640
f 603/552/614 602/549/613 629/601/640
f 629/601/640 602/549/613 630/603/641
f 602/549/613 601/544/612 630/603/641
f 630/603/641 601/544/612 511/567/522
f 601/544/612 570/566/581 511/567/522
f 514/604/525 515/605/526 564/561/575
f 513/606/524 631/607/642 514/604/525
f 512/572/523 632/608/643 513/606/524
f 514/604/525 631/607/642 515/605/526
f 631/607/642 516/609/527 515/605/526
f 513/606/524 632/608/643 631/607/642
f 632/608/643 633/610/644 631/607/642
f 631/607/642 633/610/644 516/609/527
f 633/610/644 517/569/528 516/609/527
f 512/572/523 591/574/602 632/608/643
f 591/574/602 590/586/601 632/608/643
f 632/608/643 590/586/601 633/610/644
f 590/586/601 589/573/600 633/610/644
f 633/610/644 589/573/600 517/569/528
f 589/573/600 569/554/580 517/569/528
f 520/605/531 521/604/532 563/561/574
f 519/609/530 634/607/645 520/605/531
f 518/569/529 635/610/646 519/609/530
f 520/605/531 634/607/645 521/604/532
f 634/607/645 522/606/533 521/604/532
f 519/609/530 635/610/646 634/607/645
f 635/610/646 636/608/647 634/607/645
f 634/607/645 636/608/647 522/606/533
f 636/608/647 523/572/534 522/606/533
f 518/569/529 585/573/596 635/610/646
f 585/573/596 584/586/595 635/610/646
f 635/610/646 584/586/595 636/608/647
f 584/586/595 583/574/594 636/608/647
f 636/608/647 583/574/594 523/572/534
f 583/574/594 568/571/579 523/572/534
f 526/598/537 527/597/538 562/558/573
f 525/602/536 637/600/648 526/598/537
f 524/567/535 638/603/649 525/602/536
f 526/598/537 637/600/648 527/597/538
f 637/600/648 528/599/539 527/597/538
f 525/602/536 638/603/649 637/600/648
f 638/603/649 639/601/650 637/600/648
f 637/600/648 639/601/650 528/599/539
f 639/601/650 529/570/540 528/599/539
f 524/567/535 582/544/593 638/603/649
f 582/544/593 581/549/592 638/603/649
f 638/603/649 581/549/592 639/601/650
f 581/549/592 580/552/591 639/601/650
f 639/601/650 580/552/591 529/570/540
f 580/552/591 567/554/578 529/570/540
f 509/598/520 530/565/541 565/558/576
f 510/602/521 640/611/651 509/598/520
f 511/567/522 641/612/652 510/602/521
f 509/598/520 640/611/651 530/565/541
f 640/611/651 531/613/542 530/565/541
f 510/602/521 641/612/652 640/611/651
f 641/612/652 642/614/653 640/611/651
f 640/611/651 642/614/653 531/613/542
f 642/614/653 532/556/543 531/613/542
f 511/567/522 579/568/590 641/612/652
f 579/568/590 578/594/589 641/612/652
f 641/612/652 578/594/589 642/614/653
f 578/594/589 577/593/588 642/614/653
f 642/614/653 577/593/588 532/556/543
f 577/593/588 561/555/572 532/556/543
f 515/605/526 533/564/544 564/561/575
f 516/609/527 643/615/654 515/605/526
f 517/569/528 644/616/655 516/609/527
f 515/605/526 643/615/654 533/564/544
f 643/615/654 534/617/545 533/564/544
f 516/609/527 644/616/655 643/615/654
f 644/616/655 645/618/656 643/615/654
f 643/615/654 645/618/656 534/617/545
f 645/618/656 535/559/546 534/617/545
f 517/569/528 573/570/584 644/616/655
f 573/570/584 572/599/583 644/616/655
f 644/616/655 572/599/583 645/618/656
f 572/599/583 508/597/519 645/618/656
f 645/618/656 508/597/519 535/559/546
f 508/597/519 565/558/576 535/559/546
f 521/604/532 536/562/547 563/561/574
f 522/606/533 646/619/657 521/604/532
f 523/572/534 647/620/658 522/606/533
f 521/604/532 646/619/657 536/562/547
f 646/619/657 537/621/548 536/562/547
f 522/606/533 647/620/658 646/619/657
f 647/620/658 648/622/659 646/619/657
f 646/619/657 648/622/659 537/621/548
f 648/622/659 538/562/549 537/621/548
f 523/572/534 512/572/523 647/620/658
f 512/572/523 513/606/524 647/620/658
f 647/620/658 513/606/524 648/622/659
f 513/606/524 514/604/525 648/622/659
f 648/622/659 514/604/525 538/562/549
f 514/604/525 564/561/575 538/562/549
f 527/597/538 539/559/550 562/558/573
f 528/599/539 649/623/660 527/597/538
f 529/570/540 650/624/661 528/599/539
f 527/597/538 649/623/660 539/559/550
f 649/623/660 540/617/551 539/559/550
f 528/599/539 650/624/661 649/623/660
f 650/624/661 651/625/662 649/623/660
f 649/623/660 651/625/662 540/617/551
f 651/625/662 541/564/552 540/617/551
f 529/570/540 518/569/529 650/624/661
f 518/569/529 519/609/530 650/624/661
f 650/624/661 519/609/530 651/625/662
f 519/609/530 520/605/531 651/625/662
f 651/625/662 520/605/531 541/564/552
f 520/605/531 563/561/574 541/564/552
f 576/593/587 542/556/553 561/555/572
f 575/594/586 652/626/663 576/593/587
f 574/568/585 653/627/664 575/594/586
f 576/593/587 652/626/663 542/556/553
f 652/626/663 543/613/554 542/556/553
f 575/594/586 653/627/664 652/626/663
f 653/627/664 654/628/665 652/626/663
f 652/626/663 654/628/665 543/613/554
f 654/628/665 544/565/555 543/613/554
f 574/568/585 524/567/535 653/627/664
f 524/567/535 525/602/536 653/627/664
f 653/627/664 525/602/536 654/628/665
f 525/602/536 526/598/537 654/628/665
f 654/628/665 526/598/537 544/565/555
f 526/598/537 562/558/573 544/565/555
f 547/629/558 548/630/559 560/631/571
f 546/632/557 655/633/666 547/629/558
f 545/560/556 656/634/667 546/632/557
f 547/629/558 655/633/666 548/630/559
f 655/633/666 549/635/560 548/630/559
f 546/632/557 656/634/667 655/633/666
f 656/634/667 657/636/668 655/633/666
f 655/633/666 657/636/668 549/635/560
f 657/636/668 550/557/561 549/635/560
f 545/560/556 530/565/541 656/634/667
f 530/565/541 531/613/542 656/634/667
f 656/634/667 531/613/542 657/636/668
f 531/613/542 532/556/543 657/636/668
f 657/636/668 532/556/543 550/557/561
f 532/556/543 561/555/572 550/557/561
f 553/637/564 547/629/558 560/631/571
f 552/638/563 658/639/669 553/637/564
f 551/563/562 659/640/670 552/638/563
f 553/637/564 658/639/669 547/629/558
f 658/639/669 546/632/557 547/629/558
f 552/638/563 659/640/670 658/639/669
f 659/640/670 660/641/671 658/639/669
f 658/639/669 660/641/671 546/632/557
f 660/641/671 545/560/556 546/632/557
f 551/563/562 533/564/544 659/640/670
f 533/564/544 534/617/545 659/640/670
f 659/640/670 534/617/545 660/641/671
f 534/617/545 535/559/546 660/641/671
f 660/641/671 535/559/546 545/560/556
f 535/559/546 565/558/576 545/560/556
f 556/637/567 553/637/564 560/631/571
f 555/638/566 661/642/672 556/637/567
f 554/563/565 662/643/673 555/638/566
f 556/637/567 661/642/672 553/637/564
f 661/642/672 552/638/563 553/637/564
f 555/638/566 662/643/673 661/642/672
f 662/643/673 663/643/674 661/642/672
f 661/642/672 663/643/674 552/638/563
f 663/643/674 551/563/562 552/638/563
f 554/563/565 536/562/547 662/643/673
f 536/562/547 537/621/548 662/643/673
f 662/643/673 537/621/548 663/643/674
f 537/621/548 538/562/549 663/643/674
f 663/643/674 538/562/549 551/563/562
f 538/562/549 564/561/575 551/563/562
f 559/629/570 556/637/567 560/631/571
f 558/632/569 664/639/675 559/629/570
f 557/560/568 665/641/676 558/632/569
f 559/629/570 664/639/675 556/637/567
f 664/639/675 555/638/566 556/637/567
f 558/632/569 665/641/676 664/639/675
f 665/641/676 666/640/677 664/639/675
f 664/639/675 666/640/677 555/638/566
f 666/640/677 554/563/565 555/638/566
f 557/560/568 539/559/550 665/641/676
f 539/559/550 540/617/551 665/641/676
f 665/641/676 540/617/551 666/640/677
f 540/617/551 541/564/552 666/640/677
f 666/640/677 541/564/552 554/563/565
f 541/564/552 563/561/574 554/563/565
f 548/630/559 559/629/570 560/631/571
f 549/635/560 667/633/678 548/630/559
f 550/557/561 668/636/679 549/635/560
f 548/630/559 667/633/678 559/629/570
f 667/633/678 558/632/569 559/629/570
f 549/635/560 668/636/679 667/633/678
f 668/636/679 669/634/680 667/633/678
f 667/633/678 669/634/680 558/632/569
f 669/634/680 557/560/568 558/632/569
f 550/557/561 542/556/553 668/636/679
f 542/556/553 543/613/554 668/636/679
f 668/636/679 543/613/554 669/634/680
f 543/613/554 544/565/555 669/634/680
f 669/634/680 544/565/555 557/560/568
f 544/565/555 562/558/573 557/560/568
f 774/542/773 763/544/762 768/543/767
f 767/545/766 774/542/773 768/543/767
f 773/546/772 774/542/773 767/545/766
f 766/547/765 773/546/772 767/545/766
f 771/548/770 773/546/772 766/547/765
f 774/542/773 764/549/763 763/544/762
f 772/550/771 764/549/763 774/542/773
f 773/546/772 772/550/771 774/542/773
f 770/551/769 772/550/771 773/546/772
f 772/550/771 765/552/764 764/549/763
f 769/553/768 765/552/764 772/550/771
f 771/548/770 770/551/769 773/546/772
f 770/551/769 769/553/768 772/550/771
f 769/553/768 731/554/734 765/552/764
f 723/555/726 712/557/716 704/556/708
f 724/558/727 719/560/723 701/559/705
f 725/561/728 716/563/720 698/562/702
f 726/561/729 713/563/717 695/564/699
f 727/558/730 707/560/711 692/565/696
f 728/566/731 736/568/737 686/567/692
f 729/554/732 691/570/695 680/569/688
f 730/571/733 685/572/691 674/572/684
f 731/554/734 679/569/687 735/570/736
f 732/566/735 673/567/683 741/568/740
f 728/566/731 686/567/692 744/544/743
f 729/554/732 680/569/688 747/573/746
f 730/571/733 674/572/684 753/574/752
f 731/554/734 735/570/736 765/552/764
f 732/566/735 741/568/740 762/575/761
f 733/576/582 757/547/756 750/548/749
f 733/576/582 750/548/749 756/577/755
f 733/576/582 756/577/755 771/548/770
f 732/566/735 762/575/761 768/543/767
f 733/576/582 771/548/770 766/547/765
f 768/543/767 763/544/762 732/566/735
f 760/575/759 728/566/731 759/543/758
f 761/578/760 760/575/759 775/579/774
f 762/575/761 761/578/760 776/580/775
f 760/575/759 759/543/758 775/579/774
f 775/579/774 759/543/758 758/545/757
f 761/578/760 775/579/774 776/580/775
f 776/580/775 775/579/774 777/581/776
f 775/579/774 758/545/757 777/581/776
f 777/581/776 758/545/757 757/547/756
f 762/575/761 776/580/775 768/543/767
f 768/543/767 776/580/775 767/545/766
f 776/580/775 777/581/776 767/545/766
f 767/545/766 777/581/776 766/547/765
f 777/581/776 757/547/756 766/547/765
f 766/547/765 757/547/756 733/576/582
f 754/582/753 730/571/733 753/574/752
f 755/583/754 754/582/753 778/584/777
f 756/577/755 755/583/754 779/585/778
f 754/582/753 753/574/752 778/584/777
f 778/584/777 753/574/752 752/586/751
f 755/583/754 778/584/777 779/585/778
f 779/585/778 778/584/777 780/587/779
f 778/584/777 752/586/751 780/587/779
f 780/587/779 752/586/751 751/573/750
f 756/577/755 779/585/778 771/548/770
f 771/548/770 779/585/778 770/551/769
f 779/585/778 780/587/779 770/551/769
f 770/551/769 780/587/779 769/553/768
f 780/587/779 751/573/750 769/553/768
f 769/553/768 751/573/750 731/554/734
f 748/553/747 729/554/732 747/573/746
f 749/551/748 748/553/747 781/587/780
f 750/548/749 749/551/748 782/588/781
f 748/553/747 747/573/746 781/587/780
f 781/587/780 747/573/746 746/586/745
f 749/551/748 781/587/780 782/588/781
f 782/588/781 781/587/780 783/589/782
f 781/587/780 746/586/745 783/589/782
f 783/589/782 746/586/745 745/574/744
f 750/548/749 782/588/781 756/577/755
f 756/577/755 782/588/781 755/583/754
f 782/588/781 783/589/782 755/583/754
f 755/583/754 783/589/782 754/582/753
f 783/589/782 745/574/744 754/582/753
f 754/582/753 745/574/744 730/571/733
f 759/543/758 728/566/731 744/544/743
f 758/545/757 759/543/758 784/590/783
f 757/547/756 758/545/757 785/591/784
f 759/543/758 744/544/743 784/590/783
f 784/590/783 744/544/743 743/549/742
f 758/545/757 784/590/783 785/591/784
f 785/591/784 784/590/783 786/592/785
f 784/590/783 743/549/742 786/592/785
f 786/592/785 743/549/742 742/552/741
f 757/547/756 785/591/784 750/548/749
f 750/548/749 785/591/784 749/551/748
f 785/591/784 786/592/785 749/551/748
f 749/551/748 786/592/785 748/553/747
f 786/592/785 742/552/741 748/553/747
f 748/553/747 742/552/741 729/554/732
f 739/593/739 723/555/726 738/593/738
f 740/594/524 739/593/739 787/595/786
f 741/568/740 740/594/524 788/596/787
f 739/593/739 738/593/738 787/595/786
f 787/595/786 738/593/738 737/594/533
f 740/594/524 787/595/786 788/596/787
f 788/596/787 787/595/786 789/596/788
f 787/595/786 737/594/533 789/596/788
f 789/596/788 737/594/533 736/568/737
f 741/568/740 788/596/787 762/575/761
f 762/575/761 788/596/787 761/578/760
f 788/596/787 789/596/788 761/578/760
f 761/578/760 789/596/788 760/575/759
f 789/596/788 736/568/737 760/575/759
f 760/575/759 736/568/737 728/566/731
f 670/597/681 727/558/730 671/598/682
f 734/599/583 670/597/681 790/600/789
f 735/570/736 734/599/583 791/601/790
f 670/597/681 671/598/682 790/600/789
f 790/600/789 671/598/682 672/602/527
f 734/599/583 790/600/789 791/601/790
f 791/601/790 790/600/789 792/603/791
f 790/600/789 672/602/527 792/603/791
f 792/603/791 672/602/527 673/567/683
f 735/570/736 791/601/790 765/552/764
f 765/552/764 791/601/790 764/549/763
f 791/601/790 792/603/791 764/549/763
f 764/549/763 792/603/791 763/544/762
f 792/603/791 673/567/683 763/544/762
f 763/544/762 673/567/683 732/566/735
f 676/604/685 726/561/729 677/605/686
f 675/606/589 676/604/685 793/607/792
f 674/572/684 675/606/589 794/608/793
f 676/604/685 677/605/686 793/607/792
f 793/607/792 677/605/686 678/609/521
f 675/606/589 793/607/792 794/608/793
f 794/608/793 793/607/792 795/610/794
f 793/607/792 678/609/521 795/610/794
f 795/610/794 678/609/521 679/569/687
f 674/572/684 794/608/793 753/574/752
f 753/574/752 794/608/793 752/586/751
f 794/608/793 795/610/794 752/586/751
f 752/586/751 795/610/794 751/573/750
f 795/610/794 679/569/687 751/573/750
f 751/573/750 679/569/687 731/554/734
f 682/605/689 725/561/728 683/604/690
f 681/609/536 682/605/689 796/607/795
f 680/569/688 681/609/536 797/610/796
f 682/605/689 683/604/690 796/607/795
f 796/607/795 683/604/690 684/606/586
f 681/609/536 796/607/795 797/610/796
f 797/610/796 796/607/795 798/608/797
f 796/607/795 684/606/586 798/608/797
f 798/608/797 684/606/586 685/572/691
f 680/569/688 797/610/796 747/573/746
f 747/573/746 797/610/796 746/586/745
f 797/610/796 798/608/797 746/586/745
f 746/586/745 798/608/797 745/574/744
f 798/608/797 685/572/691 745/574/744
f 745/574/744 685/572/691 730/571/733
f 688/598/693 724/558/727 689/597/694
f 687/602/530 688/598/693 799/600/798
f 686/567/692 687/602/530 800/603/799
f 688/598/693 689/597/694 799/600/798
f 799/600/798 689/597/694 690/599/539
f 687/602/530 799/600/798 800/603/799
f 800/603/799 799/600/798 801/601/800
f 799/600/798 690/599/539 801/601/800
f 801/601/800 690/599/539 691/570/695
f 686/567/692 800/603/799 744/544/743
f 744/544/743 800/603/799 743/549/742
f 800/603/799 801/601/800 743/549/742
f 743/549/742 801/601/800 742/552/741
f 801/601/800 691/570/695 742/552/741
f 742/552/741 691/570/695 729/554/732
f 671/598/682 727/558/730 692/565/696
f 672/602/527 671/598/682 802/611/801
f 673/567/683 672/602/527 803/612/802
f 671/598/682 692/565/696 802/611/801
f 802/611/801 692/565/696 693/613/697
f 672/602/527 802/611/801 803/612/802
f 803/612/802 802/611/801 804/614/803
f 802/611/801 693/613/697 804/614/803
f 804/614/803 693/613/697 694/556/698
f 673/567/683 803/612/802 741/568/740
f 741/568/740 803/612/802 740/594/524
f 803/612/802 804/614/803 740/594/524
f 740/594/524 804/614/803 739/593/739
f 804/614/803 694/556/698 739/593/739
f 739/593/739 694/556/698 723/555/726
f 677/605/686 726/561/729 695/564/699
f 678/609/521 677/605/686 805/615/804
f 679/569/687 678/609/521 806/616/805
f 677/605/686 695/564/699 805/615/804
f 805/615/804 695/564/699 696/617/700
f 678/609/521 805/615/804 806/616/805
f 806/616/805 805/615/804 807/618/806
f 805/615/804 696/617/700 807/618/806
f 807/618/806 696/617/700 697/559/701
f 679/569/687 806/616/805 735/570/736
f 735/570/736 806/616/805 734/599/583
f 806/616/805 807/618/806 734/599/583
f 734/599/583 807/618/806 670/597/681
f 807/618/806 697/559/701 670/597/681
f 670/597/681 697/559/701 727/558/730
f 683/604/690 725/561/728 698/562/702
f 684/606/586 683/604/690 808/619/807
f 685/572/691 684/606/586 809/620/808
f 683/604/690 698/562/702 808/619/807
f 808/619/807 698/562/702 699/621/703
f 684/606/586 808/619/807 809/620/808
f 809/620/808 808/619/807 810/622/809
f 808/619/807 699/621/703 810/622/809
f 810/622/809 699/621/703 700/562/704
f 685/572/691 809/620/808 674/572/684
f 674/572/684 809/620/808 675/606/589
f 809/620/808 810/622/809 675/606/589
f 675/606/589 810/622/809 676/604/685
f 810/622/809 700/562/704 676/604/685
f 676/604/685 700/562/704 726/561/729
f 689/597/694 724/558/727 701/559/705
f 690/599/539 689/597/694 811/623/810
f 691/570/695 690/599/539 812/624/811
f 689/597/694 701/559/705 811/623/810
f 811/623/810 701/559/705 702/617/706
f 690/599/539 811/623/810 812/624/811
f 812/624/811 811/623/810 813/625/812
f 811/623/810 702/617/706 813/625/812
f 813/625/812 702/617/706 703/564/707
f 691/570/695 812/624/811 680/569/688
f 680/569/688 812/624/811 681/609/536
f 812/624/811 813/625/812 681/609/536
f 681/609/536 813/625/812 682/605/689
f 813/625/812 703/564/707 682/605/689
f 682/605/689 703/564/707 725/561/728
f 738/593/738 723/555/726 704/556/708
f 737/594/533 738/593/738 814/626/813
f 736/568/737 737/594/533 815/627/814
f 738/593/738 704/556/708 814/626/813
f 814/626/813 704/556/708 705/613/709
f 737/594/533 814/626/813 815/627/814
f 815/627/814 814/626/813 816/628/815
f 814/626/813 705/613/709 816/628/815
f 816/628/815 705/613/709 706/565/710
f 736/568/737 815/627/814 686/567/692
f 686/567/692 815/627/814 687/602/530
f 815/627/814 816/628/815 687/602/530
f 687/602/530 816/628/815 688/598/693
f 816/628/815 706/565/710 688/598/693
f 688/598/693 706/565/710 724/558/727
f 709/629/713 722/631/571 710/630/714
f 708/632/712 709/629/713 817/633/816
f 707/560/711 708/632/712 818/634/817
f 709/629/713 710/630/714 817/633/816
f 817/633/816 710/630/714 711/635/715
f 708/632/712 817/633/816 818/634/817
f 818/634/817 817/633/816 819/636/818
f 817/633/816 711/635/715 819/636/818
f 819/636/818 711/635/715 712/557/716
f 707/560/711 818/634/817 692/565/696
f 692/565/696 818/634/817 693/613/697
f 818/634/817 819/636/818 693/613/697
f 693/613/697 819/636/818 694/556/698
f 819/636/818 712/557/716 694/556/698
f 694/556/698 712/557/716 723/555/726
f 715/637/719 722/631/571 709/629/713
f 714/638/718 715/637/719 820/639/819
f 713/563/717 714/638/718 821/640/820
f 715/637/719 709/629/713 820/639/819
f 820/639/819 709/629/713 708/632/712
f 714/638/718 820/639/819 821/640/820
f 821/640/820 820/639/819 822/641/821
f 820/639/819 708/632/712 822/641/821
f 822/641/821 708/632/712 707/560/711
f 713/563/717 821/640/820 695/564/699
f 695/564/699 821/640/820 696/617/700
f 821/640/820 822/641/821 696/617/700
f 696/617/700 822/641/821 697/559/701
f 822/641/821 707/560/711 697/559/701
f 697/559/701 707/560/711 727/558/730
f 718/637/722 722/631/571 715/637/719
f 717/638/721 718/637/722 823/642/822
f 716/563/720 717/638/721 824/643/823
f 718/637/722 715/637/719 823/642/822
f 823/642/822 715/637/719 714/638/718
f 717/638/721 823/642/822 824/643/823
f 824/643/823 823/642/822 825/643/824
f 823/642/822 714/638/718 825/643/824
f 825/643/824 714/638/718 713/563/717
f 716/563/720 824/643/823 698/562/702
f 698/562/702 824/643/823 699/621/703
f 824/643/823 825/643/824 699/621/703
f 699/621/703 825/643/824 700/562/704
f 825/643/824 713/563/717 700/562/704
f 700/562/704 713/563/717 726/561/729
f 721/629/725 722/631/571 718/637/722
f 720/632/724 721/629/725 826/639/825
f 719/560/723 720/632/724 827/641/826
f 721/629/725 718/637/722 826/639/825
f 826/639/825 718/637/722 717/638/721
f 720/632/724 826/639/825 827/641/826
f 827/641/826 826/639/825 828/640/827
f 826/639/825 717/638/721 828/640/827
f 828/640/827 717/638/721 716/563/720
f 719/560/723 827/641/826 701/559/705
f 701/559/705 827/641/826 702/617/706
f 827/641/826 828/640/827 702/617/706
f 702/617/706 828/640/827 703/564/707
f 828/640/827 716/563/720 703/564/707
f 703/564/707 716/563/720 725/561/728
f 710/630/714 722/631/571 721/629/725
f 711/635/715 710/630/714 829/633/828
f 712/557/716 711/635/715 830/636/829
f 710/630/714 721/629/725 829/633/828
f 829/633/828 721/629/725 720/632/724
f 711/635/715 829/633/828 830/636/829
f 830/636/829 829/633/828 831/634/830
f 829/633/828 720/632/724 831/634/830
f 831/634/830 720/632/724 719/560/723
f 712/557/716 830/636/829 704/556/708
f 704/556/708 830/636/829 705/613/709
f 830/636/829 831/634/830 705/613/709
f 705/613/709 831/634/830 706/565/710
f 831/634/830 719/560/723 706/565/710
f 706/565/710 719/560/723 724/558/727
o Cylinder.030
v 0.133834 -0.085508 1.303461
v 0.078066 -0.085508 1.363219
v 0.133834 -0.003769 1.303461
v 0.078066 -0.003769 1.363219
v 0.268122 -0.085508 1.428784
v 0.212354 -0.085508 1.488542
v 0.268122 -0.003769 1.428784
v 0.212354 -0.003769 1.488542
v 0.238914 0.010345 1.382220
v 0.163886 0.010345 1.462616
v 0.238914 -0.099622 1.382220
v 0.163886 -0.099622 1.462616
v -0.133834 -0.085508 1.303461
v -0.078066 -0.085508 1.363219
v -0.133834 -0.003769 1.303461
v -0.078066 -0.003769 1.363219
v -0.268122 -0.085508 1.428784
v -0.212354 -0.085508 1.488542
v -0.268122 -0.003769 1.428784
v -0.212354 -0.003769 1.488542
v -0.238914 0.010345 1.382220
v -0.163886 0.010345 1.462616
v -0.238914 -0.099622 1.382220
v -0.163886 -0.099622 1.462616
vn -0.7311 -0.0000 -0.6823
vn 0.1877 0.9665 0.1752
vn 0.7311 -0.0000 0.6823
vn -0.0786 -0.9942 -0.0733
vn 0.8471 -0.0000 -0.5314
vn -0.7569 -0.0000 0.6535
vn -0.4717 -0.0000 0.8818
vn 0.5998 -0.0000 -0.8002
vn 0.1877 -0.9665 0.1752
vn -0.0786 0.9942 -0.0733
vn 0.7311 -0.0000 -0.6823
vn -0.1877 0.9665 0.1752
vn -0.7311 -0.0000 0.6823
vn 0.0786 -0.9942 -0.0733
vn -0.8471 -0.0000 -0.5314
vn 0.7569 -0.0000 0.6535
vn 0.4717 -0.0000 0.8818
vn -0.5998 -0.0000 -0.8002
vn -0.1877 -0.9665 0.1752
vn 0.0786 0.9942 -0.0733
vt 0.380618 0.159549
vt 0.416299 0.158854
vt 0.375568 0.216662
vt 0.423571 0.215726
vt 0.417862 0.239036
vt 0.382181 0.239731
s 0
usemtl atlas
f 832/644/831 833/645/831 835/645/831 834/644/831
f 840/646/832 841/647/832 839/648/832 838/649/832
f 838/649/833 839/648/833 837/648/833 836/649/833
f 842/646/834 843/647/834 833/645/834 832/644/834
f 840/646/835 838/649/835 836/649/835 842/646/835
f 841/647/836 835/645/836 833/645/836 843/647/836
f 839/648/837 841/647/837 843/647/837 837/648/837
f 834/644/838 840/646/838 842/646/838 832/644/838
f 836/649/839 837/648/839 843/647/839 842/646/839
f 834/644/840 835/645/840 841/647/840 840/646/840
f 844/644/841 846/644/841 847/645/841 845/645/841
f 852/646/842 850/649/842 851/648/842 853/647/842
f 850/649/843 848/649/843 849/648/843 851/648/843
f 854/646/844 844/644/844 845/645/844 855/647/844
f 852/646/845 854/646/845 848/649/845 850/649/845
f 853/647/846 855/647/846 845/645/846 847/645/846
f 851/648/847 849/648/847 855/647/847 853/647/847
f 846/644/848 844/644/848 854/646/848 852/646/848
f 848/649/849 854/646/849 855/647/849 849/648/849
f 846/644/850 852/646/850 853/647/850 847/645/850
o Cylinder.018
v 0.138165 -0.186088 1.417094
v 0.138165 -0.186088 1.529350
v 0.144012 -0.186663 1.417094
v 0.144012 -0.186663 1.529350
v 0.149634 -0.188369 1.417094
v 0.149634 -0.188369 1.529350
v 0.154815 -0.191138 1.417094
v 0.154815 -0.191138 1.529350
v 0.159356 -0.194865 1.417094
v 0.159356 -0.194865 1.529350
v 0.163083 -0.199406 1.417094
v 0.163083 -0.199406 1.529350
v 0.165852 -0.204587 1.417094
v 0.165852 -0.204587 1.529350
v 0.167558 -0.210209 1.417094
v 0.167558 -0.210209 1.529350
v 0.168133 -0.216056 1.417094
v 0.168133 -0.216056 1.529350
v 0.167558 -0.221902 1.417094
v 0.167558 -0.221902 1.529350
v 0.165852 -0.227524 1.417094
v 0.165852 -0.227524 1.529350
v 0.163083 -0.232705 1.417094
v 0.163083 -0.232705 1.529350
v 0.159356 -0.237246 1.417094
v 0.159356 -0.237246 1.529350
v 0.154815 -0.240973 1.417094
v 0.154815 -0.240973 1.529350
v 0.149634 -0.243743 1.417094
v 0.149634 -0.243743 1.529350
v 0.144012 -0.245448 1.417094
v 0.144012 -0.245448 1.529350
v 0.138165 -0.246024 1.417094
v 0.138165 -0.246024 1.529350
v 0.132319 -0.245448 1.417094
v 0.132319 -0.245448 1.529350
v 0.126697 -0.243743 1.417094
v 0.126697 -0.243743 1.529350
v 0.121516 -0.240973 1.417094
v 0.121516 -0.240973 1.529350
v 0.116975 -0.237246 1.417094
v 0.116975 -0.237246 1.529350
v 0.113248 -0.232705 1.417094
v 0.113248 -0.232705 1.529350
v 0.110478 -0.227524 1.417094
v 0.110478 -0.227524 1.529350
v 0.108773 -0.221902 1.417094
v 0.108773 -0.221902 1.529350
v 0.108197 -0.216056 1.417094
v 0.108197 -0.216056 1.529350
v 0.108773 -0.210209 1.417094
v 0.108773 -0.210209 1.529350
v 0.110478 -0.204587 1.417094
v 0.110478 -0.204587 1.529350
v 0.113248 -0.199406 1.417094
v 0.113248 -0.199406 1.529350
v 0.116975 -0.194865 1.417094
v 0.116975 -0.194865 1.529350
v 0.121516 -0.191138 1.417094
v 0.121516 -0.191138 1.529350
v 0.126697 -0.188369 1.417094
v 0.126697 -0.188369 1.529350
v 0.132319 -0.186663 1.417094
v 0.132319 -0.186663 1.529350
v 0.140787 -0.202875 1.540162
v 0.138165 -0.202617 1.540162
v 0.143308 -0.203640 1.540162
v 0.145631 -0.204882 1.540162
v 0.147668 -0.206553 1.540162
v 0.149339 -0.208590 1.540162
v 0.150581 -0.210913 1.540162
v 0.151346 -0.213434 1.540162
v 0.151604 -0.216056 1.540162
v 0.151346 -0.218678 1.540162
v 0.150581 -0.221198 1.540162
v 0.149339 -0.223522 1.540162
v 0.147668 -0.225558 1.540162
v 0.145631 -0.227230 1.540162
v 0.143308 -0.228471 1.540162
v 0.140787 -0.229236 1.540162
v 0.138165 -0.229494 1.540162
v 0.135543 -0.229236 1.540162
v 0.133023 -0.228471 1.540162
v 0.130699 -0.227230 1.540162
v 0.128663 -0.225558 1.540162
v 0.126991 -0.223522 1.540162
v 0.125750 -0.221198 1.540162
v 0.124985 -0.218678 1.540162
v 0.124727 -0.216056 1.540162
v 0.124985 -0.213434 1.540162
v 0.125750 -0.210913 1.540162
v 0.126991 -0.208590 1.540162
v 0.128663 -0.206553 1.540162
v 0.130699 -0.204882 1.540162
v 0.133023 -0.203640 1.540162
v 0.135543 -0.202875 1.540162
v 0.140787 -0.202875 1.903372
v 0.138165 -0.202617 1.903372
v 0.143308 -0.203640 1.903372
v 0.145631 -0.204882 1.903372
v 0.147668 -0.206553 1.903372
v 0.149339 -0.208590 1.903372
v 0.150581 -0.210913 1.903372
v 0.151346 -0.213434 1.903372
v 0.151604 -0.216056 1.903372
v 0.151346 -0.218678 1.903372
v 0.150581 -0.221198 1.903372
v 0.149339 -0.223522 1.903372
v 0.147668 -0.225558 1.903372
v 0.145631 -0.227230 1.903372
v 0.143308 -0.228471 1.903372
v 0.140787 -0.229236 1.903372
v 0.138165 -0.229494 1.903372
v 0.135543 -0.229236 1.903372
v 0.133023 -0.228471 1.903372
v 0.130699 -0.227230 1.903372
v 0.128663 -0.225558 1.903372
v 0.126991 -0.223522 1.903372
v 0.125750 -0.221198 1.903372
v 0.124985 -0.218678 1.903372
v 0.124727 -0.216056 1.903372
v 0.124985 -0.213434 1.903372
v 0.125750 -0.210913 1.903372
v 0.126991 -0.208590 1.903372
v 0.128663 -0.206553 1.903372
v 0.130699 -0.204882 1.903372
v 0.133023 -0.203640 1.903372
v 0.135543 -0.202875 1.903372
v 0.139388 -0.209909 1.912933
v 0.138165 -0.209788 1.912933
v 0.140564 -0.210265 1.912933
v 0.141647 -0.210845 1.912933
v 0.142597 -0.211624 1.912933
v 0.143376 -0.212574 1.912933
v 0.143956 -0.213657 1.912933
v 0.144312 -0.214833 1.912933
v 0.144433 -0.216056 1.912933
v 0.144312 -0.217278 1.912933
v 0.143956 -0.218454 1.912933
v 0.143376 -0.219538 1.912933
v 0.142597 -0.220488 1.912933
v 0.141647 -0.221267 1.912933
v 0.140564 -0.221846 1.912933
v 0.139388 -0.222203 1.912933
v 0.138165 -0.222323 1.912933
v 0.136942 -0.222203 1.912933
v 0.135767 -0.221846 1.912933
v 0.134683 -0.221267 1.912933
v 0.133733 -0.220488 1.912933
v 0.132954 -0.219538 1.912933
v 0.132375 -0.218454 1.912933
v 0.132018 -0.217278 1.912933
v 0.131898 -0.216056 1.912933
v 0.132018 -0.214833 1.912933
v 0.132375 -0.213657 1.912933
v 0.132954 -0.212574 1.912933
v 0.133733 -0.211624 1.912933
v 0.134683 -0.210845 1.912933
v 0.135767 -0.210265 1.912933
v 0.136942 -0.209909 1.912933
v 0.139388 -0.209909 2.251803
v 0.138165 -0.209788 2.251803
v 0.140564 -0.210265 2.251803
v 0.141647 -0.210845 2.251803
v 0.142597 -0.211624 2.251803
v 0.143376 -0.212574 2.251803
v 0.143956 -0.213657 2.251803
v 0.144312 -0.214833 2.251803
v 0.144433 -0.216056 2.251803
v 0.144312 -0.217278 2.251803
v 0.143956 -0.218454 2.251803
v 0.143376 -0.219538 2.251803
v 0.142597 -0.220488 2.251803
v 0.141647 -0.221267 2.251803
v 0.140564 -0.221846 2.251803
v 0.139388 -0.222203 2.251803
v 0.138165 -0.222323 2.251803
v 0.136942 -0.222203 2.251803
v 0.135767 -0.221846 2.251803
v 0.134683 -0.221267 2.251803
v 0.133733 -0.220488 2.251803
v 0.132954 -0.219538 2.251803
v 0.132375 -0.218454 2.251803
v 0.132018 -0.217278 2.251803
v 0.131898 -0.216056 2.251803
v 0.132018 -0.214833 2.251803
v 0.132375 -0.213657 2.251803
v 0.132954 -0.212574 2.251803
v 0.133733 -0.211624 2.251803
v 0.134683 -0.210845 2.251803
v 0.135767 -0.210265 2.251803
v 0.136942 -0.209909 2.251803
v 0.132018 -0.214833 2.224288
v 0.132375 -0.213657 2.224288
v 0.142597 -0.220488 2.224288
v 0.141647 -0.221267 2.224288
v 0.132954 -0.212574 2.224288
v 0.140564 -0.221846 2.224288
v 0.138165 -0.209788 2.224288
v 0.139388 -0.209909 2.224288
v 0.133733 -0.211624 2.224288
v 0.139388 -0.222203 2.224288
v 0.140564 -0.210265 2.224288
v 0.134683 -0.210845 2.224288
v 0.138165 -0.222323 2.224288
v 0.141647 -0.210845 2.224288
v 0.135767 -0.210265 2.224288
v 0.136942 -0.222203 2.224288
v 0.142597 -0.211624 2.224288
v 0.136942 -0.209909 2.224288
v 0.135767 -0.221846 2.224288
v 0.143376 -0.212574 2.224288
v 0.134683 -0.221267 2.224288
v 0.143956 -0.213657 2.224288
v 0.133733 -0.220488 2.224288
v 0.144312 -0.214833 2.224288
v 0.132954 -0.219538 2.224288
v 0.144433 -0.216056 2.224288
v 0.132375 -0.218454 2.224288
v 0.144312 -0.217278 2.224288
v 0.132018 -0.217278 2.224288
v 0.143956 -0.218454 2.224288
v 0.131898 -0.216056 2.224288
v 0.143376 -0.219538 2.224288
v 0.132375 -0.213657 2.203214
v 0.141647 -0.221267 2.203214
v 0.132954 -0.212574 2.203214
v 0.140564 -0.221846 2.203214
v 0.139388 -0.209909 2.203214
v 0.133733 -0.211624 2.203214
v 0.139388 -0.222203 2.203214
v 0.140564 -0.210265 2.203214
v 0.134683 -0.210845 2.203214
v 0.138165 -0.222323 2.203214
v 0.141647 -0.210845 2.203214
v 0.135767 -0.210265 2.203214
v 0.136942 -0.222203 2.203214
v 0.142597 -0.211624 2.203214
v 0.136942 -0.209909 2.203214
v 0.135767 -0.221846 2.203214
v 0.143376 -0.212574 2.203214
v 0.134683 -0.221267 2.203214
v 0.143956 -0.213657 2.203214
v 0.133733 -0.220488 2.203214
v 0.144312 -0.214833 2.203214
v 0.132954 -0.219538 2.203214
v 0.144433 -0.216056 2.203214
v 0.132375 -0.218454 2.203214
v 0.144312 -0.217278 2.203214
v 0.132018 -0.217278 2.203214
v 0.143956 -0.218454 2.203214
v 0.131898 -0.216056 2.203214
v 0.143376 -0.219538 2.203214
v 0.132018 -0.214833 2.203214
v 0.142597 -0.220488 2.203214
v 0.138165 -0.209788 2.203214
v 0.129817 -0.214395 2.210238
v 0.129817 -0.214395 2.217263
v 0.144184 -0.222074 2.210238
v 0.144184 -0.222074 2.217263
v 0.138165 -0.207544 2.210238
v 0.138165 -0.207544 2.217263
v 0.130302 -0.212799 2.217263
v 0.130302 -0.212799 2.210238
v 0.142894 -0.223133 2.217263
v 0.142894 -0.223133 2.210238
v 0.131088 -0.211327 2.217263
v 0.131088 -0.211327 2.210238
v 0.141422 -0.223919 2.217263
v 0.141422 -0.223919 2.210238
v 0.139826 -0.207708 2.217263
v 0.139826 -0.207708 2.210238
v 0.132147 -0.210037 2.217263
v 0.132147 -0.210037 2.210238
v 0.139826 -0.224404 2.217263
v 0.139826 -0.224404 2.210238
v 0.141422 -0.208192 2.217263
v 0.141422 -0.208192 2.210238
v 0.133437 -0.208979 2.217263
v 0.133437 -0.208979 2.210238
v 0.138165 -0.224567 2.217263
v 0.138165 -0.224567 2.210238
v 0.142894 -0.208979 2.217263
v 0.142894 -0.208979 2.210238
v 0.134908 -0.208192 2.217263
v 0.134908 -0.208192 2.210238
v 0.136505 -0.224404 2.217263
v 0.136505 -0.224404 2.210238
v 0.144184 -0.210037 2.217263
v 0.144184 -0.210037 2.210238
v 0.136505 -0.207708 2.217263
v 0.136505 -0.207708 2.210238
v 0.134908 -0.223919 2.217263
v 0.134908 -0.223919 2.210238
v 0.145242 -0.211327 2.217263
v 0.145242 -0.211327 2.210238
v 0.133437 -0.223133 2.217263
v 0.133437 -0.223133 2.210238
v 0.146029 -0.212799 2.217263
v 0.146029 -0.212799 2.210238
v 0.132147 -0.222074 2.217263
v 0.132147 -0.222074 2.210238
v 0.146513 -0.214395 2.217263
v 0.146513 -0.214395 2.210238
v 0.131088 -0.220784 2.217263
v 0.131088 -0.220784 2.210238
v 0.146677 -0.216056 2.217263
v 0.146677 -0.216056 2.210238
v 0.130302 -0.219313 2.217263
v 0.130302 -0.219313 2.210238
v 0.146513 -0.217716 2.217263
v 0.146513 -0.217716 2.210238
v 0.129817 -0.217716 2.217263
v 0.129817 -0.217716 2.210238
v 0.146029 -0.219313 2.217263
v 0.146029 -0.219313 2.210238
v 0.129654 -0.216056 2.217263
v 0.129654 -0.216056 2.210238
v 0.145242 -0.220784 2.217263
v 0.145242 -0.220784 2.210238
vn 0.0980 0.9952 -0.0000
vn 0.2903 0.9569 -0.0000
vn 0.4714 0.8819 -0.0000
vn 0.6344 0.7730 -0.0000
vn 0.7730 0.6344 -0.0000
vn 0.8819 0.4714 -0.0000
vn 0.9569 0.2903 -0.0000
vn 0.9952 0.0980 -0.0000
vn 0.9952 -0.0980 -0.0000
vn 0.9569 -0.2903 -0.0000
vn 0.8819 -0.4714 -0.0000
vn 0.7730 -0.6344 -0.0000
vn 0.6344 -0.7730 -0.0000
vn 0.4714 -0.8819 -0.0000
vn 0.2903 -0.9569 -0.0000
vn 0.0980 -0.9952 -0.0000
vn -0.0980 -0.9952 -0.0000
vn -0.2903 -0.9569 -0.0000
vn -0.4714 -0.8819 -0.0000
vn -0.6344 -0.7730 -0.0000
vn -0.7730 -0.6344 -0.0000
vn -0.8819 -0.4714 -0.0000
vn -0.9569 -0.2903 -0.0000
vn -0.9952 -0.0980 -0.0000
vn -0.9952 0.0980 -0.0000
vn -0.9569 0.2903 -0.0000
vn -0.8819 0.4714 -0.0000
vn -0.7730 0.6344 -0.0000
vn -0.6344 0.7730 -0.0000
vn -0.4714 0.8819 -0.0000
vn 0.0538 -0.5466 0.8357
vn -0.2903 0.9569 -0.0000
vn -0.0980 0.9952 -0.0000
vn -0.0000 -0.0000 -1.0000
vn -0.5466 0.0538 0.8357
vn 0.2589 0.4844 0.8357
vn 0.4246 -0.3484 0.8357
vn -0.4246 -0.3484 0.8357
vn -0.2589 0.4844 0.8357
vn 0.5466 0.0538 0.8357
vn -0.0538 -0.5466 0.8357
vn -0.5256 0.1594 0.8357
vn 0.3484 0.4246 0.8357
vn 0.3484 -0.4246 0.8357
vn -0.4844 -0.2589 0.8357
vn -0.1594 0.5256 0.8357
vn 0.5466 -0.0538 0.8357
vn -0.1594 -0.5256 0.8357
vn -0.4844 0.2589 0.8357
vn 0.4246 0.3484 0.8357
vn 0.2589 -0.4844 0.8357
vn -0.5256 -0.1594 0.8357
vn 0.0538 0.5466 0.8357
vn -0.0538 0.5466 0.8357
vn 0.5256 -0.1594 0.8357
vn -0.2589 -0.4844 0.8357
vn -0.4246 0.3484 0.8357
vn 0.4844 0.2589 0.8357
vn 0.1594 -0.5256 0.8357
vn -0.5466 -0.0538 0.8357
vn 0.1594 0.5256 0.8357
vn 0.4844 -0.2589 0.8357
vn -0.3484 -0.4246 0.8357
vn -0.3484 0.4246 0.8357
vn 0.5256 0.1594 0.8357
vn -0.7067 -0.3778 0.5982
vn 0.7975 -0.0785 0.5982
vn -0.7668 -0.2326 0.5982
vn 0.7669 -0.2326 0.5982
vn -0.7975 -0.0785 0.5982
vn 0.7067 -0.3778 0.5982
vn -0.7975 0.0785 0.5982
vn 0.6195 -0.5084 0.5982
vn -0.7669 0.2326 0.5982
vn 0.5084 -0.6195 0.5982
vn -0.7067 0.3777 0.5982
vn 0.3778 -0.7067 0.5982
vn 0.0785 0.7975 0.5982
vn -0.6195 0.5084 0.5982
vn 0.2326 -0.7669 0.5982
vn 0.2326 0.7669 0.5982
vn -0.5084 0.6195 0.5982
vn 0.0785 -0.7975 0.5982
vn 0.3777 0.7067 0.5982
vn -0.3778 0.7067 0.5982
vn -0.0785 -0.7975 0.5982
vn 0.5084 0.6195 0.5982
vn -0.2326 0.7669 0.5982
vn -0.2326 -0.7669 0.5982
vn 0.6195 0.5084 0.5982
vn -0.0785 0.7975 0.5982
vn -0.3778 -0.7067 0.5982
vn 0.7067 0.3778 0.5982
vn -0.5084 -0.6195 0.5982
vn 0.7669 0.2326 0.5982
vn -0.6195 -0.5084 0.5982
vn 0.7975 0.0785 0.5982
vn -0.0000 -0.0000 1.0000
vn 0.7367 -0.6046 0.3030
vn -0.9484 0.0934 0.3030
vn 0.8405 -0.4492 0.3030
vn -0.9484 -0.0934 0.3030
vn 0.9120 -0.2766 0.3030
vn -0.9120 -0.2767 0.3030
vn 0.9484 -0.0934 0.3030
vn -0.8405 -0.4492 0.3030
vn 0.9484 0.0934 0.3030
vn -0.7367 -0.6046 0.3030
vn 0.9120 0.2766 0.3030
vn -0.6046 -0.7367 0.3030
vn 0.8405 0.4492 0.3030
vn -0.4492 -0.8405 0.3030
vn -0.0934 0.9484 0.3030
vn 0.7367 0.6046 0.3030
vn -0.2766 -0.9120 0.3030
vn -0.2766 0.9120 0.3030
vn 0.6046 0.7367 0.3030
vn -0.0934 -0.9484 0.3030
vn -0.4492 0.8405 0.3030
vn 0.4492 0.8405 0.3030
vn 0.0934 -0.9484 0.3030
vn -0.6046 0.7367 0.3030
vn 0.2766 0.9120 0.3030
vn 0.2766 -0.9120 0.3030
vn -0.7367 0.6046 0.3030
vn 0.0934 0.9484 0.3030
vn 0.4493 -0.8405 0.3030
vn -0.8405 0.4492 0.3030
vn 0.6046 -0.7367 0.3030
vn -0.9120 0.2767 0.3030
vn -0.9120 0.2766 -0.3030
vn 0.6046 -0.7367 -0.3030
vn -0.8405 0.4492 -0.3030
vn 0.4493 -0.8405 -0.3030
vn 0.0934 0.9484 -0.3030
vn -0.7367 0.6046 -0.3030
vn 0.2766 -0.9120 -0.3030
vn 0.2766 0.9120 -0.3030
vn -0.6046 0.7367 -0.3030
vn 0.0934 -0.9484 -0.3030
vn 0.4492 0.8405 -0.3030
vn -0.4493 0.8405 -0.3030
vn -0.0934 -0.9484 -0.3030
vn 0.6046 0.7367 -0.3030
vn -0.2766 0.9120 -0.3030
vn -0.2766 -0.9120 -0.3030
vn 0.7367 0.6046 -0.3030
vn -0.0934 0.9484 -0.3030
vn -0.4493 -0.8405 -0.3030
vn 0.8405 0.4492 -0.3030
vn -0.6046 -0.7367 -0.3030
vn 0.9120 0.2766 -0.3030
vn -0.7367 -0.6046 -0.3030
vn 0.9484 0.0934 -0.3030
vn -0.8405 -0.4492 -0.3030
vn 0.9484 -0.0934 -0.3030
vn -0.9120 -0.2767 -0.3030
vn 0.9120 -0.2766 -0.3030
vn -0.9484 -0.0934 -0.3030
vn 0.8405 -0.4492 -0.3030
vn -0.9484 0.0934 -0.3030
vn 0.7367 -0.6046 -0.3030
vt 0.643198 0.064839
vt 0.643198 0.096230
vt 0.644833 0.096230
vt 0.644833 0.064839
vt 0.646405 0.096230
vt 0.646405 0.064839
vt 0.647854 0.096230
vt 0.647854 0.064839
vt 0.649124 0.096230
vt 0.649124 0.064839
vt 0.650166 0.096230
vt 0.650166 0.064839
vt 0.650941 0.096230
vt 0.650941 0.064839
vt 0.651418 0.096230
vt 0.651418 0.064839
vt 0.651579 0.096230
vt 0.651579 0.064839
vt 0.641564 0.096230
vt 0.641564 0.064839
vt 0.639991 0.096230
vt 0.639991 0.064839
vt 0.638543 0.096230
vt 0.638543 0.064839
vt 0.637273 0.096230
vt 0.637273 0.064839
vt 0.636231 0.096230
vt 0.636231 0.064839
vt 0.635456 0.096230
vt 0.635456 0.064839
vt 0.634979 0.096230
vt 0.634979 0.064839
vt 0.634818 0.096230
vt 0.634818 0.064839
vt 0.643932 0.099253
vt 0.643198 0.099253
vt 0.641111 0.099253
vt 0.641760 0.099253
vt 0.641760 0.200821
vt 0.641111 0.200821
vt 0.639440 0.099253
vt 0.639513 0.099253
vt 0.644637 0.099253
vt 0.645286 0.099253
vt 0.646323 0.099253
vt 0.645856 0.099253
vt 0.640541 0.099253
vt 0.640074 0.099253
vt 0.646884 0.099253
vt 0.646956 0.099253
vt 0.642465 0.099253
vt 0.639727 0.099253
vt 0.646670 0.099253
vt 0.639727 0.200821
vt 0.640074 0.200821
vt 0.641741 0.203494
vt 0.641579 0.203494
vt 0.646323 0.200821
vt 0.646670 0.200821
vt 0.640541 0.200821
vt 0.646884 0.200821
vt 0.646956 0.200821
vt 0.639513 0.200821
vt 0.639440 0.200821
vt 0.645856 0.200821
vt 0.645286 0.200821
vt 0.644637 0.200821
vt 0.643198 0.200821
vt 0.643932 0.200821
vt 0.642465 0.200821
vt 0.641579 0.290561
vt 0.641479 0.290561
vt 0.641479 0.298255
vt 0.641579 0.298255
vt 0.644951 0.203494
vt 0.644917 0.203494
vt 0.641479 0.203494
vt 0.644818 0.203494
vt 0.641446 0.203494
vt 0.644656 0.203494
vt 0.644438 0.203494
vt 0.644172 0.203494
vt 0.643869 0.203494
vt 0.643198 0.203494
vt 0.643540 0.203494
vt 0.641959 0.203494
vt 0.642225 0.203494
vt 0.642528 0.203494
vt 0.642856 0.203494
vt 0.643540 0.298255
vt 0.643198 0.298255
vt 0.642856 0.298255
vt 0.642528 0.298255
vt 0.642225 0.298255
vt 0.641959 0.298255
vt 0.641741 0.298255
vt 0.641446 0.298255
vt 0.643869 0.298255
vt 0.644172 0.298255
vt 0.644438 0.298255
vt 0.644656 0.298255
vt 0.644818 0.298255
vt 0.644917 0.298255
vt 0.644951 0.298255
vt 0.644172 0.290561
vt 0.644438 0.290561
vt 0.641741 0.290561
vt 0.643869 0.290561
vt 0.643540 0.290561
vt 0.643198 0.290561
vt 0.641959 0.290561
vt 0.642225 0.290561
vt 0.642528 0.290561
vt 0.642856 0.290561
vt 0.644656 0.290561
vt 0.644818 0.290561
vt 0.644917 0.290561
vt 0.644951 0.290561
vt 0.641446 0.290561
vt 0.644881 0.288596
vt 0.645177 0.288596
vt 0.640864 0.288596
vt 0.640818 0.288596
vt 0.645397 0.288596
vt 0.645533 0.288596
vt 0.640999 0.288596
vt 0.645579 0.288596
vt 0.641219 0.288596
vt 0.641515 0.288596
vt 0.641876 0.288596
vt 0.642288 0.288596
vt 0.643198 0.288596
vt 0.642734 0.288596
vt 0.642288 0.288596
vt 0.644521 0.288596
vt 0.644109 0.288596
vt 0.643663 0.288596
vt 0.641479 0.284667
vt 0.641579 0.284667
vt 0.644438 0.284667
vt 0.644172 0.284667
vt 0.641741 0.284667
vt 0.643869 0.284667
vt 0.643198 0.284667
vt 0.643540 0.284667
vt 0.641959 0.284667
vt 0.642225 0.284667
vt 0.642528 0.284667
vt 0.642856 0.284667
vt 0.644656 0.284667
vt 0.644818 0.284667
vt 0.644917 0.284667
vt 0.644951 0.284667
vt 0.641446 0.284667
vt 0.640864 0.286632
vt 0.640999 0.286632
vt 0.644881 0.286632
vt 0.644521 0.286632
vt 0.641219 0.286632
vt 0.644109 0.286632
vt 0.643198 0.286632
vt 0.643663 0.286632
vt 0.641515 0.286632
vt 0.643663 0.286632
vt 0.641876 0.286632
vt 0.642288 0.286632
vt 0.642734 0.286632
vt 0.642288 0.286632
vt 0.645177 0.286632
vt 0.645397 0.286632
vt 0.645533 0.286632
vt 0.645579 0.286632
vt 0.640818 0.286632
s 0
usemtl atlas
f 856/650/851 857/651/851 859/652/851 858/653/851
f 858/653/852 859/652/852 861/654/852 860/655/852
f 860/655/853 861/654/853 863/656/853 862/657/853
f 862/657/854 863/656/854 865/658/854 864/659/854
f 864/659/855 865/658/855 867/660/855 866/661/855
f 866/661/856 867/660/856 869/662/856 868/663/856
f 868/663/857 869/662/857 871/664/857 870/665/857
f 870/665/858 871/664/858 873/666/858 872/667/858
f 872/667/859 873/666/859 875/664/859 874/665/859
f 874/665/860 875/664/860 877/662/860 876/663/860
f 876/663/861 877/662/861 879/660/861 878/661/861
f 878/661/862 879/660/862 881/658/862 880/659/862
f 880/659/863 881/658/863 883/656/863 882/657/863
f 882/657/864 883/656/864 885/654/864 884/655/864
f 884/655/865 885/654/865 887/652/865 886/653/865
f 886/653/866 887/652/866 889/651/866 888/650/866
f 888/650/867 889/651/867 891/668/867 890/669/867
f 890/669/868 891/668/868 893/670/868 892/671/868
f 892/671/869 893/670/869 895/672/869 894/673/869
f 894/673/870 895/672/870 897/674/870 896/675/870
f 896/675/871 897/674/871 899/676/871 898/677/871
f 898/677/872 899/676/872 901/678/872 900/679/872
f 900/679/873 901/678/873 903/680/873 902/681/873
f 902/681/874 903/680/874 905/682/874 904/683/874
f 904/683/875 905/682/875 907/680/875 906/681/875
f 906/681/876 907/680/876 909/678/876 908/679/876
f 908/679/877 909/678/877 911/676/877 910/677/877
f 910/677/878 911/676/878 913/674/878 912/675/878
f 912/675/879 913/674/879 915/672/879 914/673/879
f 914/673/880 915/672/880 917/670/880 916/671/880
f 889/651/881 887/652/881 935/684/881 936/685/881
f 916/671/882 917/670/882 919/668/882 918/669/882
f 918/669/883 919/668/883 857/651/883 856/650/883
f 856/650/884 858/653/884 860/655/884 862/657/884 864/659/884 866/661/884 868/663/884 870/665/884 872/667/884 874/665/884 876/663/884 878/661/884 880/659/884 882/657/884 884/655/884 886/653/884 888/650/884 890/669/884 892/671/884 894/673/884 896/675/884 898/677/884 900/679/884 902/681/884 904/683/884 906/681/884 908/679/884 910/677/884 912/675/884 914/673/884 916/671/884 918/669/884
f 939/686/869 938/687/869 970/688/869 971/689/869
f 907/680/885 905/682/885 944/690/885 945/691/885
f 863/656/886 861/654/886 922/692/886 923/693/886
f 881/658/887 879/660/887 931/694/887 932/695/887
f 899/676/888 897/674/888 940/696/888 941/697/888
f 917/670/889 915/672/889 949/686/889 950/687/889
f 873/666/890 871/664/890 927/698/890 928/699/890
f 891/668/891 889/651/891 936/685/891 937/700/891
f 909/678/892 907/680/892 945/691/892 946/701/892
f 865/658/893 863/656/893 923/693/893 924/695/893
f 883/656/894 881/658/894 932/695/894 933/693/894
f 901/678/895 899/676/895 941/697/895 942/701/895
f 919/668/896 917/670/896 950/687/896 951/700/896
f 875/664/897 873/666/897 928/699/897 929/698/897
f 893/670/898 891/668/898 937/700/898 938/687/898
f 911/676/899 909/678/899 946/701/899 947/697/899
f 867/660/900 865/658/900 924/695/900 925/694/900
f 885/654/901 883/656/901 933/693/901 934/692/901
f 903/680/902 901/678/902 942/701/902 943/691/902
f 859/652/903 857/651/903 921/685/903 920/684/903
f 857/651/904 919/668/904 951/700/904 921/685/904
f 877/662/905 875/664/905 929/698/905 930/702/905
f 895/672/906 893/670/906 938/687/906 939/686/906
f 913/674/907 911/676/907 947/697/907 948/696/907
f 869/662/908 867/660/908 925/694/908 926/702/908
f 887/652/909 885/654/909 934/692/909 935/684/909
f 905/682/910 903/680/910 943/691/910 944/690/910
f 861/654/911 859/652/911 920/684/911 922/692/911
f 879/660/912 877/662/912 930/702/912 931/694/912
f 897/674/913 895/672/913 939/686/913 940/696/913
f 915/672/914 913/674/914 948/696/914 949/686/914
f 871/664/915 869/662/915 926/702/915 927/698/915
f 974/703/916 973/704/916 1005/705/916 1006/706/916
f 926/702/856 925/694/856 957/707/856 958/708/856
f 940/696/870 939/686/870 971/689/870 972/709/870
f 927/698/857 926/702/857 958/708/857 959/710/857
f 941/697/871 940/696/871 972/709/871 973/704/871
f 928/699/858 927/698/858 959/710/858 960/711/858
f 942/701/872 941/697/872 973/704/872 974/703/872
f 929/698/859 928/699/859 960/711/859 961/710/859
f 943/691/873 942/701/873 974/703/873 975/712/873
f 930/702/860 929/698/860 961/710/860 962/708/860
f 944/690/874 943/691/874 975/712/874 976/713/874
f 931/694/861 930/702/861 962/708/861 963/707/861
f 945/691/875 944/690/875 976/713/875 977/712/875
f 932/695/862 931/694/862 963/707/862 964/714/862
f 946/701/876 945/691/876 977/712/876 978/703/876
f 933/693/863 932/695/863 964/714/863 965/715/863
f 947/697/877 946/701/877 978/703/877 979/704/877
f 934/692/864 933/693/864 965/715/864 966/716/864
f 920/684/851 921/685/851 953/717/851 952/718/851
f 948/696/878 947/697/878 979/704/878 980/709/878
f 935/684/865 934/692/865 966/716/865 967/718/865
f 922/692/852 920/684/852 952/718/852 954/716/852
f 949/686/879 948/696/879 980/709/879 981/689/879
f 936/685/866 935/684/866 967/718/866 968/717/866
f 923/693/853 922/692/853 954/716/853 955/715/853
f 950/687/880 949/686/880 981/689/880 982/688/880
f 937/700/867 936/685/867 968/717/867 969/719/867
f 924/695/854 923/693/854 955/715/854 956/714/854
f 951/700/882 950/687/882 982/688/882 983/719/882
f 938/687/868 937/700/868 969/719/868 970/688/868
f 925/694/855 924/695/855 956/714/855 957/707/855
f 921/685/883 951/700/883 983/719/883 953/717/883
f 1049/720/876 1048/721/876 1041/722/876 1042/723/876
f 961/710/917 960/711/917 992/724/917 993/725/917
f 975/712/918 974/703/918 1006/706/918 1007/726/918
f 962/708/919 961/710/919 993/725/919 994/727/919
f 976/713/920 975/712/920 1007/726/920 1008/728/920
f 963/707/921 962/708/921 994/727/921 995/729/921
f 977/712/922 976/713/922 1008/728/922 1009/726/922
f 964/714/923 963/707/923 995/729/923 996/730/923
f 978/703/924 977/712/924 1009/726/924 1010/706/924
f 965/715/925 964/714/925 996/730/925 997/731/925
f 979/704/926 978/703/926 1010/706/926 1011/705/926
f 966/716/927 965/715/927 997/731/927 998/732/927
f 952/718/928 953/717/928 985/733/928 984/734/928
f 980/709/929 979/704/929 1011/705/929 1012/735/929
f 967/718/930 966/716/930 998/732/930 999/734/930
f 954/716/931 952/718/931 984/734/931 986/732/931
f 981/689/932 980/709/932 1012/735/932 1013/736/932
f 968/717/933 967/718/933 999/734/933 1000/733/933
f 955/715/934 954/716/934 986/732/934 987/731/934
f 982/688/935 981/689/935 1013/736/935 1014/737/935
f 969/719/936 968/717/936 1000/733/936 1001/738/936
f 956/714/937 955/715/937 987/731/937 988/730/937
f 983/719/938 982/688/938 1014/737/938 1015/738/938
f 970/688/939 969/719/939 1001/738/939 1002/737/939
f 957/707/940 956/714/940 988/730/940 989/729/940
f 953/717/941 983/719/941 1015/738/941 985/733/941
f 971/689/942 970/688/942 1002/737/942 1003/736/942
f 958/708/943 957/707/943 989/729/943 990/727/943
f 972/709/944 971/689/944 1003/736/944 1004/735/944
f 959/710/945 958/708/945 990/727/945 991/725/945
f 973/704/946 972/709/946 1004/735/946 1005/705/946
f 960/711/947 959/710/947 991/725/947 992/724/947
f 1016/739/948 1017/740/948 1047/741/948 1046/742/948 1045/743/948 1044/744/948 1043/745/948 1042/723/948 1041/722/948 1040/746/948 1039/722/948 1038/723/948 1037/745/948 1036/744/948 1035/743/948 1034/742/948 1033/741/948 1032/740/948 1031/739/948 1030/747/948 1029/748/948 1028/749/948 1027/750/948 1026/751/948 1025/752/948 1024/753/948 1023/752/948 1022/751/948 1021/750/948 1020/749/948 1019/748/948 1018/747/948
f 1051/754/863 1050/755/863 1028/749/863 1029/748/863
f 1052/756/877 1049/720/877 1042/723/877 1043/745/877
f 1053/757/864 1051/754/864 1029/748/864 1030/747/864
f 1055/758/851 1054/759/851 1017/740/851 1016/739/851
f 1056/760/878 1052/756/878 1043/745/878 1044/744/878
f 1057/758/865 1053/757/865 1030/747/865 1031/739/865
f 1058/757/852 1055/758/852 1016/739/852 1018/747/852
f 1059/761/879 1056/760/879 1044/744/879 1045/743/879
f 1060/759/866 1057/758/866 1031/739/866 1032/740/866
f 1061/754/853 1058/757/853 1018/747/853 1019/748/853
f 1062/762/880 1059/761/880 1045/743/880 1046/742/880
f 1063/763/867 1060/759/867 1032/740/867 1033/741/867
f 1064/755/854 1061/754/854 1019/748/854 1020/749/854
f 1065/763/882 1062/762/882 1046/742/882 1047/741/882
f 1066/762/868 1063/763/868 1033/741/868 1034/742/868
f 1067/764/855 1064/755/855 1020/749/855 1021/750/855
f 1054/759/883 1065/763/883 1047/741/883 1017/740/883
f 1068/761/869 1066/762/869 1034/742/869 1035/743/869
f 1069/765/856 1067/764/856 1021/750/856 1022/751/856
f 1070/760/870 1068/761/870 1035/743/870 1036/744/870
f 1071/766/857 1069/765/857 1022/751/857 1023/752/857
f 1072/756/871 1070/760/871 1036/744/871 1037/745/871
f 1073/767/858 1071/766/858 1023/752/858 1024/753/858
f 1074/720/872 1072/756/872 1037/745/872 1038/723/872
f 1075/766/859 1073/767/859 1024/753/859 1025/752/859
f 1076/721/873 1074/720/873 1038/723/873 1039/722/873
f 1077/765/860 1075/766/860 1025/752/860 1026/751/860
f 1078/768/874 1076/721/874 1039/722/874 1040/746/874
f 1079/764/861 1077/765/861 1026/751/861 1027/750/861
f 1048/721/875 1078/768/875 1040/746/875 1041/722/875
f 1050/755/862 1079/764/862 1027/750/862 1028/749/862
f 1115/769/949 1174/770/949 1079/764/949 1050/755/949
f 1113/771/950 1172/772/950 1078/768/950 1048/721/950
f 1174/770/951 1170/773/951 1077/765/951 1079/764/951
f 1172/772/952 1168/771/952 1076/721/952 1078/768/952
f 1170/773/953 1166/774/953 1075/766/953 1077/765/953
f 1168/771/954 1164/775/954 1074/720/954 1076/721/954
f 1166/774/955 1162/776/955 1073/767/955 1075/766/955
f 1164/775/956 1160/777/956 1072/756/956 1074/720/956
f 1162/776/957 1158/774/957 1071/766/957 1073/767/957
f 1160/777/958 1156/778/958 1070/760/958 1072/756/958
f 1158/774/959 1154/773/959 1069/765/959 1071/766/959
f 1156/778/960 1152/779/960 1068/761/960 1070/760/960
f 1154/773/961 1150/770/961 1067/764/961 1069/765/961
f 1152/779/962 1148/780/962 1066/762/962 1068/761/962
f 1117/781/963 1146/782/963 1065/763/963 1054/759/963
f 1150/770/964 1144/769/964 1064/755/964 1067/764/964
f 1148/780/965 1142/782/965 1063/763/965 1066/762/965
f 1146/782/966 1140/783/966 1062/762/966 1065/763/966
f 1144/769/967 1138/784/967 1061/754/967 1064/755/967
f 1142/782/968 1136/781/968 1060/759/968 1063/763/968
f 1140/783/969 1134/779/969 1059/761/969 1062/762/969
f 1138/784/970 1132/785/970 1058/757/970 1061/754/970
f 1136/781/971 1130/786/971 1057/758/971 1060/759/971
f 1134/779/972 1128/778/972 1056/760/972 1059/761/972
f 1132/785/973 1126/786/973 1055/758/973 1058/757/973
f 1130/786/974 1124/785/974 1053/757/974 1057/758/974
f 1128/778/975 1122/777/975 1052/756/975 1056/760/975
f 1126/786/976 1117/781/976 1054/759/976 1055/758/976
f 1124/785/977 1120/784/977 1051/754/977 1053/757/977
f 1122/777/978 1118/775/978 1049/720/978 1052/756/978
f 1120/784/979 1115/769/979 1050/755/979 1051/754/979
f 1118/775/980 1113/771/980 1048/721/980 1049/720/980
f 1010/706/876 1009/726/876 1109/787/876 1080/788/876
f 997/731/863 996/730/863 1110/789/863 1081/790/863
f 1011/705/877 1010/706/877 1080/788/877 1082/791/877
f 998/732/864 997/731/864 1081/790/864 1083/792/864
f 984/734/851 985/733/851 1111/793/851 1084/794/851
f 1012/735/878 1011/705/878 1082/791/878 1085/795/878
f 999/734/865 998/732/865 1083/792/865 1086/794/865
f 986/732/852 984/734/852 1084/794/852 1087/792/852
f 1013/736/879 1012/735/879 1085/795/879 1088/796/879
f 1000/733/866 999/734/866 1086/794/866 1089/793/866
f 987/731/853 986/732/853 1087/792/853 1090/790/853
f 1014/737/880 1013/736/880 1088/796/880 1091/797/880
f 1001/738/867 1000/733/867 1089/793/867 1092/798/867
f 988/730/854 987/731/854 1090/790/854 1093/789/854
f 1015/738/882 1014/737/882 1091/797/882 1094/798/882
f 1002/737/868 1001/738/868 1092/798/868 1095/797/868
f 989/729/855 988/730/855 1093/789/855 1096/799/855
f 985/733/883 1015/738/883 1094/798/883 1111/793/883
f 1003/736/869 1002/737/869 1095/797/869 1097/796/869
f 990/727/856 989/729/856 1096/799/856 1098/800/856
f 1004/735/870 1003/736/870 1097/796/870 1099/795/870
f 991/725/857 990/727/857 1098/800/857 1100/801/857
f 1005/705/871 1004/735/871 1099/795/871 1101/791/871
f 992/724/858 991/725/858 1100/801/858 1102/802/858
f 1006/706/872 1005/705/872 1101/791/872 1103/788/872
f 993/725/859 992/724/859 1102/802/859 1104/801/859
f 1007/726/873 1006/706/873 1103/788/873 1105/787/873
f 994/727/860 993/725/860 1104/801/860 1106/800/860
f 1008/728/874 1007/726/874 1105/787/874 1107/803/874
f 995/729/861 994/727/861 1106/800/861 1108/799/861
f 1009/726/875 1008/728/875 1107/803/875 1109/787/875
f 996/730/862 995/729/862 1108/799/862 1110/789/862
f 1080/788/981 1109/787/981 1112/804/981 1119/805/981
f 1119/805/876 1112/804/876 1113/771/876 1118/775/876
f 1081/790/982 1110/789/982 1114/806/982 1121/807/982
f 1121/807/863 1114/806/863 1115/769/863 1120/784/863
f 1082/791/983 1080/788/983 1119/805/983 1123/808/983
f 1123/808/877 1119/805/877 1118/775/877 1122/777/877
f 1083/792/984 1081/790/984 1121/807/984 1125/809/984
f 1125/809/864 1121/807/864 1120/784/864 1124/785/864
f 1084/794/985 1111/793/985 1116/810/985 1127/811/985
f 1127/811/851 1116/810/851 1117/781/851 1126/786/851
f 1085/795/986 1082/791/986 1123/808/986 1129/812/986
f 1129/812/878 1123/808/878 1122/777/878 1128/778/878
f 1086/794/987 1083/792/987 1125/809/987 1131/813/987
f 1131/813/865 1125/809/865 1124/785/865 1130/786/865
f 1087/792/988 1084/794/988 1127/811/988 1133/809/988
f 1133/809/852 1127/811/852 1126/786/852 1132/785/852
f 1088/796/989 1085/795/989 1129/812/989 1135/814/989
f 1135/814/879 1129/812/879 1128/778/879 1134/779/879
f 1089/793/990 1086/794/990 1131/813/990 1137/810/990
f 1137/810/866 1131/813/866 1130/786/866 1136/781/866
f 1090/790/991 1087/792/991 1133/809/991 1139/807/991
f 1139/807/853 1133/809/853 1132/785/853 1138/784/853
f 1091/797/992 1088/796/992 1135/814/992 1141/815/992
f 1141/815/880 1135/814/880 1134/779/880 1140/783/880
f 1092/798/993 1089/793/993 1137/810/993 1143/816/993
f 1143/816/867 1137/810/867 1136/781/867 1142/782/867
f 1093/789/994 1090/790/994 1139/807/994 1145/806/994
f 1145/806/854 1139/807/854 1138/784/854 1144/769/854
f 1094/798/995 1091/797/995 1141/815/995 1147/816/995
f 1147/816/882 1141/815/882 1140/783/882 1146/782/882
f 1095/797/996 1092/798/996 1143/816/996 1149/817/996
f 1149/817/868 1143/816/868 1142/782/868 1148/780/868
f 1096/799/997 1093/789/997 1145/806/997 1151/818/997
f 1151/818/855 1145/806/855 1144/769/855 1150/770/855
f 1111/793/998 1094/798/998 1147/816/998 1116/810/998
f 1116/810/883 1147/816/883 1146/782/883 1117/781/883
f 1097/796/999 1095/797/999 1149/817/999 1153/814/999
f 1153/814/869 1149/817/869 1148/780/869 1152/779/869
f 1098/800/1000 1096/799/1000 1151/818/1000 1155/819/1000
f 1155/819/856 1151/818/856 1150/770/856 1154/773/856
f 1099/795/1001 1097/796/1001 1153/814/1001 1157/812/1001
f 1157/812/870 1153/814/870 1152/779/870 1156/778/870
f 1100/801/1002 1098/800/1002 1155/819/1002 1159/820/1002
f 1159/820/857 1155/819/857 1154/773/857 1158/774/857
f 1101/791/1003 1099/795/1003 1157/812/1003 1161/808/1003
f 1161/808/871 1157/812/871 1156/778/871 1160/777/871
f 1102/802/1004 1100/801/1004 1159/820/1004 1163/821/1004
f 1163/821/858 1159/820/858 1158/774/858 1162/776/858
f 1103/788/1005 1101/791/1005 1161/808/1005 1165/805/1005
f 1165/805/872 1161/808/872 1160/777/872 1164/775/872
f 1104/801/1006 1102/802/1006 1163/821/1006 1167/820/1006
f 1167/820/859 1163/821/859 1162/776/859 1166/774/859
f 1105/787/1007 1103/788/1007 1165/805/1007 1169/804/1007
f 1169/804/873 1165/805/873 1164/775/873 1168/771/873
f 1106/800/1008 1104/801/1008 1167/820/1008 1171/819/1008
f 1171/819/860 1167/820/860 1166/774/860 1170/773/860
f 1107/803/1009 1105/787/1009 1169/804/1009 1173/822/1009
f 1173/822/874 1169/804/874 1168/771/874 1172/772/874
f 1108/799/1010 1106/800/1010 1171/819/1010 1175/818/1010
f 1175/818/861 1171/819/861 1170/773/861 1174/770/861
f 1109/787/1011 1107/803/1011 1173/822/1011 1112/804/1011
f 1112/804/875 1173/822/875 1172/772/875 1113/771/875
f 1110/789/1012 1108/799/1012 1175/818/1012 1114/806/1012
f 1114/806/862 1175/818/862 1174/770/862 1115/769/862
o Cube.012
v -0.070879 -0.290885 1.094374
v -0.070879 -0.290885 1.410096
v -0.070879 -0.151875 1.094374
v -0.070879 -0.151875 1.410096
v 0.070879 -0.290885 1.094374
v 0.070879 -0.290885 1.410096
v 0.070879 -0.151875 1.094374
v 0.070879 -0.151875 1.410096
vn -1.0000 -0.0000 -0.0000
vn -0.0000 1.0000 -0.0000
vn 1.0000 -0.0000 -0.0000
vn -0.0000 -1.0000 -0.0000
vn -0.0000 -0.0000 -1.0000
vn -0.0000 -0.0000 1.0000
vt 0.356776 0.175608
vt 0.356776 0.334693
vt 0.426820 0.334693
vt 0.426820 0.175608
s 0
usemtl atlas
f 1176/823/1013 1177/824/1013 1179/825/1013 1178/826/1013
f 1178/826/1014 1179/825/1014 1183/825/1014 1182/826/1014
f 1182/826/1015 1183/825/1015 1181/824/1015 1180/823/1015
f 1180/823/1016 1181/824/1016 1177/824/1016 1176/823/1016
f 1178/826/1017 1182/826/1017 1180/823/1017 1176/823/1017
f 1183/825/1018 1179/825/1018 1177/824/1018 1181/824/1018
o Cylinder.110
v -0.128572 0.223456 1.029509
v -0.226743 0.223456 1.029509
v -0.128572 0.220336 0.997832
v -0.226743 0.220336 0.997832
v -0.128572 0.211096 0.967373
v -0.226743 0.211096 0.967373
v -0.128572 0.196092 0.939302
v -0.226743 0.196092 0.939302
v -0.128572 0.175899 0.914697
v -0.226743 0.175899 0.914697
v -0.128572 0.151294 0.894505
v -0.226743 0.151294 0.894505
v -0.128572 0.123223 0.879500
v -0.226743 0.123223 0.879500
v -0.128572 0.092764 0.870261
v -0.226743 0.092764 0.870261
v -0.128572 0.061087 0.867141
v -0.226743 0.061087 0.867141
v -0.128572 0.030094 0.870159
v -0.226743 0.030094 0.870159
v -0.128572 0.061777 1.191843
v -0.226743 0.061777 1.191843
v -0.128572 0.092764 1.188757
v -0.226743 0.092764 1.188757
v -0.128572 0.123223 1.179518
v -0.226743 0.123223 1.179518
v -0.128572 0.151294 1.164513
v -0.226743 0.151294 1.164513
v -0.128572 0.175899 1.144320
v -0.226743 0.175899 1.144320
v -0.128572 0.196092 1.119716
v -0.226743 0.196092 1.119716
v -0.128572 0.211096 1.091644
v -0.226743 0.211096 1.091644
v -0.128572 0.220336 1.061185
v -0.226743 0.220336 1.061185
v -0.128572 0.243106 1.029509
v -0.128572 0.239608 0.993999
v -0.226743 0.239608 0.993999
v -0.226743 0.243106 1.029509
v -0.128572 0.229250 0.959853
v -0.226743 0.229250 0.959853
v -0.128572 0.212430 0.928385
v -0.226743 0.212430 0.928385
v -0.128572 0.189794 0.900802
v -0.226743 0.189794 0.900802
v -0.128572 0.162211 0.878166
v -0.226743 0.162211 0.878166
v -0.128572 0.130743 0.861346
v -0.226743 0.130743 0.861346
v -0.128572 0.096598 0.850988
v -0.226743 0.096598 0.850988
v -0.128572 0.061098 0.847491
v -0.226743 0.061098 0.847491
v -0.128572 0.028189 0.850602
v -0.226743 0.028189 0.850602
v -0.226743 0.063724 1.211396
v -0.128572 0.063724 1.211396
v -0.128572 0.096608 1.208028
v -0.226743 0.096608 1.208028
v -0.128572 0.130743 1.197672
v -0.226743 0.130743 1.197672
v -0.128572 0.162211 1.180851
v -0.226743 0.162211 1.180851
v -0.128572 0.189794 1.158215
v -0.226743 0.189794 1.158215
v -0.128572 0.212430 1.130633
v -0.226743 0.212430 1.130633
v -0.128572 0.229250 1.099164
v -0.226743 0.229250 1.099164
v -0.128572 0.239608 1.065019
v -0.226743 0.239608 1.065019
vn -0.0000 -1.0000 -0.0000
vn -0.0000 -0.9808 0.1951
vn -0.0000 -0.9239 0.3827
vn -0.0000 -0.8315 0.5556
vn -0.0000 -0.7071 0.7071
vn -0.0000 -0.5556 0.8315
vn -0.0000 -0.3827 0.9239
vn -0.0000 -0.1951 0.9808
vn -0.0000 -0.0005 1.0000
vn -0.0000 -0.6352 0.7723
vn -0.0000 -0.7737 -0.6336
vn -0.0000 -0.1956 -0.9807
vn -0.0000 -0.3827 -0.9239
vn -0.0000 -0.5556 -0.8315
vn -0.0000 -0.7071 -0.7071
vn -0.0000 -0.8315 -0.5556
vn -0.0000 -0.9239 -0.3827
vn -0.0000 -0.9808 -0.1951
vn -0.0000 1.0000 -0.0000
vn -0.0000 0.9808 -0.1951
vn -0.0000 0.9239 -0.3827
vn -0.0000 0.8315 -0.5556
vn -0.0000 0.7071 -0.7071
vn -0.0000 0.5556 -0.8315
vn -0.0000 0.3827 -0.9239
vn -0.0000 0.1951 -0.9808
vn -0.0000 0.0020 -1.0000
vn -0.0000 -0.7714 -0.6363
vn -0.0000 -0.6325 0.7746
vn -0.0000 0.1970 0.9804
vn -0.0000 0.3827 0.9239
vn -0.0000 0.5556 0.8315
vn -0.0000 0.7071 0.7071
vn -0.0000 0.8315 0.5556
vn -0.0000 0.9239 0.3827
vn -0.0000 0.9808 0.1951
vn -1.0000 -0.0000 -0.0000
vn 1.0000 -0.0000 -0.0000
vt 0.664684 0.733825
vt 0.624525 0.733825
vt 0.624525 0.720867
vt 0.664684 0.720867
vt 0.624525 0.708408
vt 0.664684 0.708408
vt 0.624525 0.696925
vt 0.664684 0.696925
vt 0.624525 0.686860
vt 0.664684 0.686860
vt 0.624525 0.678600
vt 0.664684 0.678600
vt 0.624525 0.672462
vt 0.664684 0.672462
vt 0.624525 0.668683
vt 0.664684 0.668683
vt 0.624525 0.667406
vt 0.664684 0.667406
vt 0.624525 0.668641
vt 0.664684 0.668641
vt 0.664684 0.800230
vt 0.624525 0.800230
vt 0.624525 0.798968
vt 0.664684 0.798968
vt 0.624525 0.795188
vt 0.664684 0.795188
vt 0.624525 0.789050
vt 0.664684 0.789050
vt 0.624525 0.780790
vt 0.664684 0.780790
vt 0.624525 0.770725
vt 0.664684 0.770725
vt 0.624525 0.759242
vt 0.664684 0.759242
vt 0.624525 0.746783
vt 0.664684 0.746783
vt 0.664684 0.719299
vt 0.624525 0.719299
vt 0.664684 0.705332
vt 0.624525 0.705332
vt 0.664684 0.692459
vt 0.624525 0.692459
vt 0.664684 0.681176
vt 0.624525 0.681176
vt 0.664684 0.671916
vt 0.624525 0.671916
vt 0.664684 0.665036
vt 0.624525 0.665036
vt 0.664684 0.660799
vt 0.624525 0.660799
vt 0.664684 0.659368
vt 0.624525 0.659368
vt 0.664684 0.660641
vt 0.624525 0.660641
vt 0.664684 0.808228
vt 0.664684 0.806850
vt 0.624525 0.806850
vt 0.624525 0.808228
vt 0.664684 0.802614
vt 0.624525 0.802614
vt 0.664684 0.795734
vt 0.624525 0.795734
vt 0.664684 0.786474
vt 0.624525 0.786474
vt 0.664684 0.775191
vt 0.624525 0.775191
vt 0.664684 0.762318
vt 0.624525 0.762318
vt 0.664684 0.748351
vt 0.624525 0.748351
s 1
usemtl atlas
f 1184/827/1019 1185/828/1019 1187/829/1020 1186/830/1020
f 1186/830/1020 1187/829/1020 1189/831/1021 1188/832/1021
f 1188/832/1021 1189/831/1021 1191/833/1022 1190/834/1022
f 1190/834/1022 1191/833/1022 1193/835/1023 1192/836/1023
f 1192/836/1023 1193/835/1023 1195/837/1024 1194/838/1024
f 1194/838/1024 1195/837/1024 1197/839/1025 1196/840/1025
f 1196/840/1025 1197/839/1025 1199/841/1026 1198/842/1026
f 1198/842/1026 1199/841/1026 1201/843/1027 1200/844/1027
f 1200/844/1027 1201/843/1027 1203/845/1028 1202/846/1028
f 1204/847/1029 1205/848/1029 1207/849/1030 1206/850/1030
f 1206/850/1030 1207/849/1030 1209/851/1031 1208/852/1031
f 1208/852/1031 1209/851/1031 1211/853/1032 1210/854/1032
f 1210/854/1032 1211/853/1032 1213/855/1033 1212/856/1033
f 1212/856/1033 1213/855/1033 1215/857/1034 1214/858/1034
f 1214/858/1034 1215/857/1034 1217/859/1035 1216/860/1035
f 1216/860/1035 1217/859/1035 1219/861/1036 1218/862/1036
f 1218/862/1036 1219/861/1036 1185/828/1019 1184/827/1019
f 1220/827/1037 1221/863/1038 1222/864/1038 1223/828/1037
f 1221/863/1038 1224/865/1039 1225/866/1039 1222/864/1038
f 1224/865/1039 1226/867/1040 1227/868/1040 1225/866/1039
f 1226/867/1040 1228/869/1041 1229/870/1041 1227/868/1040
f 1228/869/1041 1230/871/1042 1231/872/1042 1229/870/1041
f 1230/871/1042 1232/873/1043 1233/874/1043 1231/872/1042
f 1232/873/1043 1234/875/1044 1235/876/1044 1233/874/1043
f 1234/875/1044 1236/877/1045 1237/878/1045 1235/876/1044
f 1236/877/1045 1238/879/1046 1239/880/1046 1237/878/1045
f 1241/881/1047 1242/882/1048 1243/883/1048 1240/884/1047
f 1242/882/1048 1244/885/1049 1245/886/1049 1243/883/1048
f 1244/885/1049 1246/887/1050 1247/888/1050 1245/886/1049
f 1246/887/1050 1248/889/1051 1249/890/1051 1247/888/1050
f 1248/889/1051 1250/891/1052 1251/892/1052 1249/890/1051
f 1250/891/1052 1252/893/1053 1253/894/1053 1251/892/1052
f 1252/893/1053 1254/895/1054 1255/896/1054 1253/894/1053
f 1254/895/1054 1220/827/1037 1223/828/1037 1255/896/1054
f 1219/861/1055 1255/896/1055 1223/828/1055 1185/828/1055
f 1191/833/1055 1227/868/1055 1229/870/1055 1193/835/1055
f 1212/856/1056 1248/889/1056 1246/887/1056 1210/854/1056
f 1202/846/1056 1238/879/1056 1236/877/1056 1200/844/1056
f 1211/853/1055 1247/888/1055 1249/890/1055 1213/855/1055
f 1201/843/1055 1237/878/1055 1239/880/1055 1203/845/1055
f 1194/838/1056 1230/871/1056 1228/869/1056 1192/836/1056
f 1186/830/1056 1221/863/1056 1220/827/1056 1184/827/1056
f 1203/845/1028 1239/880/1046 1238/879/1046 1202/846/1028
f 1193/835/1055 1229/870/1055 1231/872/1055 1195/837/1055
f 1214/858/1056 1250/891/1056 1248/889/1056 1212/856/1056
f 1185/828/1055 1223/828/1055 1222/864/1055 1187/829/1055
f 1204/847/1029 1241/881/1047 1240/884/1047 1205/848/1029
f 1213/855/1055 1249/890/1055 1251/892/1055 1215/857/1055
f 1206/850/1056 1242/882/1056 1241/881/1056 1204/847/1056
f 1196/840/1056 1232/873/1056 1230/871/1056 1194/838/1056
f 1205/848/1055 1240/884/1055 1243/883/1055 1207/849/1055
f 1195/837/1055 1231/872/1055 1233/874/1055 1197/839/1055
f 1216/860/1056 1252/893/1056 1250/891/1056 1214/858/1056
f 1188/832/1056 1224/865/1056 1221/863/1056 1186/830/1056
f 1215/857/1055 1251/892/1055 1253/894/1055 1217/859/1055
f 1187/829/1055 1222/864/1055 1225/866/1055 1189/831/1055
f 1208/852/1056 1244/885/1056 1242/882/1056 1206/850/1056
f 1198/842/1056 1234/875/1056 1232/873/1056 1196/840/1056
f 1207/849/1055 1243/883/1055 1245/886/1055 1209/851/1055
f 1197/839/1055 1233/874/1055 1235/876/1055 1199/841/1055
f 1218/862/1056 1254/895/1056 1252/893/1056 1216/860/1056
f 1190/834/1056 1226/867/1056 1224/865/1056 1188/832/1056
f 1217/859/1055 1253/894/1055 1255/896/1055 1219/861/1055
f 1189/831/1055 1225/866/1055 1227/868/1055 1191/833/1055
f 1210/854/1056 1246/887/1056 1244/885/1056 1208/852/1056
f 1200/844/1056 1236/877/1056 1234/875/1056 1198/842/1056
f 1209/851/1055 1245/886/1055 1247/888/1055 1211/853/1055
f 1199/841/1055 1235/876/1055 1237/878/1055 1201/843/1055
f 1184/827/1056 1220/827/1056 1254/895/1056 1218/862/1056
f 1192/836/1056 1228/869/1056 1226/867/1056 1190/834/1056
o Cube.023
v -0.133204 -0.179102 0.868699
v -0.133204 -0.164872 1.402658
v -0.147074 -0.164872 1.403808
v -0.133204 0.054058 1.431769
v -0.173395 0.140957 1.217454
v -0.147074 -0.092037 1.332806
v -0.173395 -0.229341 1.181916
v -0.173395 -0.229341 1.056389
v -0.133204 -0.114607 0.868699
v -0.133204 -0.092037 1.331656
v -0.173395 -0.109103 1.056389
v -0.173395 -0.045705 1.181916
v -0.187265 -0.229341 1.057539
v -0.147074 -0.179102 0.869849
v -0.147074 0.040160 1.432920
v -0.187265 0.127059 1.218604
v -0.187265 -0.229341 1.183066
v -0.187265 -0.109103 1.057539
v -0.187265 -0.045705 1.183066
v -0.147074 -0.114607 0.869849
v -0.133204 0.033916 1.431769
v -0.133204 0.002989 1.331656
v -0.173395 0.080448 1.220984
v -0.173395 0.034137 1.217697
v -0.147074 0.033916 1.432920
v -0.147074 0.002989 1.332806
v -0.187265 0.080448 1.222134
v -0.187265 0.034137 1.218847
v -0.133204 -0.121339 1.399748
v -0.173395 -0.140316 1.056389
v -0.173395 -0.120757 1.181916
v -0.133204 -0.147806 0.868699
v -0.147074 -0.121339 1.400898
v -0.187265 -0.140316 1.057539
v -0.187265 -0.120757 1.183066
v -0.147074 -0.147806 0.869849
vn 0.9939 -0.0386 -0.1031
vn 0.9810 -0.0345 -0.1907
vn 0.9837 -0.0034 -0.1798
vn 0.9967 -0.0016 -0.0814
vn 0.9778 -0.0000 0.2094
vn 0.9944 -0.0000 0.1053
vn 0.9954 -0.0000 0.0959
vn -0.9778 -0.0000 -0.2094
vn -0.9954 -0.0000 -0.0959
vn -0.9944 -0.0000 -0.1053
vn -0.9939 0.0386 0.1031
vn -0.9967 0.0016 0.0814
vn -0.9837 0.0034 0.1798
vn -0.9810 0.0345 0.1907
vn 0.9620 0.1498 -0.2281
vn 0.9615 0.1631 -0.2210
vn 0.9657 -0.0865 -0.2449
vn 0.9827 -0.0289 -0.1831
vn -0.9620 -0.1498 0.2281
vn -0.9827 0.0289 0.1831
vn -0.9657 0.0865 0.2449
vn -0.9615 -0.1631 0.2210
vn 0.0689 -0.5526 0.8306
vn 0.0665 -0.5942 0.8015
vn 0.0115 -0.9902 0.1391
vn 0.0116 -0.9901 0.1400
vn -0.0662 0.0025 -0.9978
vn -0.7950 0.3526 -0.4936
vn -0.7125 0.6752 -0.1910
vn -0.0122 -0.9890 -0.1471
vn -0.0096 -0.9932 -0.1161
vn -0.0624 -0.6557 -0.7524
vn -0.0693 -0.5449 -0.8356
vn -0.0826 -0.0000 -0.9966
vn -0.0543 0.7534 -0.6553
vn -0.0647 0.6215 -0.7807
vn -0.0184 0.9748 -0.2225
vn -0.0226 0.9617 -0.2731
vn -0.0605 0.6806 -0.7301
vn -0.0592 0.6982 -0.7135
vn -0.6081 0.2207 0.7625
vn -0.4894 0.5448 0.6809
vn 0.0674 -0.5779 0.8133
vn 0.0656 -0.6077 0.7914
vn 0.0683 0.5622 0.8241
vn 0.0698 0.5357 0.8415
vn 0.0668 0.5894 0.8051
vn 0.0683 0.5635 0.8233
vn -0.0802 0.2407 -0.9673
vn -0.0801 0.2450 -0.9662
vn -0.9776 -0.0976 0.1864
vn -0.9804 -0.0601 0.1878
vn 0.9821 -0.0082 -0.1883
vn 0.9804 0.0632 -0.1868
vn 0.9774 0.1007 -0.1856
vn -0.9959 -0.0000 -0.0907
vn 0.9959 -0.0000 0.0907
vt 0.659744 0.791153
vt 0.659323 0.948580
vt 0.627862 0.950683
vt 0.581270 0.791153
vt 0.663762 0.564791
vt 0.645608 0.700435
vt 0.581270 0.700435
vt 0.617577 0.564791
vt 0.663762 0.565622
vt 0.617577 0.565622
vt 0.581270 0.701266
vt 0.645608 0.701266
vt 0.659744 0.791984
vt 0.581270 0.791984
vt 0.627862 0.951514
vt 0.659323 0.949411
vt 0.771686 0.806128
vt 0.749175 0.899370
vt 0.680500 0.899370
vt 0.738217 0.791153
vt 0.771686 0.806959
vt 0.738217 0.791984
vt 0.680500 0.900201
vt 0.749175 0.900201
vt 0.805155 0.821103
vt 0.805155 0.821934
vt 0.838623 0.836910
vt 0.838623 0.836079
vt 0.709947 0.565622
vt 0.709947 0.564791
vt 0.709947 0.700435
vt 0.709947 0.701266
vt 0.802316 0.972553
vt 0.802316 0.971722
vt 0.771526 0.972553
vt 0.771526 0.971722
s 1
usemtl atlas
f 1286/897/1057 1284/898/1058 1257/899/1059 1262/900/1060
f 1287/901/1061 1285/902/1062 1263/903/1063 1256/904/1061
f 1285/902/1062 1286/897/1057 1262/900/1060 1263/903/1063
f 1291/905/1064 1269/906/1064 1268/907/1065 1289/908/1066
f 1290/909/1067 1272/910/1068 1258/911/1069 1288/912/1070
f 1279/913/1071 1277/914/1072 1265/915/1073 1267/916/1074
f 1289/908/1066 1268/907/1065 1272/910/1068 1290/909/1067
f 1283/917/1075 1274/918/1076 1261/919/1077 1281/920/1078
f 1257/899/1079 1258/911/1080 1272/910/1081 1262/900/1082
f 1278/921/1083 1282/922/1083 1271/923/1084 1260/924/1085
f 1263/903/1086 1268/907/1087 1269/906/1088 1256/904/1089
f 1287/901/1090 1291/905/1090 1275/925/1091 1264/926/1092
f 1262/900/1082 1272/910/1081 1268/907/1087 1263/903/1086
f 1266/927/1093 1273/928/1094 1274/918/1095 1267/916/1096
f 1260/924/1085 1271/923/1084 1270/929/1097 1259/930/1098
f 1277/914/1099 1281/920/1100 1261/919/1101 1265/915/1102
f 1264/926/1092 1275/925/1091 1273/928/1094 1266/927/1093
f 1284/898/1103 1288/912/1104 1258/911/1080 1257/899/1079
f 1259/930/1098 1270/929/1097 1280/931/1099 1276/932/1100
f 1276/932/1100 1280/931/1099 1281/920/1100 1277/914/1099
f 1267/916/1096 1274/918/1095 1283/917/1105 1279/913/1106
f 1279/913/1106 1283/917/1105 1282/922/1083 1278/921/1083
f 1271/923/1084 1282/922/1107 1280/931/1108 1270/929/1097
f 1282/922/1107 1283/917/1075 1281/920/1078 1280/931/1108
f 1260/924/1109 1259/930/1109 1276/932/1110 1278/921/1111
f 1278/921/1111 1276/932/1110 1277/914/1072 1279/913/1071
f 1265/915/1102 1261/919/1101 1288/912/1104 1284/898/1103
f 1256/904/1089 1269/906/1088 1291/905/1090 1287/901/1090
f 1273/928/1112 1289/908/1066 1290/909/1067 1274/918/1076
f 1274/918/1076 1290/909/1067 1288/912/1070 1261/919/1077
f 1275/925/1064 1291/905/1064 1289/908/1066 1273/928/1112
f 1266/927/1113 1267/916/1074 1286/897/1057 1285/902/1062
f 1264/926/1061 1266/927/1113 1285/902/1062 1287/901/1061
f 1267/916/1074 1265/915/1073 1284/898/1058 1286/897/1057
