# Blender 4.5.3 LTS
# www.blender.org
mtllib head.mtl
o Sphere.006
v 0.000000 0.133195 1.722460
v 0.000000 0.199341 1.689387
v 0.000000 0.235139 1.646176
v 0.000000 0.239745 1.622790
v 0.009125 0.045873 1.740359
v 0.017899 0.089984 1.733537
v 0.025985 0.130636 1.722460
v 0.033073 0.166268 1.707552
v 0.038889 0.195511 1.689387
v 0.043212 0.217240 1.668663
v 0.045873 0.230620 1.646176
v 0.046772 0.235139 1.622790
v 0.017899 0.043212 1.740359
v 0.035110 0.084763 1.733537
v 0.050972 0.123056 1.722460
v 0.064875 0.156621 1.707552
v 0.076284 0.184167 1.689387
v 0.084763 0.204635 1.668663
v 0.089984 0.217240 1.646176
v 0.091747 0.221496 1.622790
v 0.025985 0.038889 1.740359
v 0.050972 0.076284 1.733537
v 0.073999 0.110748 1.722460
v 0.094183 0.140955 1.707552
v 0.110748 0.165746 1.689387
v 0.123056 0.184167 1.668663
v 0.130636 0.195511 1.646176
v 0.133195 0.199341 1.622790
v 0.033073 0.033073 1.740359
v 0.064875 0.064875 1.733537
v 0.094183 0.094183 1.722460
v 0.119873 0.119873 1.707552
v 0.140955 0.140955 1.689387
v 0.156621 0.156621 1.668663
v 0.166268 0.166268 1.646176
v 0.169526 0.169525 1.622790
v 0.038889 0.025985 1.740359
v 0.076284 0.050972 1.733537
v 0.110748 0.073999 1.722460
v 0.140955 0.094183 1.707552
v 0.165746 0.110748 1.689387
v 0.184167 0.123056 1.668663
v 0.195511 0.130636 1.646176
v 0.199341 0.133195 1.622790
v 0.000000 0.000000 1.742662
v 0.043212 0.017899 1.740359
v 0.084763 0.035110 1.733537
v 0.123056 0.050972 1.722460
v 0.156621 0.064875 1.707552
v 0.184167 0.076284 1.689387
v 0.204635 0.084763 1.668663
v 0.217240 0.089984 1.646176
v 0.221496 0.091746 1.622790
v 0.045873 0.009125 1.740359
v 0.089984 0.017899 1.733537
v 0.130636 0.025985 1.722460
v 0.166268 0.033073 1.707552
v 0.195511 0.038889 1.689387
v 0.217240 0.043212 1.668663
v 0.230620 0.045873 1.646176
v 0.235139 0.046772 1.622790
v 0.046772 -0.000000 1.740359
v 0.091747 -0.000000 1.733537
v 0.133195 -0.000000 1.722460
v 0.169525 0.000000 1.707552
v 0.199341 -0.000000 1.689387
v 0.221496 0.000000 1.668663
v 0.235139 -0.000000 1.646176
v 0.239745 -0.000000 1.622790
v 0.045873 -0.009125 1.740359
v 0.089984 -0.017899 1.733537
v 0.130636 -0.025985 1.722460
v 0.166268 -0.033073 1.707552
v 0.195511 -0.038889 1.689387
v 0.217240 -0.043212 1.668663
v 0.230620 -0.045873 1.646176
v 0.235139 -0.046772 1.622790
v 0.043212 -0.017899 1.740359
v 0.084763 -0.035110 1.733537
v 0.123056 -0.050972 1.722460
v 0.156621 -0.064875 1.707552
v 0.184167 -0.076284 1.689387
v 0.204635 -0.084763 1.668663
v 0.217240 -0.089984 1.646176
v 0.221496 -0.091747 1.622790
v 0.038889 -0.025985 1.740359
v 0.076284 -0.050972 1.733537
v 0.110748 -0.073999 1.722460
v 0.140955 -0.094183 1.707552
v 0.165746 -0.110748 1.689387
v 0.184167 -0.123056 1.668663
v 0.195511 -0.130636 1.646176
v 0.199341 -0.133195 1.622790
v 0.033073 -0.033073 1.740359
v 0.064875 -0.064875 1.733537
v 0.094183 -0.094183 1.722460
v 0.119873 -0.119873 1.707552
v 0.140955 -0.140955 1.689387
v 0.156621 -0.156621 1.668663
v 0.166268 -0.166268 1.646176
v 0.169525 -0.169525 1.622790
v 0.025985 -0.038889 1.740359
v 0.050972 -0.076284 1.733537
v 0.073999 -0.110748 1.722460
v 0.094183 -0.140955 1.707552
v 0.110748 -0.165746 1.689387
v 0.123056 -0.184167 1.668663
v 0.130636 -0.195511 1.646176
v 0.133195 -0.199341 1.622790
v 0.017899 -0.043212 1.740359
v 0.035110 -0.084763 1.733537
v 0.050972 -0.123056 1.722460
v 0.064875 -0.156621 1.707552
v 0.076284 -0.184167 1.689387
v 0.084763 -0.204635 1.668663
v 0.089984 -0.217240 1.646176
v 0.091746 -0.221496 1.622790
v 0.009125 -0.045873 1.740359
v 0.017899 -0.089984 1.733537
v 0.025985 -0.130636 1.722460
v 0.033073 -0.166268 1.707552
v 0.038889 -0.195511 1.689387
v 0.043212 -0.217240 1.668663
v 0.045873 -0.230620 1.646176
v 0.046772 -0.235139 1.622790
v -0.000000 -0.046772 1.740359
v -0.000000 -0.091747 1.733537
v -0.000000 -0.133195 1.722460
v -0.000000 -0.169525 1.707552
v -0.000000 -0.199341 1.689387
v 0.000000 -0.221496 1.668663
v -0.000000 -0.235139 1.646176
v -0.000000 -0.239745 1.622790
v -0.009125 -0.045873 1.740359
v -0.017899 -0.089984 1.733537
v -0.025985 -0.130636 1.722460
v -0.033073 -0.166268 1.707552
v -0.038889 -0.195511 1.689387
v -0.043212 -0.217240 1.668663
v -0.045873 -0.230620 1.646176
v -0.046772 -0.235138 1.622790
v -0.017899 -0.043212 1.740359
v -0.035110 -0.084763 1.733537
v -0.050972 -0.123056 1.722460
v -0.064875 -0.156621 1.707552
v -0.076284 -0.184167 1.689387
v -0.084763 -0.204635 1.668663
v -0.089984 -0.217240 1.646176
v -0.091747 -0.221496 1.622790
v -0.025985 -0.038889 1.740359
v -0.050972 -0.076284 1.733537
v -0.073999 -0.110748 1.722460
v -0.094183 -0.140955 1.707552
v -0.110748 -0.165746 1.689387
v -0.123056 -0.184167 1.668663
v -0.130636 -0.195511 1.646176
v -0.133195 -0.199341 1.622790
v -0.033073 -0.033073 1.740359
v -0.064875 -0.064875 1.733537
v -0.094183 -0.094183 1.722460
v -0.119873 -0.119873 1.707552
v -0.140955 -0.140955 1.689387
v -0.156621 -0.156621 1.668663
v -0.166268 -0.166268 1.646176
v -0.169525 -0.169525 1.622790
v -0.038889 -0.025985 1.740359
v -0.076284 -0.050972 1.733537
v -0.110748 -0.073999 1.722460
v -0.140955 -0.094183 1.707552
v -0.165746 -0.110748 1.689387
v -0.184167 -0.123056 1.668663
v -0.195511 -0.130636 1.646176
v -0.199341 -0.133195 1.622790
v -0.043212 -0.017899 1.740359
v -0.084763 -0.035110 1.733537
v -0.123056 -0.050972 1.722460
v -0.156621 -0.064875 1.707552
v -0.184167 -0.076284 1.689387
v -0.204635 -0.084763 1.668663
v -0.217240 -0.089984 1.646176
v -0.221496 -0.091746 1.622790
v -0.045873 -0.009125 1.740359
v -0.089984 -0.017899 1.733537
v -0.130636 -0.025985 1.722460
v -0.166268 -0.033073 1.707552
v -0.195511 -0.038889 1.689387
v -0.217240 -0.043212 1.668663
v -0.230620 -0.045873 1.646176
v -0.235138 -0.046772 1.622790
v -0.046772 0.000000 1.740359
v -0.091747 0.000000 1.733537
v -0.133195 0.000000 1.722460
v -0.169525 0.000000 1.707552
v -0.199341 0.000000 1.689387
v -0.221496 0.000000 1.668663
v -0.235139 0.000000 1.646176
v -0.239745 0.000000 1.622790
v -0.045873 0.009125 1.740359
v -0.089984 0.017899 1.733537
v -0.130636 0.025985 1.722460
v -0.166268 0.033073 1.707552
v -0.195511 0.038890 1.689387
v -0.217240 0.043212 1.668663
v -0.230620 0.045873 1.646176
v -0.235138 0.046772 1.622790
v -0.043212 0.017899 1.740359
v -0.084763 0.035110 1.733537
v -0.123056 0.050972 1.722460
v -0.156621 0.064875 1.707552
v -0.184167 0.076284 1.689387
v -0.204635 0.084763 1.668663
v -0.217240 0.089984 1.646176
v -0.221495 0.091747 1.622790
v -0.038889 0.025985 1.740359
v -0.076284 0.050972 1.733537
v -0.110748 0.073999 1.722460
v -0.140955 0.094183 1.707552
v -0.165746 0.110748 1.689387
v -0.184167 0.123056 1.668663
v -0.195510 0.130636 1.646176
v -0.199341 0.133195 1.622790
v -0.033073 0.033073 1.740359
v -0.064875 0.064875 1.733537
v -0.094183 0.094183 1.722460
v -0.119873 0.119873 1.707552
v -0.140955 0.140955 1.689387
v -0.156621 0.156621 1.668663
v -0.166268 0.166268 1.646176
v -0.169525 0.169525 1.622790
v -0.025985 0.038889 1.740359
v -0.050972 0.076284 1.733537
v -0.073999 0.110748 1.722460
v -0.094183 0.140955 1.707552
v -0.110748 0.165746 1.689387
v -0.123056 0.184167 1.668663
v -0.130636 0.195511 1.646176
v -0.133195 0.199341 1.622790
v -0.017899 0.043212 1.740359
v -0.035110 0.084763 1.733537
v -0.050972 0.123056 1.722460
v -0.064875 0.156621 1.707552
v -0.076284 0.184167 1.689387
v -0.084763 0.204635 1.668663
v -0.089984 0.217240 1.646176
v -0.091746 0.221496 1.622790
v -0.009125 0.045873 1.740359
v -0.017899 0.089984 1.733537
v -0.025985 0.130636 1.722460
v -0.033073 0.166268 1.707552
v -0.038889 0.195510 1.689387
v -0.043212 0.217240 1.668663
v -0.045873 0.230620 1.646176
v -0.046772 0.235138 1.622790
v 0.000000 0.046772 1.740359
v 0.000000 0.091746 1.733537
v 0.000000 0.169525 1.707552
v 0.000000 0.221496 1.668663
v 0.044009 0.221249 1.622790
v -0.000000 0.225583 1.622790
v 0.086327 0.208412 1.622790
v 0.125327 0.187566 1.622790
v 0.159512 0.159511 1.622790
v 0.187566 0.125327 1.622790
v 0.208412 0.086327 1.622790
v 0.221249 0.044009 1.622790
v 0.225583 -0.000000 1.622790
v 0.221249 -0.044009 1.622790
v 0.208412 -0.086327 1.622790
v 0.187566 -0.125327 1.622790
v 0.159511 -0.159511 1.622790
v 0.125327 -0.187566 1.622790
v 0.086327 -0.208412 1.622790
v 0.044009 -0.221249 1.622790
v -0.000000 -0.225583 1.622790
v -0.044009 -0.221249 1.622790
v -0.086327 -0.208412 1.622790
v -0.125327 -0.187566 1.622790
v -0.159511 -0.159511 1.622790
v -0.187566 -0.125327 1.622790
v -0.208412 -0.086327 1.622790
v -0.221249 -0.044009 1.622790
v -0.225583 0.000000 1.622790
v -0.221249 0.044009 1.622790
v -0.208412 0.086327 1.622790
v -0.187565 0.125327 1.622790
v -0.159511 0.159511 1.622790
v -0.125327 0.187566 1.622790
v -0.086327 0.208412 1.622790
v -0.044009 0.221249 1.622790
v 0.044009 0.221249 1.652097
v -0.000000 0.225583 1.652097
v 0.086327 0.208412 1.652097
v 0.125327 0.187566 1.652097
v 0.159512 0.159511 1.652097
v 0.187566 0.125327 1.652097
v 0.208412 0.086327 1.652097
v 0.221249 0.044009 1.652097
v 0.225583 -0.000000 1.652097
v 0.221249 -0.044009 1.652097
v 0.208412 -0.086327 1.652097
v 0.187566 -0.125327 1.652097
v 0.159511 -0.159511 1.652097
v 0.125327 -0.187566 1.652097
v 0.086327 -0.208412 1.652097
v 0.044009 -0.221249 1.652097
v -0.000000 -0.225583 1.652097
v -0.044009 -0.221249 1.652097
v -0.086327 -0.208412 1.652097
v -0.125327 -0.187566 1.652097
v -0.159511 -0.159511 1.652097
v -0.187566 -0.125327 1.652097
v -0.208412 -0.086327 1.652097
v -0.221249 -0.044009 1.652097
v -0.225583 0.000000 1.652097
v -0.221249 0.044009 1.652097
v -0.208412 0.086327 1.652097
v -0.187565 0.125327 1.652097
v -0.159511 0.159511 1.652097
v -0.125327 0.187566 1.652097
v -0.086327 0.208412 1.652097
v -0.044009 0.221249 1.652097
vn -0.0000 0.4553 0.8904
vn -0.0000 0.3231 0.9463
vn 0.0630 0.3169 0.9463
vn 0.0888 0.4465 0.8904
vn -0.0000 0.6089 0.7932
vn 0.1188 0.5972 0.7932
vn -0.0000 0.7796 0.6262
vn 0.1521 0.7646 0.6262
vn -0.0000 0.9338 0.3579
vn 0.1822 0.9158 0.3579
vn -0.0000 0.9811 0.1933
vn 0.1914 0.9623 0.1933
vn -0.0000 0.1028 0.9947
vn -0.0000 -0.0000 1.0000
vn 0.0201 0.1009 0.9947
vn -0.0000 0.2077 0.9782
vn 0.0405 0.2037 0.9782
vn 0.0795 0.1919 0.9782
vn 0.1237 0.2986 0.9463
vn 0.1742 0.4206 0.8904
vn 0.2330 0.5626 0.7932
vn 0.2984 0.7203 0.6262
vn 0.3573 0.8627 0.3579
vn 0.3755 0.9065 0.1933
vn 0.0394 0.0950 0.9947
vn 0.4331 0.6482 0.6262
vn 0.5188 0.7764 0.3579
vn 0.5451 0.8158 0.1933
vn 0.0571 0.0855 0.9947
vn 0.1154 0.1727 0.9782
vn 0.1795 0.2687 0.9463
vn 0.2529 0.3785 0.8904
vn 0.3383 0.5063 0.7932
vn 0.1469 0.1469 0.9782
vn 0.2285 0.2285 0.9463
vn 0.3219 0.3219 0.8904
vn 0.4306 0.4306 0.7932
vn 0.5513 0.5513 0.6262
vn 0.6603 0.6603 0.3579
vn 0.6938 0.6938 0.1933
vn 0.0727 0.0727 0.9947
vn 0.6482 0.4331 0.6262
vn 0.7764 0.5188 0.3579
vn 0.8158 0.5451 0.1933
vn 0.0855 0.0571 0.9947
vn 0.1727 0.1154 0.9782
vn 0.2687 0.1795 0.9463
vn 0.3785 0.2529 0.8904
vn 0.5063 0.3383 0.7932
vn 0.2986 0.1237 0.9463
vn 0.4206 0.1742 0.8904
vn 0.5626 0.2330 0.7932
vn 0.7203 0.2984 0.6262
vn 0.8627 0.3573 0.3579
vn 0.9065 0.3755 0.1933
vn 0.0950 0.0394 0.9947
vn 0.1919 0.0795 0.9782
vn 0.9158 0.1822 0.3579
vn 0.9623 0.1914 0.1933
vn 0.1009 0.0201 0.9947
vn 0.2037 0.0405 0.9782
vn 0.3169 0.0630 0.9463
vn 0.4465 0.0888 0.8904
vn 0.5972 0.1188 0.7932
vn 0.7646 0.1521 0.6262
vn 0.3231 -0.0000 0.9463
vn 0.4553 -0.0000 0.8904
vn 0.6089 -0.0000 0.7932
vn 0.7796 -0.0000 0.6262
vn 0.9338 -0.0000 0.3579
vn 0.9811 -0.0000 0.1933
vn 0.1028 -0.0000 0.9947
vn 0.2077 -0.0000 0.9782
vn 0.9158 -0.1822 0.3579
vn 0.9623 -0.1914 0.1933
vn 0.1009 -0.0201 0.9947
vn 0.2037 -0.0405 0.9782
vn 0.3169 -0.0630 0.9463
vn 0.4465 -0.0888 0.8904
vn 0.5972 -0.1188 0.7932
vn 0.7646 -0.1521 0.6262
vn 0.4206 -0.1742 0.8904
vn 0.5626 -0.2330 0.7932
vn 0.7203 -0.2984 0.6262
vn 0.8627 -0.3573 0.3579
vn 0.9065 -0.3755 0.1933
vn 0.0950 -0.0394 0.9947
vn 0.1919 -0.0795 0.9782
vn 0.2986 -0.1237 0.9463
vn 0.0855 -0.0571 0.9947
vn 0.1727 -0.1154 0.9782
vn 0.2687 -0.1795 0.9463
vn 0.3785 -0.2529 0.8904
vn 0.5063 -0.3383 0.7932
vn 0.6482 -0.4331 0.6262
vn 0.7764 -0.5188 0.3579
vn 0.8158 -0.5451 0.1933
vn 0.4306 -0.4306 0.7932
vn 0.5513 -0.5513 0.6262
vn 0.6603 -0.6603 0.3579
vn 0.6938 -0.6938 0.1933
vn 0.0727 -0.0727 0.9947
vn 0.1469 -0.1469 0.9782
vn 0.2285 -0.2285 0.9463
vn 0.3219 -0.3219 0.8904
vn 0.0571 -0.0855 0.9947
vn 0.1154 -0.1727 0.9782
vn 0.1795 -0.2687 0.9463
vn 0.2529 -0.3785 0.8904
vn 0.3383 -0.5063 0.7932
vn 0.4331 -0.6482 0.6262
vn 0.5188 -0.7764 0.3579
vn 0.5451 -0.8158 0.1933
vn 0.2330 -0.5626 0.7932
vn 0.2984 -0.7203 0.6262
vn 0.3573 -0.8627 0.3579
vn 0.3755 -0.9065 0.1933
vn 0.0394 -0.0950 0.9947
vn 0.0795 -0.1919 0.9782
vn 0.1237 -0.2986 0.9463
vn 0.1742 -0.4206 0.8904
vn 0.0405 -0.2037 0.9782
vn 0.0630 -0.3169 0.9463
vn 0.0888 -0.4465 0.8904
vn 0.1188 -0.5972 0.7932
vn 0.1521 -0.7646 0.6262
vn 0.1822 -0.9158 0.3579
vn 0.1914 -0.9623 0.1933
vn 0.0201 -0.1009 0.9947
vn -0.0000 -0.7796 0.6262
vn -0.0000 -0.9338 0.3579
vn -0.0000 -0.9811 0.1933
vn -0.0000 -0.1028 0.9947
vn -0.0000 -0.2077 0.9782
vn -0.0000 -0.3231 0.9463
vn -0.0000 -0.4553 0.8904
vn -0.0000 -0.6089 0.7932
vn -0.0405 -0.2037 0.9782
vn -0.0630 -0.3169 0.9463
vn -0.0888 -0.4465 0.8904
vn -0.1188 -0.5972 0.7932
vn -0.1521 -0.7646 0.6262
vn -0.1822 -0.9158 0.3579
vn -0.1914 -0.9623 0.1933
vn -0.0201 -0.1009 0.9947
vn -0.2984 -0.7203 0.6262
vn -0.3573 -0.8627 0.3579
vn -0.3755 -0.9065 0.1933
vn -0.0394 -0.0950 0.9947
vn -0.0795 -0.1919 0.9782
vn -0.1237 -0.2986 0.9463
vn -0.1742 -0.4206 0.8904
vn -0.2330 -0.5626 0.7932
vn -0.1795 -0.2687 0.9463
vn -0.2529 -0.3785 0.8904
vn -0.3383 -0.5063 0.7932
vn -0.4331 -0.6482 0.6262
vn -0.5188 -0.7764 0.3579
vn -0.5451 -0.8158 0.1933
vn -0.0571 -0.0855 0.9947
vn -0.1154 -0.1727 0.9782
vn -0.6603 -0.6603 0.3579
vn -0.6938 -0.6938 0.1933
vn -0.0727 -0.0727 0.9947
vn -0.1469 -0.1469 0.9782
vn -0.2285 -0.2285 0.9463
vn -0.3219 -0.3219 0.8904
vn -0.4306 -0.4306 0.7932
vn -0.5513 -0.5513 0.6262
vn -0.3785 -0.2529 0.8904
vn -0.5063 -0.3383 0.7932
vn -0.6482 -0.4331 0.6262
vn -0.7764 -0.5188 0.3579
vn -0.8158 -0.5451 0.1933
vn -0.0855 -0.0571 0.9947
vn -0.1727 -0.1154 0.9782
vn -0.2687 -0.1795 0.9463
vn -0.0950 -0.0394 0.9947
vn -0.1919 -0.0795 0.9782
vn -0.2986 -0.1237 0.9463
vn -0.4206 -0.1742 0.8904
vn -0.5626 -0.2330 0.7932
vn -0.7203 -0.2984 0.6262
vn -0.8627 -0.3573 0.3579
vn -0.9065 -0.3755 0.1933
vn -0.4465 -0.0888 0.8904
vn -0.5972 -0.1188 0.7932
vn -0.7646 -0.1521 0.6262
vn -0.9158 -0.1822 0.3579
vn -0.9623 -0.1914 0.1933
vn -0.1009 -0.0201 0.9947
vn -0.2037 -0.0405 0.9782
vn -0.3169 -0.0630 0.9463
vn -0.1028 -0.0000 0.9947
vn -0.2077 -0.0000 0.9782
vn -0.3231 -0.0000 0.9463
vn -0.4553 -0.0000 0.8904
vn -0.6089 -0.0000 0.7932
vn -0.7796 -0.0000 0.6262
vn -0.9338 -0.0000 0.3579
vn -0.9811 -0.0000 0.1933
vn -0.5972 0.1188 0.7932
vn -0.7646 0.1521 0.6262
vn -0.9158 0.1822 0.3579
vn -0.9623 0.1914 0.1933
vn -0.1009 0.0201 0.9947
vn -0.2037 0.0405 0.9782
vn -0.3169 0.0630 0.9463
vn -0.4465 0.0888 0.8904
vn -0.0950 0.0394 0.9947
vn -0.1919 0.0795 0.9782
vn -0.2986 0.1237 0.9463
vn -0.4206 0.1742 0.8904
vn -0.5626 0.2330 0.7932
vn -0.7203 0.2984 0.6262
vn -0.8627 0.3573 0.3579
vn -0.9065 0.3755 0.1933
vn -0.5063 0.3383 0.7932
vn -0.6482 0.4331 0.6262
vn -0.7764 0.5188 0.3579
vn -0.8158 0.5451 0.1933
vn -0.0855 0.0571 0.9947
vn -0.1727 0.1154 0.9782
vn -0.2687 0.1795 0.9463
vn -0.3785 0.2529 0.8904
vn -0.1469 0.1469 0.9782
vn -0.2285 0.2285 0.9463
vn -0.3219 0.3219 0.8904
vn -0.4306 0.4306 0.7932
vn -0.5513 0.5513 0.6262
vn -0.6603 0.6603 0.3579
vn -0.6938 0.6938 0.1933
vn -0.0727 0.0727 0.9947
vn -0.4331 0.6482 0.6262
vn -0.5188 0.7764 0.3579
vn -0.5451 0.8158 0.1933
vn -0.0571 0.0855 0.9947
vn -0.1154 0.1727 0.9782
vn -0.1795 0.2687 0.9463
vn -0.2529 0.3785 0.8904
vn -0.3383 0.5063 0.7932
vn -0.1237 0.2986 0.9463
vn -0.1742 0.4206 0.8904
vn -0.2330 0.5626 0.7932
vn -0.2984 0.7203 0.6262
vn -0.3573 0.8627 0.3579
vn -0.3755 0.9065 0.1933
vn -0.0394 0.0950 0.9947
vn -0.0795 0.1919 0.9782
vn -0.1822 0.9158 0.3579
vn -0.1914 0.9623 0.1933
vn -0.0201 0.1009 0.9947
vn -0.0405 0.2037 0.9782
vn -0.0630 0.3169 0.9463
vn -0.0888 0.4465 0.8904
vn -0.1188 0.5972 0.7932
vn -0.1521 0.7646 0.6262
vn -0.0000 -0.0000 -1.0000
vn -0.6836 -0.0000 -0.7298
vn -0.6705 -0.1334 -0.7298
vn 0.6705 0.1334 -0.7298
vn 0.6836 -0.0000 -0.7298
vn 0.7279 -0.0000 -0.6857
vn 0.7139 0.1420 -0.6857
vn 0.4834 0.4834 -0.7298
vn 0.3798 0.5684 -0.7298
vn -0.3798 -0.5684 -0.7298
vn -0.2616 -0.6316 -0.7298
vn 0.5684 -0.3798 -0.7298
vn 0.6316 -0.2616 -0.7298
vn 0.1334 0.6705 -0.7298
vn -0.0000 0.6836 -0.7298
vn -0.6316 0.2616 -0.7298
vn -0.6705 0.1334 -0.7298
vn -0.1334 -0.6705 -0.7298
vn -0.0000 -0.6836 -0.7298
vn 0.3798 -0.5684 -0.7298
vn 0.4834 -0.4834 -0.7298
vn 0.6705 -0.1334 -0.7298
vn 0.2616 0.6316 -0.7298
vn -0.4834 0.4834 -0.7298
vn -0.5684 0.3798 -0.7298
vn -0.5684 -0.3798 -0.7298
vn -0.4834 -0.4834 -0.7298
vn 0.1334 -0.6705 -0.7298
vn 0.2616 -0.6316 -0.7298
vn 0.6316 0.2616 -0.7298
vn 0.5684 0.3798 -0.7298
vn -0.6316 -0.2616 -0.7298
vn -0.2616 0.6316 -0.7298
vn -0.3798 0.5684 -0.7298
vn -0.1334 0.6705 -0.7298
vn -0.1420 -0.7139 -0.6857
vn -0.2785 -0.6725 -0.6857
vn -0.4044 -0.6052 -0.6857
vn -0.5147 -0.5147 -0.6857
vn -0.6052 -0.4044 -0.6857
vn -0.6725 -0.2785 -0.6857
vn -0.7139 -0.1420 -0.6857
vn -0.7279 -0.0000 -0.6857
vn -0.7139 0.1420 -0.6857
vn -0.6725 0.2785 -0.6857
vn -0.6052 0.4044 -0.6857
vn -0.5147 0.5147 -0.6857
vn -0.4044 0.6052 -0.6857
vn -0.2785 0.6725 -0.6857
vn -0.1420 0.7139 -0.6857
vn -0.0000 0.7279 -0.6857
vn 0.1420 0.7139 -0.6857
vn 0.2785 0.6725 -0.6857
vn 0.4044 0.6052 -0.6857
vn 0.5147 0.5147 -0.6857
vn 0.6052 0.4044 -0.6857
vn 0.6725 0.2785 -0.6857
vn 0.7139 -0.1420 -0.6857
vn 0.6725 -0.2785 -0.6857
vn 0.6052 -0.4044 -0.6857
vn 0.5147 -0.5147 -0.6857
vn 0.4044 -0.6052 -0.6857
vn 0.2785 -0.6725 -0.6857
vn 0.1420 -0.7139 -0.6857
vn -0.0000 -0.7279 -0.6857
vt 0.736177 0.877643
vt 0.739119 0.848218
vt 0.758946 0.848252
vt 0.761803 0.877600
vt 0.733556 0.903832
vt 0.764348 0.903857
vt 0.731289 0.926845
vt 0.766594 0.926631
vt 0.729329 0.946753
vt 0.768632 0.946830
vt 0.727531 0.964851
vt 0.770331 0.965135
vt 0.745698 0.782349
vt 0.749172 0.747523
vt 0.752558 0.782363
vt 0.742316 0.816214
vt 0.755843 0.816244
vt 0.769114 0.813604
vt 0.778400 0.844372
vt 0.786941 0.872613
vt 0.794553 0.897844
vt 0.801183 0.919875
vt 0.807063 0.939093
vt 0.812465 0.956951
vt 0.759287 0.781028
vt 0.833831 0.906497
vt 0.843336 0.924245
vt 0.852096 0.940443
vt 0.765630 0.778413
vt 0.781617 0.808424
vt 0.796732 0.836786
vt 0.810589 0.862811
vt 0.823042 0.886152
vt 0.792872 0.800914
vt 0.813245 0.825804
vt 0.831921 0.848660
vt 0.848645 0.869061
vt 0.863207 0.886926
vt 0.876004 0.902463
vt 0.887763 0.916630
vt 0.771339 0.774604
vt 0.888189 0.861988
vt 0.903752 0.874713
vt 0.918003 0.886306
vt 0.776196 0.769758
vt 0.802466 0.791374
vt 0.827279 0.811795
vt 0.850063 0.830580
vt 0.870438 0.847312
vt 0.838333 0.795332
vt 0.864335 0.809310
vt 0.887588 0.821750
vt 0.907887 0.832687
vt 0.925673 0.842157
vt 0.941981 0.850782
vt 0.780015 0.764057
vt 0.809987 0.780129
vt 0.940657 0.805886
vt 0.958262 0.811122
vt 0.782649 0.757723
vt 0.815200 0.767644
vt 0.845933 0.777017
vt 0.874169 0.785655
vt 0.899394 0.793317
vt 0.921408 0.800086
vt 0.849837 0.757574
vt 0.879212 0.760539
vt 0.905450 0.763132
vt 0.928373 0.765473
vt 0.948406 0.767417
vt 0.966738 0.769156
vt 0.783996 0.750996
vt 0.817849 0.754376
vt 0.948464 0.728169
vt 0.966770 0.726284
vt 0.784003 0.744136
vt 0.817862 0.740848
vt 0.849870 0.737743
vt 0.879259 0.734921
vt 0.905499 0.732346
vt 0.928439 0.730172
vt 0.874305 0.709786
vt 0.899538 0.702141
vt 0.921612 0.695533
vt 0.940859 0.689660
vt 0.958445 0.684238
vt 0.782673 0.737405
vt 0.815232 0.727579
vt 0.846037 0.718286
vt 0.780056 0.731064
vt 0.810091 0.715067
vt 0.838460 0.699959
vt 0.864537 0.686100
vt 0.887795 0.673680
vt 0.908156 0.662891
vt 0.925887 0.653376
vt 0.942077 0.644627
vt 0.870726 0.648055
vt 0.888590 0.633502
vt 0.904123 0.620710
vt 0.918296 0.608970
vt 0.776251 0.725356
vt 0.802579 0.703818
vt 0.827478 0.683443
vt 0.850341 0.664775
vt 0.771411 0.720495
vt 0.793032 0.694232
vt 0.813468 0.669409
vt 0.832252 0.646630
vt 0.848985 0.626254
vt 0.863666 0.608495
vt 0.876405 0.592918
vt 0.888015 0.578639
vt 0.823408 0.609114
vt 0.834342 0.588831
vt 0.843798 0.571068
vt 0.852399 0.554798
vt 0.765712 0.716678
vt 0.781801 0.686687
vt 0.796988 0.658375
vt 0.810970 0.632364
vt 0.769304 0.681502
vt 0.778679 0.650749
vt 0.787319 0.622519
vt 0.794980 0.597291
vt 0.801747 0.575265
vt 0.807555 0.555998
vt 0.812816 0.538363
vt 0.759376 0.714049
vt 0.767130 0.568318
vt 0.769067 0.548289
vt 0.770787 0.529966
vt 0.752650 0.712699
vt 0.756036 0.678861
vt 0.759234 0.646843
vt 0.762199 0.617476
vt 0.764790 0.591241
vt 0.742508 0.678833
vt 0.739402 0.646827
vt 0.736577 0.617438
vt 0.734000 0.591199
vt 0.731823 0.568260
vt 0.729815 0.548238
vt 0.727927 0.529932
vt 0.745790 0.712686
vt 0.697183 0.575091
vt 0.691308 0.555845
vt 0.685884 0.538259
vt 0.739060 0.714018
vt 0.729231 0.681440
vt 0.719946 0.650677
vt 0.711440 0.622399
vt 0.703794 0.597165
vt 0.701603 0.658226
vt 0.687754 0.632161
vt 0.675332 0.608908
vt 0.664542 0.588549
vt 0.655024 0.570819
vt 0.646274 0.554629
vt 0.732719 0.716638
vt 0.716732 0.686616
vt 0.622360 0.592584
vt 0.610619 0.578413
vt 0.727007 0.720439
vt 0.705468 0.694110
vt 0.685104 0.669230
vt 0.666428 0.646365
vt 0.649708 0.625979
vt 0.635153 0.608116
vt 0.648283 0.664455
vt 0.627907 0.647722
vt 0.610147 0.633042
vt 0.594570 0.620303
vt 0.580290 0.608695
vt 0.722146 0.725281
vt 0.695881 0.703659
vt 0.671067 0.683241
vt 0.718329 0.730982
vt 0.688365 0.714907
vt 0.660009 0.699709
vt 0.634012 0.685732
vt 0.610765 0.673299
vt 0.590483 0.662366
vt 0.572721 0.652911
vt 0.556451 0.644311
vt 0.624169 0.709390
vt 0.598942 0.701731
vt 0.576918 0.694964
vt 0.557655 0.689155
vt 0.540022 0.683892
vt 0.715695 0.737318
vt 0.683160 0.727396
vt 0.652400 0.718024
vt 0.714348 0.744045
vt 0.680494 0.740661
vt 0.648507 0.737471
vt 0.619130 0.734513
vt 0.592891 0.731924
vt 0.569970 0.729585
vt 0.549945 0.727644
vt 0.531631 0.725914
vt 0.592842 0.762714
vt 0.569892 0.764897
vt 0.549853 0.766907
vt 0.531524 0.768799
vt 0.714340 0.750905
vt 0.680464 0.754193
vt 0.648488 0.757304
vt 0.619089 0.760134
vt 0.715672 0.757635
vt 0.683100 0.767464
vt 0.652322 0.776764
vt 0.624049 0.785269
vt 0.598817 0.792920
vt 0.576745 0.799534
vt 0.557506 0.805417
vt 0.539935 0.810855
vt 0.610568 0.821383
vt 0.590213 0.832177
vt 0.572489 0.841699
vt 0.556303 0.850454
vt 0.718293 0.763976
vt 0.688274 0.779963
vt 0.659880 0.795102
vt 0.633817 0.808957
vt 0.695769 0.791224
vt 0.670886 0.811602
vt 0.648025 0.830283
vt 0.627644 0.847006
vt 0.609784 0.861564
vt 0.594254 0.874359
vt 0.580085 0.886103
vt 0.722093 0.769689
vt 0.634711 0.886569
vt 0.621972 0.902146
vt 0.610363 0.916427
vt 0.726939 0.774546
vt 0.705318 0.800808
vt 0.684895 0.825642
vt 0.666118 0.848427
vt 0.649389 0.868806
vt 0.701374 0.836678
vt 0.687402 0.862695
vt 0.674968 0.885944
vt 0.664037 0.906237
vt 0.654572 0.923994
vt 0.645970 0.940263
vt 0.732639 0.778364
vt 0.716555 0.808344
vt 0.690808 0.939077
vt 0.685541 0.956681
vt 0.738972 0.781003
vt 0.729050 0.813539
vt 0.719690 0.844272
vt 0.711056 0.872550
vt 0.703399 0.897715
vt 0.696634 0.919861
vt 0.977710 0.770074
vt 0.969025 0.814379
vt 0.863445 0.543155
vt 0.902054 0.568952
vt 0.884973 0.590227
vt 0.850843 0.567353
vt 0.603515 0.570002
vt 0.640948 0.544994
vt 0.857147 0.950227
vt 0.815484 0.967535
vt 0.546515 0.855493
vt 0.529364 0.813901
vt 0.726694 0.518992
vt 0.771712 0.518996
vt 0.968935 0.680895
vt 0.977710 0.725051
vt 0.771195 0.976108
vt 0.726286 0.975796
vt 0.603247 0.924828
vt 0.571467 0.892954
vt 0.520800 0.769848
vt 0.682540 0.527770
vt 0.926707 0.601867
vt 0.951713 0.639301
vt 0.926679 0.893459
vt 0.894612 0.925252
vt 0.682200 0.967169
vt 0.640631 0.949891
vt 0.546669 0.639259
vt 0.571681 0.601831
vt 0.951484 0.855870
vt 0.520670 0.724974
vt 0.529443 0.680845
vt 0.857451 0.545017
vt 0.894879 0.570031
vt 0.815863 0.527784
vt 0.884521 0.914253
vt 0.850327 0.937031
vt 0.812347 0.952701
vt 0.772039 0.960661
vt 0.730952 0.960603
vt 0.690667 0.952532
vt 0.652730 0.936756
vt 0.618600 0.913882
vt 0.589588 0.884789
vt 0.566809 0.850595
vt 0.551139 0.812614
vt 0.543180 0.772306
vt 0.543237 0.731220
vt 0.551309 0.690935
vt 0.567085 0.652998
vt 0.589959 0.618868
vt 0.619052 0.589856
vt 0.653245 0.567077
vt 0.691226 0.551407
vt 0.731534 0.543448
vt 0.772620 0.543505
vt 0.812906 0.551577
vt 0.913985 0.619320
vt 0.936763 0.653513
vt 0.952433 0.691494
vt 0.960393 0.731802
vt 0.960335 0.772888
vt 0.952264 0.813174
vt 0.936488 0.851111
vt 0.913614 0.885241
vt 0.542887 0.863714
vt 0.525117 0.820814
vt 0.934888 0.601786
vt 0.516058 0.775272
vt 0.960686 0.640395
vt 0.516058 0.728837
vt 0.978455 0.683295
vt 0.525117 0.683295
vt 0.934888 0.902322
vt 0.902054 0.935156
vt 0.987514 0.728837
vt 0.542887 0.640395
vt 0.863446 0.960954
vt 0.987514 0.775271
vt 0.568684 0.601786
vt 0.820546 0.978723
vt 0.978455 0.820813
vt 0.601518 0.568952
vt 0.775004 0.987782
vt 0.960686 0.863713
vt 0.640127 0.543155
vt 0.728569 0.987782
vt 0.683027 0.525385
vt 0.683027 0.978724
vt 0.728569 0.516326
vt 0.640127 0.960954
vt 0.775003 0.516326
vt 0.601518 0.935156
vt 0.820546 0.525385
vt 0.568684 0.902322
s 1
usemtl atlas
f 256/1/1 1/2/2 7/3/3 8/4/4
f 2/5/5 256/1/1 8/4/4 9/6/6
f 257/7/7 2/5/5 9/6/6 10/8/8
f 3/9/9 257/7/7 10/8/8 11/10/10
f 4/11/11 3/9/9 11/10/10 12/12/12
f 254/13/13 45/14/14 5/15/15
f 255/16/16 254/13/13 5/15/15 6/17/17
f 1/2/2 255/16/16 6/17/17 7/3/3
f 7/3/3 6/17/17 14/18/18 15/19/19
f 8/4/4 7/3/3 15/19/19 16/20/20
f 9/6/6 8/4/4 16/20/20 17/21/21
f 10/8/8 9/6/6 17/21/21 18/22/22
f 11/10/10 10/8/8 18/22/22 19/23/23
f 12/12/12 11/10/10 19/23/23 20/24/24
f 5/15/15 45/14/14 13/25/25
f 6/17/17 5/15/15 13/25/25 14/18/18
f 19/23/23 18/22/22 26/26/26 27/27/27
f 20/24/24 19/23/23 27/27/27 28/28/28
f 13/25/25 45/14/14 21/29/29
f 14/18/18 13/25/25 21/29/29 22/30/30
f 15/19/19 14/18/18 22/30/30 23/31/31
f 16/20/20 15/19/19 23/31/31 24/32/32
f 17/21/21 16/20/20 24/32/32 25/33/33
f 18/22/22 17/21/21 25/33/33 26/26/26
f 23/31/31 22/30/30 30/34/34 31/35/35
f 24/32/32 23/31/31 31/35/35 32/36/36
f 25/33/33 24/32/32 32/36/36 33/37/37
f 26/26/26 25/33/33 33/37/37 34/38/38
f 27/27/27 26/26/26 34/38/38 35/39/39
f 28/28/28 27/27/27 35/39/39 36/40/40
f 21/29/29 45/14/14 29/41/41
f 22/30/30 21/29/29 29/41/41 30/34/34
f 35/39/39 34/38/38 42/42/42 43/43/43
f 36/40/40 35/39/39 43/43/43 44/44/44
f 29/41/41 45/14/14 37/45/45
f 30/34/34 29/41/41 37/45/45 38/46/46
f 31/35/35 30/34/34 38/46/46 39/47/47
f 32/36/36 31/35/35 39/47/47 40/48/48
f 33/37/37 32/36/36 40/48/48 41/49/49
f 34/38/38 33/37/37 41/49/49 42/42/42
f 40/48/48 39/47/47 48/50/50 49/51/51
f 41/49/49 40/48/48 49/51/51 50/52/52
f 42/42/42 41/49/49 50/52/52 51/53/53
f 43/43/43 42/42/42 51/53/53 52/54/54
f 44/44/44 43/43/43 52/54/54 53/55/55
f 37/45/45 45/14/14 46/56/56
f 38/46/46 37/45/45 46/56/56 47/57/57
f 39/47/47 38/46/46 47/57/57 48/50/50
f 53/55/55 52/54/54 60/58/58 61/59/59
f 46/56/56 45/14/14 54/60/60
f 47/57/57 46/56/56 54/60/60 55/61/61
f 48/50/50 47/57/57 55/61/61 56/62/62
f 49/51/51 48/50/50 56/62/62 57/63/63
f 50/52/52 49/51/51 57/63/63 58/64/64
f 51/53/53 50/52/52 58/64/64 59/65/65
f 52/54/54 51/53/53 59/65/65 60/58/58
f 57/63/63 56/62/62 64/66/66 65/67/67
f 58/64/64 57/63/63 65/67/67 66/68/68
f 59/65/65 58/64/64 66/68/68 67/69/69
f 60/58/58 59/65/65 67/69/69 68/70/70
f 61/59/59 60/58/58 68/70/70 69/71/71
f 54/60/60 45/14/14 62/72/72
f 55/61/61 54/60/60 62/72/72 63/73/73
f 56/62/62 55/61/61 63/73/73 64/66/66
f 69/71/71 68/70/70 76/74/74 77/75/75
f 62/72/72 45/14/14 70/76/76
f 63/73/73 62/72/72 70/76/76 71/77/77
f 64/66/66 63/73/73 71/77/77 72/78/78
f 65/67/67 64/66/66 72/78/78 73/79/79
f 66/68/68 65/67/67 73/79/79 74/80/80
f 67/69/69 66/68/68 74/80/80 75/81/81
f 68/70/70 67/69/69 75/81/81 76/74/74
f 74/80/80 73/79/79 81/82/82 82/83/83
f 75/81/81 74/80/80 82/83/83 83/84/84
f 76/74/74 75/81/81 83/84/84 84/85/85
f 77/75/75 76/74/74 84/85/85 85/86/86
f 70/76/76 45/14/14 78/87/87
f 71/77/77 70/76/76 78/87/87 79/88/88
f 72/78/78 71/77/77 79/88/88 80/89/89
f 73/79/79 72/78/78 80/89/89 81/82/82
f 79/88/88 78/87/87 86/90/90 87/91/91
f 80/89/89 79/88/88 87/91/91 88/92/92
f 81/82/82 80/89/89 88/92/92 89/93/93
f 82/83/83 81/82/82 89/93/93 90/94/94
f 83/84/84 82/83/83 90/94/94 91/95/95
f 84/85/85 83/84/84 91/95/95 92/96/96
f 85/86/86 84/85/85 92/96/96 93/97/97
f 78/87/87 45/14/14 86/90/90
f 91/95/95 90/94/94 98/98/98 99/99/99
f 92/96/96 91/95/95 99/99/99 100/100/100
f 93/97/97 92/96/96 100/100/100 101/101/101
f 86/90/90 45/14/14 94/102/102
f 87/91/91 86/90/90 94/102/102 95/103/103
f 88/92/92 87/91/91 95/103/103 96/104/104
f 89/93/93 88/92/92 96/104/104 97/105/105
f 90/94/94 89/93/93 97/105/105 98/98/98
f 95/103/103 94/102/102 102/106/106 103/107/107
f 96/104/104 95/103/103 103/107/107 104/108/108
f 97/105/105 96/104/104 104/108/108 105/109/109
f 98/98/98 97/105/105 105/109/109 106/110/110
f 99/99/99 98/98/98 106/110/110 107/111/111
f 100/100/100 99/99/99 107/111/111 108/112/112
f 101/101/101 100/100/100 108/112/112 109/113/113
f 94/102/102 45/14/14 102/106/106
f 107/111/111 106/110/110 114/114/114 115/115/115
f 108/112/112 107/111/111 115/115/115 116/116/116
f 109/113/113 108/112/112 116/116/116 117/117/117
f 102/106/106 45/14/14 110/118/118
f 103/107/107 102/106/106 110/118/118 111/119/119
f 104/108/108 103/107/107 111/119/119 112/120/120
f 105/109/109 104/108/108 112/120/120 113/121/121
f 106/110/110 105/109/109 113/121/121 114/114/114
f 112/120/120 111/119/119 119/122/122 120/123/123
f 113/121/121 112/120/120 120/123/123 121/124/124
f 114/114/114 113/121/121 121/124/124 122/125/125
f 115/115/115 114/114/114 122/125/125 123/126/126
f 116/116/116 115/115/115 123/126/126 124/127/127
f 117/117/117 116/116/116 124/127/127 125/128/128
f 110/118/118 45/14/14 118/129/129
f 111/119/119 110/118/118 118/129/129 119/122/122
f 124/127/127 123/126/126 131/130/130 132/131/131
f 125/128/128 124/127/127 132/131/131 133/132/132
f 118/129/129 45/14/14 126/133/133
f 119/122/122 118/129/129 126/133/133 127/134/134
f 120/123/123 119/122/122 127/134/134 128/135/135
f 121/124/124 120/123/123 128/135/135 129/136/136
f 122/125/125 121/124/124 129/136/136 130/137/137
f 123/126/126 122/125/125 130/137/137 131/130/130
f 128/135/135 127/134/134 135/138/138 136/139/139
f 129/136/136 128/135/135 136/139/139 137/140/140
f 130/137/137 129/136/136 137/140/140 138/141/141
f 131/130/130 130/137/137 138/141/141 139/142/142
f 132/131/131 131/130/130 139/142/142 140/143/143
f 133/132/132 132/131/131 140/143/143 141/144/144
f 126/133/133 45/14/14 134/145/145
f 127/134/134 126/133/133 134/145/145 135/138/138
f 140/143/143 139/142/142 147/146/146 148/147/147
f 141/144/144 140/143/143 148/147/147 149/148/148
f 134/145/145 45/14/14 142/149/149
f 135/138/138 134/145/145 142/149/149 143/150/150
f 136/139/139 135/138/138 143/150/150 144/151/151
f 137/140/140 136/139/139 144/151/151 145/152/152
f 138/141/141 137/140/140 145/152/152 146/153/153
f 139/142/142 138/141/141 146/153/153 147/146/146
f 145/152/152 144/151/151 152/154/154 153/155/155
f 146/153/153 145/152/152 153/155/155 154/156/156
f 147/146/146 146/153/153 154/156/156 155/157/157
f 148/147/147 147/146/146 155/157/157 156/158/158
f 149/148/148 148/147/147 156/158/158 157/159/159
f 142/149/149 45/14/14 150/160/160
f 143/150/150 142/149/149 150/160/160 151/161/161
f 144/151/151 143/150/150 151/161/161 152/154/154
f 157/159/159 156/158/158 164/162/162 165/163/163
f 150/160/160 45/14/14 158/164/164
f 151/161/161 150/160/160 158/164/164 159/165/165
f 152/154/154 151/161/161 159/165/165 160/166/166
f 153/155/155 152/154/154 160/166/166 161/167/167
f 154/156/156 153/155/155 161/167/167 162/168/168
f 155/157/157 154/156/156 162/168/168 163/169/169
f 156/158/158 155/157/157 163/169/169 164/162/162
f 162/168/168 161/167/167 169/170/170 170/171/171
f 163/169/169 162/168/168 170/171/171 171/172/172
f 164/162/162 163/169/169 171/172/172 172/173/173
f 165/163/163 164/162/162 172/173/173 173/174/174
f 158/164/164 45/14/14 166/175/175
f 159/165/165 158/164/164 166/175/175 167/176/176
f 160/166/166 159/165/165 167/176/176 168/177/177
f 161/167/167 160/166/166 168/177/177 169/170/170
f 166/175/175 45/14/14 174/178/178
f 167/176/176 166/175/175 174/178/178 175/179/179
f 168/177/177 167/176/176 175/179/179 176/180/180
f 169/170/170 168/177/177 176/180/180 177/181/181
f 170/171/171 169/170/170 177/181/181 178/182/182
f 171/172/172 170/171/171 178/182/182 179/183/183
f 172/173/173 171/172/172 179/183/183 180/184/184
f 173/174/174 172/173/173 180/184/184 181/185/185
f 178/182/182 177/181/181 185/186/186 186/187/187
f 179/183/183 178/182/182 186/187/187 187/188/188
f 180/184/184 179/183/183 187/188/188 188/189/189
f 181/185/185 180/184/184 188/189/189 189/190/190
f 174/178/178 45/14/14 182/191/191
f 175/179/179 174/178/178 182/191/191 183/192/192
f 176/180/180 175/179/179 183/192/192 184/193/193
f 177/181/181 176/180/180 184/193/193 185/186/186
f 183/192/192 182/191/191 190/194/194 191/195/195
f 184/193/193 183/192/192 191/195/195 192/196/196
f 185/186/186 184/193/193 192/196/196 193/197/197
f 186/187/187 185/186/186 193/197/197 194/198/198
f 187/188/188 186/187/187 194/198/198 195/199/199
f 188/189/189 187/188/188 195/199/199 196/200/200
f 189/190/190 188/189/189 196/200/200 197/201/201
f 182/191/191 45/14/14 190/194/194
f 195/199/199 194/198/198 202/202/202 203/203/203
f 196/200/200 195/199/199 203/203/203 204/204/204
f 197/201/201 196/200/200 204/204/204 205/205/205
f 190/194/194 45/14/14 198/206/206
f 191/195/195 190/194/194 198/206/206 199/207/207
f 192/196/196 191/195/195 199/207/207 200/208/208
f 193/197/197 192/196/196 200/208/208 201/209/209
f 194/198/198 193/197/197 201/209/209 202/202/202
f 199/207/207 198/206/206 206/210/210 207/211/211
f 200/208/208 199/207/207 207/211/211 208/212/212
f 201/209/209 200/208/208 208/212/212 209/213/213
f 202/202/202 201/209/209 209/213/213 210/214/214
f 203/203/203 202/202/202 210/214/214 211/215/215
f 204/204/204 203/203/203 211/215/215 212/216/216
f 205/205/205 204/204/204 212/216/216 213/217/217
f 198/206/206 45/14/14 206/210/210
f 211/215/215 210/214/214 218/218/218 219/219/219
f 212/216/216 211/215/215 219/219/219 220/220/220
f 213/217/217 212/216/216 220/220/220 221/221/221
f 206/210/210 45/14/14 214/222/222
f 207/211/211 206/210/210 214/222/222 215/223/223
f 208/212/212 207/211/211 215/223/223 216/224/224
f 209/213/213 208/212/212 216/224/224 217/225/225
f 210/214/214 209/213/213 217/225/225 218/218/218
f 216/224/224 215/223/223 223/226/226 224/227/227
f 217/225/225 216/224/224 224/227/227 225/228/228
f 218/218/218 217/225/225 225/228/228 226/229/229
f 219/219/219 218/218/218 226/229/229 227/230/230
f 220/220/220 219/219/219 227/230/230 228/231/231
f 221/221/221 220/220/220 228/231/231 229/232/232
f 214/222/222 45/14/14 222/233/233
f 215/223/223 214/222/222 222/233/233 223/226/226
f 228/231/231 227/230/230 235/234/234 236/235/235
f 229/232/232 228/231/231 236/235/235 237/236/236
f 222/233/233 45/14/14 230/237/237
f 223/226/226 222/233/233 230/237/237 231/238/238
f 224/227/227 223/226/226 231/238/238 232/239/239
f 225/228/228 224/227/227 232/239/239 233/240/240
f 226/229/229 225/228/228 233/240/240 234/241/241
f 227/230/230 226/229/229 234/241/241 235/234/234
f 233/240/240 232/239/239 240/242/242 241/243/243
f 234/241/241 233/240/240 241/243/243 242/244/244
f 235/234/234 234/241/241 242/244/244 243/245/245
f 236/235/235 235/234/234 243/245/245 244/246/246
f 237/236/236 236/235/235 244/246/246 245/247/247
f 230/237/237 45/14/14 238/248/248
f 231/238/238 230/237/237 238/248/248 239/249/249
f 232/239/239 231/238/238 239/249/249 240/242/242
f 245/247/247 244/246/246 252/250/250 253/251/251
f 238/248/248 45/14/14 246/252/252
f 239/249/249 238/248/248 246/252/252 247/253/253
f 240/242/242 239/249/249 247/253/253 248/254/254
f 241/243/243 240/242/242 248/254/254 249/255/255
f 242/244/244 241/243/243 249/255/255 250/256/256
f 243/245/245 242/244/244 250/256/256 251/257/257
f 244/246/246 243/245/245 251/257/257 252/250/250
f 249/255/255 248/254/254 1/2/2 256/1/1
f 250/256/256 249/255/255 256/1/1 2/5/5
f 251/257/257 250/256/256 2/5/5 257/7/7
f 252/250/250 251/257/257 257/7/7 3/9/9
f 253/251/251 252/250/250 3/9/9 4/11/11
f 246/252/252 45/14/14 254/13/13
f 247/253/253 246/252/252 254/13/13 255/16/16
f 248/254/254 247/253/253 255/16/16 1/2/2
f 61/59/258 69/71/258 266/258/259 265/259/260
f 281/260/261 282/261/262 314/262/263 313/263/264
f 157/159/258 165/163/258 278/264/265 277/265/266
f 20/24/258 28/28/258 261/266/267 260/267/268
f 213/217/258 221/221/258 285/268/269 284/269/270
f 133/132/258 141/144/258 275/270/271 274/271/272
f 77/75/258 85/86/258 268/272/273 267/273/274
f 4/11/258 12/12/258 258/274/275 259/275/276
f 229/232/258 237/236/258 287/276/277 286/277/278
f 12/12/258 20/24/258 260/267/268 258/274/275
f 205/205/258 213/217/258 284/269/270 283/278/279
f 149/148/258 157/159/258 277/265/266 276/279/280
f 93/97/258 101/101/258 270/280/281 269/281/282
f 36/40/258 44/44/258 263/282/283 262/283/284
f 245/247/258 253/251/258 289/284/285 288/285/286
f 173/174/258 181/185/258 280/286/287 279/287/288
f 221/221/258 229/232/258 286/277/278 285/268/269
f 165/163/258 173/174/258 279/287/288 278/264/265
f 53/55/258 61/59/258 265/259/260 264/288/289
f 28/28/258 36/40/258 262/283/284 261/266/267
f 189/190/258 197/201/258 282/289/262 281/290/261
f 253/251/258 4/11/258 259/275/276 289/284/285
f 109/113/258 117/117/258 272/291/290 271/292/291
f 237/236/258 245/247/258 288/285/286 287/276/277
f 181/185/258 189/190/258 281/290/261 280/286/287
f 125/128/258 133/132/258 274/271/272 273/293/292
f 101/101/258 109/113/258 271/292/291 270/280/281
f 69/71/258 77/75/258 267/273/274 266/258/259
f 44/44/258 53/55/258 264/288/289 263/282/283
f 197/201/258 205/205/258 283/278/279 282/289/262
f 117/117/258 125/128/258 273/293/292 272/291/290
f 141/144/258 149/148/258 276/279/280 275/270/271
f 85/86/258 93/97/258 269/281/282 268/272/273
f 290/294/293 292/295/294 293/296/295 294/297/296 295/298/297 296/299/298 297/300/299 298/301/300 299/302/301 300/303/302 301/304/303 302/305/304 303/306/305 304/307/306 305/308/307 306/309/308 307/310/309 308/311/310 309/312/311 310/313/312 311/314/313 312/315/314 313/263/264 314/262/263 315/316/315 316/317/316 317/318/317 318/319/318 319/320/319 320/321/320 321/322/321 291/323/322
f 268/324/273 269/325/282 301/304/303 300/303/302
f 282/261/262 283/326/279 315/316/315 314/262/263
f 269/325/282 270/327/281 302/305/304 301/304/303
f 283/326/279 284/328/270 316/317/316 315/316/315
f 270/327/281 271/329/291 303/306/305 302/305/304
f 284/328/270 285/330/269 317/318/317 316/317/316
f 271/329/291 272/331/290 304/307/306 303/306/305
f 259/332/276 258/333/275 290/294/293 291/323/322
f 285/330/269 286/334/278 318/319/318 317/318/317
f 272/331/290 273/335/292 305/308/307 304/307/306
f 258/333/275 260/336/268 292/295/294 290/294/293
f 286/334/278 287/337/277 319/320/319 318/319/318
f 273/335/292 274/338/272 306/309/308 305/308/307
f 260/336/268 261/339/267 293/296/295 292/295/294
f 287/337/277 288/340/286 320/321/320 319/320/319
f 274/338/272 275/341/271 307/310/309 306/309/308
f 261/339/267 262/342/284 294/297/296 293/296/295
f 288/340/286 289/343/285 321/322/321 320/321/320
f 275/341/271 276/344/280 308/311/310 307/310/309
f 262/342/284 263/345/283 295/298/297 294/297/296
f 289/343/285 259/332/276 291/323/322 321/322/321
f 276/344/280 277/346/266 309/312/311 308/311/310
f 263/345/283 264/347/289 296/299/298 295/298/297
f 277/346/266 278/348/265 310/313/312 309/312/311
f 264/347/289 265/349/260 297/300/299 296/299/298
f 278/348/265 279/350/288 311/314/313 310/313/312
f 265/349/260 266/351/259 298/301/300 297/300/299
f 279/350/288 280/352/287 312/315/314 311/314/313
f 266/351/259 267/353/274 299/302/301 298/301/300
f 280/352/287 281/260/261 313/263/264 312/315/314
f 267/353/274 268/324/273 300/303/302 299/302/301
o Cylinder.003
v 0.000000 0.251733 1.661899
v 0.000000 0.067980 1.661899
v 0.011693 0.251733 1.660748
v 0.011693 0.067980 1.660748
v 0.022937 0.251733 1.657337
v 0.022937 0.067980 1.657337
v 0.033299 0.251733 1.651798
v 0.033299 0.067980 1.651798
v 0.042381 0.251733 1.644345
v 0.042381 0.067980 1.644345
v 0.049835 0.251733 1.635262
v 0.049835 0.067980 1.635262
v 0.055374 0.251733 1.624900
v 0.055374 0.067980 1.624900
v 0.058785 0.251733 1.613656
v 0.058785 0.067980 1.613656
v 0.059936 0.251733 1.601963
v 0.059936 0.067980 1.601963
v 0.058785 0.251733 1.590270
v 0.058785 0.067980 1.590270
v 0.055374 0.251733 1.579026
v 0.055374 0.067980 1.579026
v 0.049835 0.251733 1.568664
v 0.049835 0.067980 1.568664
v 0.042381 0.251733 1.559582
v 0.042381 0.067980 1.559582
v 0.033299 0.251733 1.552128
v 0.033299 0.067980 1.552128
v 0.022937 0.251733 1.546589
v 0.022937 0.067980 1.546589
v 0.011693 0.251733 1.543178
v 0.011693 0.067980 1.543178
v 0.000000 0.251733 1.542027
v 0.000000 0.067980 1.542027
v -0.011693 0.251733 1.543178
v -0.011693 0.067980 1.543178
v -0.022937 0.251733 1.546589
v -0.022937 0.067980 1.546589
v -0.033299 0.251733 1.552128
v -0.033299 0.067980 1.552128
v -0.042381 0.251733 1.559582
v -0.042381 0.067980 1.559582
v -0.049835 0.251733 1.568664
v -0.049835 0.067980 1.568664
v -0.055374 0.251733 1.579026
v -0.055374 0.067980 1.579026
v -0.058785 0.251733 1.590270
v -0.058785 0.067980 1.590270
v -0.059936 0.251733 1.601963
v -0.059936 0.067980 1.601963
v -0.058785 0.251733 1.613656
v -0.058785 0.067980 1.613656
v -0.055374 0.251733 1.624900
v -0.055374 0.067980 1.624900
v -0.049835 0.251733 1.635262
v -0.049835 0.067980 1.635262
v -0.042381 0.251733 1.644345
v -0.042381 0.067980 1.644345
v -0.033299 0.251733 1.651798
v -0.033299 0.067980 1.651798
v -0.022937 0.251733 1.657337
v -0.022937 0.067980 1.657337
v -0.011693 0.251733 1.660748
v -0.011693 0.067980 1.660748
v 0.000000 0.251733 1.649912
v 0.009354 0.251733 1.648991
v 0.018349 0.251733 1.646262
v 0.026639 0.251733 1.641831
v 0.033905 0.251733 1.635868
v 0.039868 0.251733 1.628602
v 0.044299 0.251733 1.620312
v 0.047028 0.251733 1.611318
v 0.047949 0.251733 1.601963
v 0.047028 0.251733 1.592609
v 0.044299 0.251733 1.583614
v 0.039868 0.251733 1.575324
v 0.033905 0.251733 1.568058
v 0.026639 0.251733 1.562095
v 0.018349 0.251733 1.557664
v 0.009354 0.251733 1.554935
v 0.000000 0.251733 1.554014
v -0.009354 0.251733 1.554935
v -0.018349 0.251733 1.557664
v -0.026639 0.251733 1.562095
v -0.033905 0.251733 1.568058
v -0.039868 0.251733 1.575324
v -0.044299 0.251733 1.583614
v -0.047028 0.251733 1.592609
v -0.047949 0.251733 1.601963
v -0.047028 0.251733 1.611318
v -0.044299 0.251733 1.620312
v -0.039868 0.251733 1.628602
v -0.033905 0.251733 1.635868
v -0.026639 0.251733 1.641831
v -0.018349 0.251733 1.646262
v -0.009354 0.251733 1.648991
v 0.000000 0.347631 1.649912
v 0.009354 0.347631 1.648991
v 0.018349 0.347631 1.646262
v 0.026639 0.347631 1.641831
v 0.033905 0.347631 1.635868
v 0.039868 0.347631 1.628602
v 0.044299 0.347631 1.620312
v 0.047028 0.347631 1.611318
v 0.047949 0.347631 1.601963
v 0.047028 0.347631 1.592609
v 0.044299 0.347631 1.583614
v 0.039868 0.347631 1.575324
v 0.033905 0.347631 1.568058
v 0.026639 0.347631 1.562095
v 0.018349 0.347631 1.557664
v 0.009354 0.347631 1.554935
v 0.000000 0.347631 1.554014
v -0.009354 0.347631 1.554935
v -0.018349 0.347631 1.557664
v -0.026639 0.347631 1.562095
v -0.033905 0.347631 1.568058
v -0.039868 0.347631 1.575324
v -0.044299 0.347631 1.583614
v -0.047028 0.347631 1.592609
v -0.047949 0.347631 1.601963
v -0.047028 0.347631 1.611318
v -0.044299 0.347631 1.620312
v -0.039868 0.347631 1.628602
v -0.033905 0.347631 1.635868
v -0.026639 0.347631 1.641831
v -0.018349 0.347631 1.646262
v -0.009354 0.347631 1.648991
v 0.000000 0.347631 1.660927
v 0.011503 0.347631 1.659794
v 0.022565 0.347631 1.656439
v 0.032759 0.347631 1.650990
v 0.041694 0.347631 1.643657
v 0.049027 0.347631 1.634722
v 0.054476 0.347631 1.624528
v 0.057831 0.347631 1.613467
v 0.058964 0.347631 1.601963
v 0.057831 0.347631 1.590460
v 0.054476 0.347631 1.579399
v 0.049027 0.347631 1.569204
v 0.041694 0.347631 1.560269
v 0.032759 0.347631 1.552936
v 0.022565 0.347631 1.547487
v 0.011503 0.347631 1.544132
v 0.000000 0.347631 1.542999
v -0.011503 0.347631 1.544132
v -0.022565 0.347631 1.547487
v -0.032759 0.347631 1.552936
v -0.041694 0.347631 1.560269
v -0.049027 0.347631 1.569204
v -0.054476 0.347631 1.579399
v -0.057831 0.347631 1.590460
v -0.058964 0.347631 1.601963
v -0.057831 0.347631 1.613467
v -0.054476 0.347631 1.624528
v -0.049027 0.347631 1.634722
v -0.041694 0.347631 1.643657
v -0.032759 0.347631 1.650990
v -0.022565 0.347631 1.656439
v -0.011503 0.347631 1.659794
v 0.000000 0.361635 1.660927
v 0.011503 0.361635 1.659794
v 0.022565 0.361635 1.656439
v 0.032759 0.361635 1.650990
v 0.041694 0.361635 1.643657
v 0.049027 0.361635 1.634722
v 0.054476 0.361635 1.624528
v 0.057831 0.361635 1.613467
v 0.058964 0.361635 1.601963
v 0.057831 0.361635 1.590460
v 0.054476 0.361635 1.579399
v 0.049027 0.361635 1.569204
v 0.041694 0.361635 1.560269
v 0.032759 0.361635 1.552936
v 0.022565 0.361635 1.547487
v 0.011503 0.361635 1.544132
v 0.000000 0.361635 1.542999
v -0.011503 0.361635 1.544132
v -0.022565 0.361635 1.547487
v -0.032759 0.361635 1.552936
v -0.041694 0.361635 1.560269
v -0.049027 0.361635 1.569204
v -0.054476 0.361635 1.579399
v -0.057831 0.361635 1.590460
v -0.058964 0.361635 1.601963
v -0.057831 0.361635 1.613467
v -0.054476 0.361635 1.624528
v -0.049027 0.361635 1.634722
v -0.041694 0.361635 1.643657
v -0.032759 0.361635 1.650990
v -0.022565 0.361635 1.656439
v -0.011503 0.361635 1.659794
v 0.000000 0.361635 1.650275
v 0.009425 0.361635 1.649346
v 0.018488 0.361635 1.646597
v 0.026840 0.361635 1.642133
v 0.034161 0.361635 1.636124
v 0.040170 0.361635 1.628804
v 0.044634 0.361635 1.620451
v 0.047383 0.361635 1.611388
v 0.048312 0.361635 1.601963
v 0.047383 0.361635 1.592538
v 0.044634 0.361635 1.583475
v 0.040170 0.361635 1.575123
v 0.034161 0.361635 1.567802
v 0.026840 0.361635 1.561794
v 0.018488 0.361635 1.557329
v 0.009425 0.361635 1.554580
v 0.000000 0.361635 1.553652
v -0.009425 0.361635 1.554580
v -0.018488 0.361635 1.557329
v -0.026840 0.361635 1.561794
v -0.034161 0.361635 1.567802
v -0.040170 0.361635 1.575123
v -0.044634 0.361635 1.583475
v -0.047383 0.361635 1.592538
v -0.048312 0.361635 1.601963
v -0.047383 0.361635 1.611388
v -0.044634 0.361635 1.620451
v -0.040170 0.361635 1.628804
v -0.034161 0.361635 1.636124
v -0.026840 0.361635 1.642133
v -0.018488 0.361635 1.646597
v -0.009425 0.361635 1.649346
v 0.000000 0.352776 1.650275
v 0.009425 0.352776 1.649346
v 0.018488 0.352776 1.646597
v 0.026840 0.352776 1.642133
v 0.034161 0.352776 1.636124
v 0.040170 0.352776 1.628804
v 0.044634 0.352776 1.620451
v 0.047383 0.352776 1.611388
v 0.048312 0.352776 1.601963
v 0.047383 0.352776 1.592538
v 0.044634 0.352776 1.583475
v 0.040170 0.352776 1.575123
v 0.034161 0.352776 1.567802
v 0.026840 0.352776 1.561794
v 0.018488 0.352776 1.557329
v 0.009425 0.352776 1.554580
v 0.000000 0.352776 1.553652
v -0.009425 0.352776 1.554580
v -0.018488 0.352776 1.557329
v -0.026840 0.352776 1.561794
v -0.034161 0.352776 1.567802
v -0.040170 0.352776 1.575123
v -0.044634 0.352776 1.583475
v -0.047383 0.352776 1.592538
v -0.048312 0.352776 1.601963
v -0.047383 0.352776 1.611388
v -0.044634 0.352776 1.620451
v -0.040170 0.352776 1.628804
v -0.034161 0.352776 1.636124
v -0.026840 0.352776 1.642133
v -0.018488 0.352776 1.646597
v -0.009425 0.352776 1.649346
v 0.000000 0.357082 1.643562
v 0.008116 0.357082 1.642763
v 0.015919 0.357082 1.640396
v 0.023111 0.357082 1.636551
v 0.029415 0.357082 1.631378
v 0.034588 0.357082 1.625074
v 0.038432 0.357082 1.617882
v 0.040800 0.357082 1.610079
v 0.041599 0.357082 1.601963
v 0.040800 0.357082 1.593848
v 0.038432 0.357082 1.586044
v 0.034588 0.357082 1.578852
v 0.029415 0.357082 1.572548
v 0.023111 0.357082 1.567375
v 0.015919 0.357082 1.563531
v 0.008116 0.357082 1.561163
v 0.000000 0.357082 1.560364
v -0.008116 0.357082 1.561163
v -0.015919 0.357082 1.563531
v -0.023111 0.357082 1.567375
v -0.029415 0.357082 1.572548
v -0.034588 0.357082 1.578852
v -0.038432 0.357082 1.586044
v -0.040800 0.357082 1.593848
v -0.041599 0.357082 1.601963
v -0.040800 0.357082 1.610079
v -0.038432 0.357082 1.617882
v -0.034588 0.357082 1.625074
v -0.029415 0.357082 1.631378
v -0.023111 0.357082 1.636551
v -0.015919 0.357082 1.640396
v -0.008116 0.357082 1.642763
v 0.000000 0.360238 1.631305
v 0.005724 0.360238 1.630741
v 0.011228 0.360238 1.629071
v 0.016301 0.360238 1.626360
v 0.020747 0.360238 1.622711
v 0.024396 0.360238 1.618264
v 0.027108 0.360238 1.613192
v 0.028778 0.360238 1.607687
v 0.029341 0.360238 1.601963
v 0.028778 0.360238 1.596239
v 0.027108 0.360238 1.590735
v 0.024396 0.360238 1.585662
v 0.020747 0.360238 1.581216
v 0.016301 0.360238 1.577567
v 0.011228 0.360238 1.574855
v 0.005724 0.360238 1.573186
v 0.000000 0.360238 1.572622
v -0.005724 0.360238 1.573186
v -0.011228 0.360238 1.574855
v -0.016301 0.360238 1.577567
v -0.020747 0.360238 1.581216
v -0.024396 0.360238 1.585662
v -0.027108 0.360238 1.590735
v -0.028778 0.360238 1.596239
v -0.029341 0.360238 1.601963
v -0.028778 0.360238 1.607687
v -0.027108 0.360238 1.613192
v -0.024396 0.360238 1.618264
v -0.020747 0.360238 1.622711
v -0.016301 0.360238 1.626360
v -0.011228 0.360238 1.629071
v -0.005724 0.360238 1.630741
v 0.000000 0.362637 1.601963
vn -0.0000 -0.0000 1.0000
vn 0.1951 -0.0000 0.9808
vn 0.3827 -0.0000 0.9239
vn 0.5556 -0.0000 0.8315
vn 0.7071 -0.0000 0.7071
vn 0.8315 -0.0000 0.5556
vn 0.9239 -0.0000 0.3827
vn 0.9808 -0.0000 0.1951
vn 1.0000 -0.0000 -0.0000
vn 0.9808 -0.0000 -0.1951
vn 0.9239 -0.0000 -0.3827
vn 0.8315 -0.0000 -0.5556
vn 0.7071 -0.0000 -0.7071
vn 0.5556 -0.0000 -0.8315
vn 0.3827 -0.0000 -0.9239
vn 0.1951 -0.0000 -0.9808
vn -0.0000 -0.0000 -1.0000
vn -0.1951 -0.0000 -0.9808
vn -0.3827 -0.0000 -0.9239
vn -0.5556 -0.0000 -0.8315
vn -0.7071 -0.0000 -0.7071
vn -0.8315 -0.0000 -0.5556
vn -0.9239 -0.0000 -0.3827
vn -0.9808 -0.0000 -0.1951
vn -1.0000 -0.0000 -0.0000
vn -0.9808 -0.0000 0.1951
vn -0.9239 -0.0000 0.3827
vn -0.8315 -0.0000 0.5556
vn -0.7071 -0.0000 0.7071
vn -0.5556 -0.0000 0.8315
vn -0.3827 -0.0000 0.9239
vn -0.0000 -1.0000 -0.0000
vn -0.1951 -0.0000 0.9808
vn -0.0000 1.0000 -0.0000
vn -0.4321 0.8544 -0.2887
vn -0.3674 0.8544 -0.3674
vn -0.0000 0.8544 -0.5196
vn 0.1014 0.8544 -0.5097
vn 0.2887 0.8544 0.4321
vn 0.1989 0.8544 0.4801
vn -0.4801 0.8544 -0.1989
vn 0.3674 0.8544 0.3674
vn -0.5097 0.8544 -0.1014
vn 0.4321 0.8544 0.2887
vn -0.5196 0.8544 -0.0000
vn 0.4801 0.8544 0.1989
vn -0.5097 0.8544 0.1014
vn 0.5097 0.8544 0.1014
vn -0.4801 0.8544 0.1989
vn 0.5196 0.8544 -0.0000
vn -0.4321 0.8544 0.2887
vn 0.5097 0.8544 -0.1014
vn -0.3674 0.8544 0.3674
vn 0.4801 0.8544 -0.1989
vn -0.2887 0.8544 0.4321
vn 0.4321 0.8544 -0.2887
vn -0.1989 0.8544 0.4801
vn -0.1014 0.8544 -0.5097
vn 0.3674 0.8544 -0.3674
vn -0.1014 0.8544 0.5097
vn -0.1989 0.8544 -0.4801
vn 0.2887 0.8544 -0.4321
vn -0.0000 0.8544 0.5196
vn -0.2887 0.8544 -0.4321
vn 0.1989 0.8544 -0.4801
vn 0.1014 0.8544 0.5097
vn 0.4001 0.9130 0.0796
vn 0.3769 0.9130 0.1561
vn -0.3392 0.9130 -0.2266
vn -0.2885 0.9130 -0.2885
vn 0.4079 0.9130 -0.0000
vn -0.3769 0.9130 -0.1561
vn 0.4001 0.9130 -0.0796
vn -0.4001 0.9130 -0.0796
vn 0.3769 0.9130 -0.1561
vn -0.4079 0.9130 -0.0000
vn 0.3392 0.9130 -0.2266
vn -0.4001 0.9130 0.0796
vn 0.2885 0.9130 -0.2885
vn -0.3769 0.9130 0.1561
vn 0.2266 0.9130 -0.3392
vn -0.3392 0.9130 0.2266
vn 0.1561 0.9130 -0.3769
vn 0.0796 0.9130 0.4001
vn -0.0000 0.9130 0.4079
vn -0.2885 0.9130 0.2885
vn 0.0796 0.9130 -0.4001
vn 0.1561 0.9130 0.3769
vn -0.2266 0.9130 0.3392
vn -0.0000 0.9130 -0.4079
vn 0.2266 0.9130 0.3392
vn -0.1561 0.9130 0.3769
vn -0.0796 0.9130 -0.4001
vn 0.2885 0.9130 0.2885
vn -0.0796 0.9130 0.4001
vn -0.1561 0.9130 -0.3769
vn 0.3392 0.9130 0.2266
vn -0.2266 0.9130 -0.3392
vn 0.1581 0.9852 -0.0655
vn 0.1679 0.9852 -0.0334
vn -0.1712 0.9852 -0.0000
vn -0.1679 0.9852 -0.0334
vn 0.1423 0.9852 -0.0951
vn -0.1679 0.9852 0.0334
vn 0.1210 0.9852 -0.1210
vn -0.1581 0.9852 0.0655
vn 0.0951 0.9852 -0.1423
vn -0.1423 0.9852 0.0951
vn 0.0655 0.9852 -0.1581
vn 0.0334 0.9852 0.1679
vn -0.0000 0.9852 0.1712
vn -0.1210 0.9852 0.1210
vn 0.0334 0.9852 -0.1679
vn 0.0655 0.9852 0.1581
vn -0.0951 0.9852 0.1423
vn -0.0000 0.9852 -0.1712
vn 0.0951 0.9852 0.1423
vn -0.0655 0.9852 0.1581
vn -0.0334 0.9852 -0.1679
vn 0.1210 0.9852 0.1210
vn -0.0334 0.9852 0.1679
vn -0.0655 0.9852 -0.1581
vn 0.1423 0.9852 0.0951
vn -0.0951 0.9852 -0.1423
vn 0.1581 0.9852 0.0655
vn -0.1210 0.9852 -0.1210
vn 0.1679 0.9852 0.0334
vn -0.1423 0.9852 -0.0951
vn 0.1712 0.9852 -0.0000
vn -0.1581 0.9852 -0.0655
vt 0.386390 0.165008
vt 0.479353 0.165254
vt 0.479330 0.171168
vt 0.386418 0.170437
vt 0.479279 0.177083
vt 0.386371 0.175867
vt 0.479200 0.182998
vt 0.386306 0.181298
vt 0.479092 0.188916
vt 0.386278 0.186729
vt 0.478954 0.194837
vt 0.386233 0.192158
vt 0.478784 0.200759
vt 0.386122 0.197589
vt 0.478580 0.206683
vt 0.385997 0.203026
vt 0.478343 0.212608
vt 0.385851 0.208470
vt 0.478070 0.218536
vt 0.385733 0.213922
vt 0.477757 0.224467
vt 0.385592 0.219384
vt 0.477406 0.230398
vt 0.385379 0.224866
vt 0.477013 0.236328
vt 0.385137 0.230377
vt 0.476578 0.242256
vt 0.384847 0.235931
vt 0.476103 0.248180
vt 0.384522 0.241541
vt 0.475588 0.254095
vt 0.384067 0.247240
vt 0.475028 0.259993
vt 0.383441 0.253061
vt 0.383631 0.076838
vt 0.475723 0.070616
vt 0.476183 0.076522
vt 0.384194 0.082669
vt 0.476619 0.082434
vt 0.384608 0.088374
vt 0.477022 0.088350
vt 0.384923 0.093995
vt 0.477390 0.094269
vt 0.385216 0.099559
vt 0.477722 0.100189
vt 0.385428 0.105080
vt 0.478020 0.106108
vt 0.385611 0.110575
vt 0.478318 0.112030
vt 0.385733 0.116048
vt 0.478549 0.117948
vt 0.385914 0.121508
vt 0.478749 0.123864
vt 0.386020 0.126959
vt 0.478919 0.129778
vt 0.386108 0.132405
vt 0.479060 0.135692
vt 0.386233 0.137843
vt 0.479173 0.141605
vt 0.386286 0.143279
vt 0.479259 0.147517
vt 0.386322 0.148714
vt 0.479317 0.153430
vt 0.386399 0.154145
vt 0.258947 0.171457
vt 0.257791 0.165645
vt 0.257791 0.159718
vt 0.258947 0.153906
vt 0.261215 0.148431
vt 0.264507 0.143503
vt 0.268698 0.139312
vt 0.273625 0.136020
vt 0.279101 0.133752
vt 0.284913 0.132596
vt 0.290840 0.132596
vt 0.296652 0.133752
vt 0.302128 0.136020
vt 0.307055 0.139312
vt 0.311246 0.143503
vt 0.314539 0.148431
vt 0.316807 0.153906
vt 0.317963 0.159718
vt 0.317963 0.165645
vt 0.316807 0.171457
vt 0.314539 0.176933
vt 0.311246 0.181860
vt 0.307055 0.186051
vt 0.302128 0.189344
vt 0.296652 0.191611
vt 0.290840 0.192768
vt 0.284913 0.192768
vt 0.279101 0.191611
vt 0.273625 0.189344
vt 0.268698 0.186051
vt 0.264507 0.181860
vt 0.261215 0.176933
vt 0.479349 0.159342
vt 0.386403 0.159576
vt 0.379696 0.116594
vt 0.379539 0.111277
vt 0.379903 0.127295
vt 0.380026 0.132666
vt 0.330893 0.133565
vt 0.330814 0.128342
vt 0.380235 0.170426
vt 0.380296 0.165028
vt 0.380262 0.159629
vt 0.379453 0.218711
vt 0.379637 0.213406
vt 0.378978 0.095604
vt 0.378696 0.090499
vt 0.380150 0.143439
vt 0.380056 0.138047
vt 0.379968 0.197370
vt 0.380025 0.191991
vt 0.378357 0.244368
vt 0.378656 0.239379
vt 0.379769 0.121932
vt 0.380239 0.175825
vt 0.379313 0.223973
vt 0.379157 0.100750
vt 0.380229 0.148833
vt 0.379891 0.202733
vt 0.377947 0.249167
vt 0.380231 0.181217
vt 0.379142 0.229182
vt 0.379363 0.105993
vt 0.380214 0.154229
vt 0.379806 0.208079
vt 0.378381 0.085552
vt 0.377985 0.080751
vt 0.380136 0.186604
vt 0.378941 0.234322
vt 0.330779 0.112795
vt 0.330739 0.117950
vt 0.325164 0.117651
vt 0.325030 0.112337
vt 0.331345 0.232643
vt 0.331063 0.227617
vt 0.330966 0.138802
vt 0.331797 0.237600
vt 0.331152 0.170359
vt 0.331132 0.165092
vt 0.331044 0.144047
vt 0.332392 0.242420
vt 0.331104 0.175619
vt 0.331060 0.149304
vt 0.333185 0.247251
vt 0.331038 0.180878
vt 0.331117 0.154566
vt 0.332231 0.087770
vt 0.332949 0.082938
vt 0.331001 0.186134
vt 0.331159 0.159828
vt 0.331693 0.092666
vt 0.330949 0.191382
vt 0.331266 0.097591
vt 0.330844 0.196621
vt 0.331010 0.102618
vt 0.330795 0.201848
vt 0.330831 0.107683
vt 0.330751 0.207055
vt 0.330733 0.212244
vt 0.330763 0.217408
vt 0.330794 0.123133
vt 0.330864 0.222535
vt 0.325316 0.128224
vt 0.325320 0.133511
vt 0.318242 0.133418
vt 0.318198 0.128098
vt 0.325073 0.217941
vt 0.325069 0.212626
vt 0.325094 0.122935
vt 0.325144 0.223268
vt 0.325294 0.228607
vt 0.325760 0.233945
vt 0.325357 0.138789
vt 0.326290 0.239312
vt 0.325474 0.170360
vt 0.325644 0.165108
vt 0.325355 0.144047
vt 0.327488 0.244643
vt 0.325544 0.175624
vt 0.325593 0.149313
vt 0.329467 0.249703
vt 0.325605 0.180909
vt 0.325548 0.154587
vt 0.327287 0.085699
vt 0.329155 0.080582
vt 0.325431 0.186188
vt 0.325479 0.159842
vt 0.326204 0.090983
vt 0.325262 0.191453
vt 0.325662 0.096372
vt 0.325350 0.196735
vt 0.325217 0.101709
vt 0.325203 0.202027
vt 0.325210 0.107036
vt 0.325116 0.207323
vt 0.350055 0.066132
vt 0.350121 0.066132
vt 0.350116 0.066185
vt 0.350060 0.066185
vt 0.318781 0.235575
vt 0.318270 0.229787
vt 0.318279 0.138731
vt 0.319739 0.241506
vt 0.318452 0.170387
vt 0.318520 0.165106
vt 0.318332 0.144054
vt 0.321169 0.247381
vt 0.318485 0.175668
vt 0.318478 0.149316
vt 0.323558 0.252714
vt 0.318487 0.180915
vt 0.318473 0.154571
vt 0.320859 0.083083
vt 0.323155 0.077708
vt 0.318351 0.186189
vt 0.318458 0.159858
vt 0.319466 0.088959
vt 0.318233 0.191524
vt 0.318721 0.094834
vt 0.318223 0.196837
vt 0.318291 0.100606
vt 0.318111 0.202180
vt 0.318005 0.106295
vt 0.318018 0.207570
vt 0.317963 0.111869
vt 0.317964 0.213008
vt 0.318034 0.117326
vt 0.317963 0.218507
vt 0.318054 0.122748
vt 0.318041 0.224087
vt 0.350223 0.066217
vt 0.350269 0.066248
vt 0.350242 0.066281
vt 0.350203 0.066255
vt 0.349791 0.066310
vt 0.349828 0.066255
vt 0.349869 0.066288
vt 0.349838 0.066335
vt 0.350249 0.066766
vt 0.350188 0.066791
vt 0.350172 0.066741
vt 0.350224 0.066719
vt 0.350186 0.066145
vt 0.350171 0.066196
vt 0.349874 0.066208
vt 0.349908 0.066249
vt 0.350123 0.066804
vt 0.350117 0.066751
vt 0.350247 0.066170
vt 0.349929 0.066171
vt 0.349954 0.066218
vt 0.350057 0.066804
vt 0.350062 0.066751
vt 0.350303 0.066206
vt 0.349990 0.066145
vt 0.350006 0.066196
vt 0.349992 0.066791
vt 0.350007 0.066741
vt 0.350350 0.066253
vt 0.350309 0.066287
vt 0.349930 0.066767
vt 0.349955 0.066719
vt 0.350387 0.066308
vt 0.350340 0.066333
vt 0.349875 0.066730
vt 0.349909 0.066689
vt 0.350412 0.066369
vt 0.350361 0.066385
vt 0.349829 0.066683
vt 0.349870 0.066649
vt 0.350425 0.066434
vt 0.350372 0.066440
vt 0.349792 0.066628
vt 0.349838 0.066603
vt 0.350425 0.066500
vt 0.350372 0.066495
vt 0.349766 0.066567
vt 0.349817 0.066551
vt 0.350413 0.066565
vt 0.350362 0.066550
vt 0.349753 0.066502
vt 0.349806 0.066497
vt 0.350387 0.066627
vt 0.350341 0.066602
vt 0.349753 0.066436
vt 0.349806 0.066441
vt 0.350351 0.066682
vt 0.350310 0.066649
vt 0.349766 0.066371
vt 0.349817 0.066386
vt 0.350304 0.066729
vt 0.350270 0.066688
vt 0.350019 0.066237
vt 0.349975 0.066255
vt 0.350019 0.066699
vt 0.350065 0.066709
vt 0.350276 0.066315
vt 0.349975 0.066681
vt 0.350302 0.066354
vt 0.349936 0.066655
vt 0.350320 0.066398
vt 0.349902 0.066621
vt 0.350330 0.066444
vt 0.349876 0.066582
vt 0.350330 0.066492
vt 0.349858 0.066538
vt 0.350320 0.066538
vt 0.349849 0.066492
vt 0.350302 0.066582
vt 0.349849 0.066445
vt 0.350276 0.066621
vt 0.349858 0.066398
vt 0.350243 0.066655
vt 0.350065 0.066228
vt 0.349876 0.066354
vt 0.350203 0.066681
vt 0.350113 0.066228
vt 0.349902 0.066315
vt 0.350159 0.066699
vt 0.350159 0.066237
vt 0.349936 0.066281
vt 0.350113 0.066709
vt 0.350268 0.066373
vt 0.350246 0.066339
vt 0.349960 0.066625
vt 0.349993 0.066647
vt 0.350283 0.066409
vt 0.349932 0.066597
vt 0.350291 0.066448
vt 0.349910 0.066564
vt 0.350291 0.066488
vt 0.349895 0.066527
vt 0.350283 0.066527
vt 0.349887 0.066488
vt 0.350268 0.066564
vt 0.349887 0.066448
vt 0.350246 0.066597
vt 0.349895 0.066409
vt 0.350218 0.066625
vt 0.350069 0.066266
vt 0.350030 0.066274
vt 0.349910 0.066372
vt 0.350185 0.066647
vt 0.350109 0.066266
vt 0.349932 0.066339
vt 0.350148 0.066662
vt 0.350148 0.066274
vt 0.349960 0.066311
vt 0.350109 0.066670
vt 0.350185 0.066289
vt 0.349993 0.066289
vt 0.350069 0.066670
vt 0.350218 0.066311
vt 0.350030 0.066663
vt 0.350230 0.066482
vt 0.350230 0.066454
vt 0.349953 0.066509
vt 0.349964 0.066535
vt 0.350225 0.066509
vt 0.349948 0.066482
vt 0.350214 0.066535
vt 0.349948 0.066454
vt 0.350199 0.066558
vt 0.349953 0.066427
vt 0.350179 0.066578
vt 0.350075 0.066327
vt 0.350048 0.066332
vt 0.349964 0.066401
vt 0.350156 0.066593
vt 0.350103 0.066327
vt 0.349979 0.066378
vt 0.350130 0.066604
vt 0.350130 0.066332
vt 0.349999 0.066358
vt 0.350103 0.066609
vt 0.350156 0.066343
vt 0.350022 0.066343
vt 0.350075 0.066609
vt 0.350179 0.066358
vt 0.350048 0.066604
vt 0.350199 0.066378
vt 0.350022 0.066593
vt 0.350214 0.066401
vt 0.349999 0.066578
vt 0.350225 0.066427
vt 0.349979 0.066558
vt 0.350089 0.066468
s 1
usemtl atlas
f 322/354/323 323/355/323 325/356/324 324/357/324
f 324/357/324 325/356/324 327/358/325 326/359/325
f 326/359/325 327/358/325 329/360/326 328/361/326
f 328/361/326 329/360/326 331/362/327 330/363/327
f 330/363/327 331/362/327 333/364/328 332/365/328
f 332/365/328 333/364/328 335/366/329 334/367/329
f 334/367/329 335/366/329 337/368/330 336/369/330
f 336/369/330 337/368/330 339/370/331 338/371/331
f 338/371/331 339/370/331 341/372/332 340/373/332
f 340/373/332 341/372/332 343/374/333 342/375/333
f 342/375/333 343/374/333 345/376/334 344/377/334
f 344/377/334 345/376/334 347/378/335 346/379/335
f 346/379/335 347/378/335 349/380/336 348/381/336
f 348/381/336 349/380/336 351/382/337 350/383/337
f 350/383/337 351/382/337 353/384/338 352/385/338
f 352/385/338 353/384/338 355/386/339 354/387/339
f 354/388/339 355/389/339 357/390/340 356/391/340
f 356/391/340 357/390/340 359/392/341 358/393/341
f 358/393/341 359/392/341 361/394/342 360/395/342
f 360/395/342 361/394/342 363/396/343 362/397/343
f 362/397/343 363/396/343 365/398/344 364/399/344
f 364/399/344 365/398/344 367/400/345 366/401/345
f 366/401/345 367/400/345 369/402/346 368/403/346
f 368/403/346 369/402/346 371/404/347 370/405/347
f 370/405/347 371/404/347 373/406/348 372/407/348
f 372/407/348 373/406/348 375/408/349 374/409/349
f 374/409/349 375/408/349 377/410/350 376/411/350
f 376/411/350 377/410/350 379/412/351 378/413/351
f 378/413/351 379/412/351 381/414/352 380/415/352
f 380/415/352 381/414/352 383/416/353 382/417/353
f 325/418/354 323/419/354 385/420/354 383/421/354 381/422/354 379/423/354 377/424/354 375/425/354 373/426/354 371/427/354 369/428/354 367/429/354 365/430/354 363/431/354 361/432/354 359/433/354 357/434/354 355/435/354 353/436/354 351/437/354 349/438/354 347/439/354 345/440/354 343/441/354 341/442/354 339/443/354 337/444/354 335/445/354 333/446/354 331/447/354 329/448/354 327/449/354
f 382/417/353 383/416/353 385/450/355 384/451/355
f 384/451/355 385/450/355 323/355/323 322/354/323
f 366/401/356 368/403/356 409/452/356 408/453/356
f 411/454/348 412/455/349 444/456/349 443/457/348
f 322/354/356 324/357/356 387/458/356 386/459/356
f 384/451/356 322/354/356 386/459/356 417/460/356
f 340/373/356 342/375/356 396/461/356 395/462/356
f 358/393/356 360/395/356 405/463/356 404/464/356
f 376/411/356 378/413/356 414/465/356 413/466/356
f 332/365/356 334/367/356 392/467/356 391/468/356
f 350/383/356 352/385/356 401/469/356 400/470/356
f 368/403/356 370/405/356 410/471/356 409/452/356
f 324/357/356 326/359/356 388/472/356 387/458/356
f 342/375/356 344/377/356 397/473/356 396/461/356
f 360/395/356 362/397/356 406/474/356 405/463/356
f 378/413/356 380/415/356 415/475/356 414/465/356
f 334/367/356 336/369/356 393/476/356 392/467/356
f 352/385/356 354/387/356 402/477/356 401/469/356
f 370/405/356 372/407/356 411/454/356 410/471/356
f 326/359/356 328/361/356 389/478/356 388/472/356
f 344/377/356 346/379/356 398/479/356 397/473/356
f 362/397/356 364/399/356 407/480/356 406/474/356
f 380/415/356 382/417/356 416/481/356 415/475/356
f 336/369/356 338/371/356 394/482/356 393/476/356
f 354/388/356 356/391/356 403/483/356 402/484/356
f 372/407/356 374/409/356 412/455/356 411/454/356
f 328/361/356 330/363/356 390/485/356 389/478/356
f 346/379/356 348/381/356 399/486/356 398/479/356
f 364/399/356 366/401/356 408/453/356 407/480/356
f 382/417/356 384/451/356 417/460/356 416/481/356
f 338/371/356 340/373/356 395/462/356 394/482/356
f 356/391/356 358/393/356 404/464/356 403/483/356
f 374/409/356 376/411/356 413/466/356 412/455/356
f 330/363/356 332/365/356 391/468/356 390/485/356
f 348/381/356 350/383/356 400/470/356 399/486/356
f 440/487/354 441/488/354 473/489/354 472/490/354
f 398/479/335 399/486/336 431/491/336 430/492/335
f 412/455/349 413/466/350 445/493/350 444/456/349
f 399/486/336 400/470/337 432/494/337 431/491/336
f 386/459/323 387/458/324 419/495/324 418/496/323
f 413/466/350 414/465/351 446/497/351 445/493/350
f 400/470/337 401/469/338 433/498/338 432/494/337
f 387/458/324 388/472/325 420/499/325 419/495/324
f 414/465/351 415/475/352 447/500/352 446/497/351
f 401/469/338 402/477/339 434/501/339 433/498/338
f 388/472/325 389/478/326 421/502/326 420/499/325
f 415/475/352 416/481/353 448/503/353 447/500/352
f 402/484/339 403/483/340 435/504/340 434/505/339
f 389/478/326 390/485/327 422/506/327 421/502/326
f 416/481/353 417/460/355 449/507/355 448/503/353
f 403/483/340 404/464/341 436/508/341 435/504/340
f 390/485/327 391/468/328 423/509/328 422/506/327
f 417/460/355 386/459/323 418/496/323 449/507/355
f 404/464/341 405/463/342 437/510/342 436/508/341
f 391/468/328 392/467/329 424/511/329 423/509/328
f 405/463/342 406/474/343 438/512/343 437/510/342
f 392/467/329 393/476/330 425/513/330 424/511/329
f 406/474/343 407/480/344 439/514/344 438/512/343
f 393/476/330 394/482/331 426/515/331 425/513/330
f 407/480/344 408/453/345 440/487/345 439/514/344
f 394/482/331 395/462/332 427/516/332 426/515/331
f 408/453/345 409/452/346 441/488/346 440/487/345
f 395/462/332 396/461/333 428/517/333 427/516/332
f 409/452/346 410/471/347 442/518/347 441/488/346
f 396/461/333 397/473/334 429/519/334 428/517/333
f 410/471/347 411/454/348 443/457/348 442/518/347
f 397/473/334 398/479/335 430/492/335 429/519/334
f 475/520/348 476/521/349 508/522/349 507/523/348
f 427/516/354 428/517/354 460/524/354 459/525/354
f 441/488/354 442/518/354 474/526/354 473/489/354
f 428/517/354 429/519/354 461/527/354 460/524/354
f 442/518/354 443/457/354 475/520/354 474/526/354
f 429/519/354 430/492/354 462/528/354 461/527/354
f 443/457/354 444/456/354 476/521/354 475/520/354
f 430/492/354 431/491/354 463/529/354 462/528/354
f 444/456/354 445/493/354 477/530/354 476/521/354
f 431/491/354 432/494/354 464/531/354 463/529/354
f 418/496/354 419/495/354 451/532/354 450/533/354
f 445/493/354 446/497/354 478/534/354 477/530/354
f 432/494/354 433/498/354 465/535/354 464/531/354
f 419/495/354 420/499/354 452/536/354 451/532/354
f 446/497/354 447/500/354 479/537/354 478/534/354
f 433/498/354 434/501/354 466/538/354 465/535/354
f 420/499/354 421/502/354 453/539/354 452/536/354
f 447/500/354 448/503/354 480/540/354 479/537/354
f 434/505/354 435/504/354 467/541/354 466/542/354
f 421/502/354 422/506/354 454/543/354 453/539/354
f 448/503/354 449/507/354 481/544/354 480/540/354
f 435/504/354 436/508/354 468/545/354 467/541/354
f 422/506/354 423/509/354 455/546/354 454/543/354
f 449/507/354 418/496/354 450/533/354 481/544/354
f 436/508/354 437/510/354 469/547/354 468/545/354
f 423/509/354 424/511/354 456/548/354 455/546/354
f 437/510/354 438/512/354 470/549/354 469/547/354
f 424/511/354 425/513/354 457/550/354 456/548/354
f 438/512/354 439/514/354 471/551/354 470/549/354
f 425/513/354 426/515/354 458/552/354 457/550/354
f 439/514/354 440/487/354 472/490/354 471/551/354
f 426/515/354 427/516/354 459/525/354 458/552/354
f 483/553/356 484/554/356 516/555/356 515/556/356
f 462/528/335 463/529/336 495/557/336 494/558/335
f 476/521/349 477/530/350 509/559/350 508/522/349
f 463/529/336 464/531/337 496/560/337 495/557/336
f 450/533/323 451/532/324 483/561/324 482/562/323
f 477/530/350 478/534/351 510/563/351 509/559/350
f 464/531/337 465/535/338 497/564/338 496/560/337
f 451/532/324 452/536/325 484/565/325 483/561/324
f 478/534/351 479/537/352 511/566/352 510/563/351
f 465/535/338 466/538/339 498/567/339 497/564/338
f 452/536/325 453/539/326 485/568/326 484/565/325
f 479/537/352 480/540/353 512/569/353 511/566/352
f 466/542/339 467/541/340 499/570/340 498/571/339
f 453/539/326 454/543/327 486/572/327 485/568/326
f 480/540/353 481/544/355 513/573/355 512/569/353
f 467/541/340 468/545/341 500/574/341 499/570/340
f 454/543/327 455/546/328 487/575/328 486/572/327
f 481/544/355 450/533/323 482/562/323 513/573/355
f 468/545/341 469/547/342 501/576/342 500/574/341
f 455/546/328 456/548/329 488/577/329 487/575/328
f 469/547/342 470/549/343 502/578/343 501/576/342
f 456/548/329 457/550/330 489/579/330 488/577/329
f 470/549/343 471/551/344 503/580/344 502/578/343
f 457/550/330 458/552/331 490/581/331 489/579/330
f 471/551/344 472/490/345 504/582/345 503/580/344
f 458/552/331 459/525/332 491/583/332 490/581/331
f 472/490/345 473/489/346 505/584/346 504/582/345
f 459/525/332 460/524/333 492/585/333 491/583/332
f 473/489/346 474/526/347 506/586/347 505/584/346
f 460/524/333 461/527/334 493/587/334 492/585/333
f 474/526/347 475/520/348 507/523/348 506/586/347
f 461/527/334 462/528/335 494/558/335 493/587/334
f 518/588/343 519/589/344 551/590/357 550/591/358
f 510/592/356 511/593/356 543/594/356 542/595/356
f 497/596/356 498/597/356 530/598/356 529/599/356
f 484/554/356 485/600/356 517/601/356 516/555/356
f 511/593/356 512/602/356 544/603/356 543/594/356
f 498/597/356 499/604/356 531/605/356 530/598/356
f 485/600/356 486/606/356 518/588/356 517/601/356
f 512/602/356 513/607/356 545/608/356 544/603/356
f 499/604/356 500/609/356 532/610/356 531/605/356
f 486/606/356 487/611/356 519/589/356 518/588/356
f 513/607/356 482/612/356 514/613/356 545/608/356
f 500/609/356 501/614/356 533/615/356 532/610/356
f 487/611/356 488/616/356 520/617/356 519/589/356
f 501/614/356 502/618/356 534/619/356 533/615/356
f 488/616/356 489/620/356 521/621/356 520/617/356
f 502/618/356 503/622/356 535/623/356 534/619/356
f 489/620/356 490/624/356 522/625/356 521/621/356
f 503/622/356 504/626/356 536/627/356 535/623/356
f 490/624/356 491/628/356 523/629/356 522/625/356
f 504/626/356 505/630/356 537/631/356 536/627/356
f 491/628/356 492/632/356 524/633/356 523/629/356
f 505/630/356 506/634/356 538/635/356 537/631/356
f 492/632/356 493/636/356 525/637/356 524/633/356
f 506/634/356 507/638/356 539/639/356 538/635/356
f 493/636/356 494/640/356 526/641/356 525/637/356
f 507/638/356 508/642/356 540/643/356 539/639/356
f 494/640/356 495/644/356 527/645/356 526/641/356
f 508/642/356 509/646/356 541/647/356 540/643/356
f 495/644/356 496/648/356 528/649/356 527/645/356
f 482/612/356 483/553/356 515/556/356 514/613/356
f 509/646/356 510/592/356 542/595/356 541/647/356
f 496/648/356 497/596/356 529/599/356 528/649/356
f 545/608/338 514/613/339 546/650/359 577/651/360
f 532/610/325 533/615/326 565/652/361 564/653/362
f 519/589/344 520/617/345 552/654/363 551/590/357
f 533/615/326 534/619/327 566/655/364 565/652/361
f 520/617/345 521/621/346 553/656/365 552/654/363
f 534/619/327 535/623/328 567/657/366 566/655/364
f 521/621/346 522/625/347 554/658/367 553/656/365
f 535/623/328 536/627/329 568/659/368 567/657/366
f 522/625/347 523/629/348 555/660/369 554/658/367
f 536/627/329 537/631/330 569/661/370 568/659/368
f 523/629/348 524/633/349 556/662/371 555/660/369
f 537/631/330 538/635/331 570/663/372 569/661/370
f 524/633/349 525/637/350 557/664/373 556/662/371
f 538/635/331 539/639/332 571/665/374 570/663/372
f 525/637/350 526/641/351 558/666/375 557/664/373
f 539/639/332 540/643/333 572/667/376 571/665/374
f 526/641/351 527/645/352 559/668/377 558/666/375
f 540/643/333 541/647/334 573/669/378 572/667/376
f 527/645/352 528/649/353 560/670/379 559/668/377
f 514/613/339 515/556/340 547/671/380 546/650/359
f 541/647/334 542/595/335 574/672/381 573/669/378
f 528/649/353 529/599/355 561/673/382 560/670/379
f 515/556/340 516/555/341 548/674/383 547/671/380
f 542/595/335 543/594/336 575/675/384 574/672/381
f 529/599/355 530/598/323 562/676/385 561/673/382
f 516/555/341 517/601/342 549/677/386 548/674/383
f 543/594/336 544/603/337 576/678/387 575/675/384
f 530/598/323 531/605/324 563/679/388 562/676/385
f 517/601/342 518/588/343 550/591/358 549/677/386
f 544/603/337 545/608/338 577/651/360 576/678/387
f 531/605/324 532/610/325 564/653/362 563/679/388
f 552/654/363 553/656/365 585/680/389 584/681/390
f 566/655/364 567/657/366 599/682/391 598/683/392
f 553/656/365 554/658/367 586/684/393 585/680/389
f 567/657/366 568/659/368 600/685/394 599/682/391
f 554/658/367 555/660/369 587/686/395 586/684/393
f 568/659/368 569/661/370 601/687/396 600/685/394
f 555/660/369 556/662/371 588/688/397 587/686/395
f 569/661/370 570/663/372 602/689/398 601/687/396
f 556/662/371 557/664/373 589/690/399 588/688/397
f 570/663/372 571/665/374 603/691/400 602/689/398
f 557/664/373 558/666/375 590/692/401 589/690/399
f 571/665/374 572/667/376 604/693/402 603/691/400
f 558/666/375 559/668/377 591/694/403 590/692/401
f 572/667/376 573/669/378 605/695/404 604/693/402
f 559/668/377 560/670/379 592/696/405 591/694/403
f 546/650/359 547/671/380 579/697/406 578/698/407
f 573/669/378 574/672/381 606/699/408 605/695/404
f 560/670/379 561/673/382 593/700/409 592/696/405
f 547/671/380 548/674/383 580/701/410 579/697/406
f 574/672/381 575/675/384 607/702/411 606/699/408
f 561/673/382 562/676/385 594/703/412 593/700/409
f 548/674/383 549/677/386 581/704/413 580/701/410
f 575/675/384 576/678/387 608/705/414 607/702/411
f 562/676/385 563/679/388 595/706/415 594/703/412
f 549/677/386 550/591/358 582/707/416 581/704/413
f 576/678/387 577/651/360 609/708/417 608/705/414
f 563/679/388 564/653/362 596/709/418 595/706/415
f 550/591/358 551/590/357 583/710/419 582/707/416
f 577/651/360 546/650/359 578/698/407 609/708/417
f 564/653/362 565/652/361 597/711/420 596/709/418
f 551/590/357 552/654/363 584/681/390 583/710/419
f 565/652/361 566/655/364 598/683/392 597/711/420
f 587/686/395 588/688/397 620/712/421 619/713/422
f 601/687/396 602/689/398 634/714/423 633/715/424
f 588/688/397 589/690/399 621/716/425 620/712/421
f 602/689/398 603/691/400 635/717/426 634/714/423
f 589/690/399 590/692/401 622/718/427 621/716/425
f 603/691/400 604/693/402 636/719/428 635/717/426
f 590/692/401 591/694/403 623/720/429 622/718/427
f 604/693/402 605/695/404 637/721/430 636/719/428
f 591/694/403 592/696/405 624/722/431 623/720/429
f 578/698/407 579/697/406 611/723/432 610/724/433
f 605/695/404 606/699/408 638/725/434 637/721/430
f 592/696/405 593/700/409 625/726/435 624/722/431
f 579/697/406 580/701/410 612/727/436 611/723/432
f 606/699/408 607/702/411 639/728/437 638/725/434
f 593/700/409 594/703/412 626/729/438 625/726/435
f 580/701/410 581/704/413 613/730/439 612/727/436
f 607/702/411 608/705/414 640/731/440 639/728/437
f 594/703/412 595/706/415 627/732/441 626/729/438
f 581/704/413 582/707/416 614/733/442 613/730/439
f 608/705/414 609/708/417 641/734/443 640/731/440
f 595/706/415 596/709/418 628/735/444 627/732/441
f 582/707/416 583/710/419 615/736/445 614/733/442
f 609/708/417 578/698/407 610/724/433 641/734/443
f 596/709/418 597/711/420 629/737/446 628/735/444
f 583/710/419 584/681/390 616/738/447 615/736/445
f 597/711/420 598/683/392 630/739/448 629/737/446
f 584/681/390 585/680/389 617/740/449 616/738/447
f 598/683/392 599/682/391 631/741/450 630/739/448
f 585/680/389 586/684/393 618/742/451 617/740/449
f 599/682/391 600/685/394 632/743/452 631/741/450
f 586/684/393 587/686/395 619/713/422 618/742/451
f 600/685/394 601/687/396 633/715/424 632/743/452
f 622/718/427 623/720/429 642/744/356
f 636/719/428 637/721/430 642/744/356
f 623/720/429 624/722/431 642/744/356
f 610/724/433 611/723/432 642/744/356
f 637/721/430 638/725/434 642/744/356
f 624/722/431 625/726/435 642/744/356
f 611/723/432 612/727/436 642/744/356
f 638/725/434 639/728/437 642/744/356
f 625/726/435 626/729/438 642/744/356
f 612/727/436 613/730/439 642/744/356
f 639/728/437 640/731/440 642/744/356
f 626/729/438 627/732/441 642/744/356
f 613/730/439 614/733/442 642/744/356
f 640/731/440 641/734/443 642/744/356
f 627/732/441 628/735/444 642/744/356
f 614/733/442 615/736/445 642/744/356
f 641/734/443 610/724/433 642/744/356
f 628/735/444 629/737/446 642/744/356
f 615/736/445 616/738/447 642/744/356
f 629/737/446 630/739/448 642/744/356
f 616/738/447 617/740/449 642/744/356
f 630/739/448 631/741/450 642/744/356
f 617/740/449 618/742/451 642/744/356
f 631/741/450 632/743/452 642/744/356
f 618/742/451 619/713/422 642/744/356
f 632/743/452 633/715/424 642/744/356
f 619/713/422 620/712/421 642/744/356
f 633/715/424 634/714/423 642/744/356
f 620/712/421 621/716/425 642/744/356
f 634/714/423 635/717/426 642/744/356
f 621/716/425 622/718/427 642/744/356
f 635/717/426 636/719/428 642/744/356
o Cylinder.004
v -0.097340 0.246131 1.688021
v -0.097340 0.166908 1.688021
v -0.091493 0.246131 1.687445
v -0.091493 0.166908 1.687445
v -0.085871 0.246131 1.685740
v -0.085871 0.166908 1.685740
v -0.080690 0.246131 1.682971
v -0.080690 0.166908 1.682971
v -0.076149 0.246131 1.679244
v -0.076149 0.166908 1.679244
v -0.072422 0.246131 1.674703
v -0.072422 0.166908 1.674703
v -0.069653 0.246131 1.669521
v -0.069653 0.166908 1.669521
v -0.067947 0.246131 1.663900
v -0.067947 0.166908 1.663900
v -0.067371 0.246131 1.658053
v -0.067371 0.166908 1.658053
v -0.067947 0.246131 1.652207
v -0.067947 0.166908 1.652207
v -0.069653 0.246131 1.646585
v -0.069653 0.166908 1.646585
v -0.072422 0.246131 1.641404
v -0.072422 0.166908 1.641404
v -0.076149 0.246131 1.636862
v -0.076149 0.166908 1.636862
v -0.080690 0.246131 1.633135
v -0.080690 0.166908 1.633135
v -0.085871 0.246131 1.630366
v -0.085871 0.166908 1.630366
v -0.091493 0.246131 1.628661
v -0.091493 0.166908 1.628661
v -0.097340 0.246131 1.628085
v -0.097340 0.166908 1.628085
v -0.103186 0.246131 1.628661
v -0.103186 0.166908 1.628661
v -0.108808 0.246131 1.630366
v -0.108808 0.166908 1.630366
v -0.113989 0.246131 1.633135
v -0.113989 0.166908 1.633135
v -0.118530 0.246131 1.636862
v -0.118530 0.166908 1.636862
v -0.122257 0.246131 1.641404
v -0.122257 0.166908 1.641404
v -0.125027 0.246131 1.646585
v -0.125027 0.166908 1.646585
v -0.126732 0.246131 1.652207
v -0.126732 0.166908 1.652207
v -0.127308 0.246131 1.658053
v -0.127308 0.166908 1.658053
v -0.126732 0.246131 1.663900
v -0.126732 0.166908 1.663900
v -0.125027 0.246131 1.669521
v -0.125027 0.166908 1.669521
v -0.122257 0.246131 1.674703
v -0.122257 0.166908 1.674703
v -0.118530 0.246131 1.679244
v -0.118530 0.166908 1.679244
v -0.113989 0.246131 1.682971
v -0.113989 0.166908 1.682971
v -0.108808 0.246131 1.685740
v -0.108808 0.166908 1.685740
v -0.103186 0.246131 1.687445
v -0.103186 0.166908 1.687445
v -0.097340 0.246131 1.681259
v -0.092812 0.246131 1.680813
v -0.088459 0.246131 1.679493
v -0.084447 0.246131 1.677348
v -0.080930 0.246131 1.674462
v -0.078044 0.246131 1.670946
v -0.075900 0.246131 1.666934
v -0.074579 0.246131 1.662580
v -0.074133 0.246131 1.658053
v -0.074579 0.246131 1.653526
v -0.075900 0.246131 1.649172
v -0.078044 0.246131 1.645160
v -0.080930 0.246131 1.641644
v -0.084447 0.246131 1.638758
v -0.088459 0.246131 1.636613
v -0.092812 0.246131 1.635293
v -0.097340 0.246131 1.634847
v -0.101867 0.246131 1.635293
v -0.106220 0.246131 1.636613
v -0.110232 0.246131 1.638758
v -0.113749 0.246131 1.641644
v -0.116635 0.246131 1.645160
v -0.118779 0.246131 1.649172
v -0.120100 0.246131 1.653526
v -0.120546 0.246131 1.658053
v -0.120100 0.246131 1.662580
v -0.118779 0.246131 1.666934
v -0.116635 0.246131 1.670946
v -0.113749 0.246131 1.674462
v -0.110232 0.246131 1.677348
v -0.106220 0.246131 1.679493
v -0.101867 0.246131 1.680813
v -0.097340 0.238478 1.681259
v -0.092812 0.238478 1.680813
v -0.088459 0.238478 1.679493
v -0.084447 0.238478 1.677348
v -0.080930 0.238478 1.674462
v -0.078044 0.238478 1.670946
v -0.075900 0.238478 1.666934
v -0.074579 0.238478 1.662580
v -0.074133 0.238478 1.658053
v -0.074579 0.238478 1.653526
v -0.075900 0.238478 1.649172
v -0.078044 0.238478 1.645160
v -0.080930 0.238478 1.641644
v -0.084447 0.238478 1.638758
v -0.088459 0.238478 1.636613
v -0.092812 0.238478 1.635293
v -0.097340 0.238478 1.634847
v -0.101867 0.238478 1.635293
v -0.106220 0.238478 1.636613
v -0.110232 0.238478 1.638758
v -0.113749 0.238478 1.641644
v -0.116635 0.238478 1.645160
v -0.118779 0.238478 1.649172
v -0.120100 0.238478 1.653526
v -0.120546 0.238478 1.658053
v -0.120100 0.238478 1.662580
v -0.118779 0.238478 1.666934
v -0.116635 0.238478 1.670946
v -0.113749 0.238478 1.674462
v -0.110232 0.238478 1.677348
v -0.106220 0.238478 1.679493
v -0.101867 0.238478 1.680813
vn -0.0000 -0.0000 1.0000
vn 0.1951 -0.0000 0.9808
vn 0.3827 -0.0000 0.9239
vn 0.5556 -0.0000 0.8315
vn 0.7071 -0.0000 0.7071
vn 0.8315 -0.0000 0.5556
vn 0.9239 -0.0000 0.3827
vn 0.9808 -0.0000 0.1951
vn 1.0000 -0.0000 -0.0000
vn 0.9808 -0.0000 -0.1951
vn 0.9239 -0.0000 -0.3827
vn 0.8315 -0.0000 -0.5556
vn 0.7071 -0.0000 -0.7071
vn 0.5556 -0.0000 -0.8315
vn 0.3827 -0.0000 -0.9239
vn 0.1951 -0.0000 -0.9808
vn -0.0000 -0.0000 -1.0000
vn -0.1951 -0.0000 -0.9808
vn -0.3827 -0.0000 -0.9239
vn -0.5556 -0.0000 -0.8315
vn -0.7071 -0.0000 -0.7071
vn -0.8315 -0.0000 -0.5556
vn -0.9239 -0.0000 -0.3827
vn -0.9808 -0.0000 -0.1951
vn -1.0000 -0.0000 -0.0000
vn -0.9808 -0.0000 0.1951
vn -0.9239 -0.0000 0.3827
vn -0.8315 -0.0000 0.5556
vn -0.7071 -0.0000 0.7071
vn -0.5556 -0.0000 0.8315
vn -0.3827 -0.0000 0.9239
vn -0.0000 -1.0000 -0.0000
vn -0.1951 -0.0000 0.9808
vn -0.0000 1.0000 -0.0000
vn 0.6052 0.6857 0.4044
vn 0.5147 0.6857 0.5147
vn -0.0000 0.6857 -0.7279
vn -0.1420 0.6857 -0.7139
vn -0.2785 0.6857 -0.6725
vn -0.4044 0.6857 -0.6052
vn -0.5147 0.6857 -0.5147
vn -0.6052 0.6857 -0.4044
vn -0.6725 0.6857 -0.2785
vn -0.7139 0.6857 -0.1420
vn -0.7279 0.6857 -0.0000
vn -0.7139 0.6857 0.1420
vn -0.6725 0.6857 0.2785
vn -0.6052 0.6857 0.4044
vn -0.5147 0.6857 0.5147
vn -0.4044 0.6857 0.6052
vn -0.2785 0.6857 0.6725
vn -0.1420 0.6857 0.7139
vn -0.0000 0.6857 0.7279
vn 0.1420 0.6857 0.7139
vn 0.2785 0.6857 0.6725
vn 0.4044 0.6857 0.6052
vn 0.6725 0.6857 0.2785
vn 0.7139 0.6857 0.1420
vn 0.7279 0.6857 -0.0000
vn 0.7139 0.6857 -0.1420
vn 0.6725 0.6857 -0.2785
vn 0.6052 0.6857 -0.4044
vn 0.5147 0.6857 -0.5147
vn 0.4044 0.6857 -0.6052
vn 0.2785 0.6857 -0.6725
vn 0.1420 0.6857 -0.7139
vt 0.426659 0.376915
vt 0.316189 0.376915
vt 0.316189 0.376113
vt 0.426659 0.376113
vt 0.316189 0.373735
vt 0.426659 0.373735
vt 0.316189 0.369873
vt 0.426659 0.369873
vt 0.316189 0.364676
vt 0.426659 0.364676
vt 0.316189 0.358344
vt 0.426659 0.358344
vt 0.316189 0.351119
vt 0.426659 0.351119
vt 0.316189 0.343280
vt 0.426659 0.343280
vt 0.316189 0.335128
vt 0.426659 0.335128
vt 0.316189 0.326975
vt 0.426659 0.326975
vt 0.316189 0.319136
vt 0.426659 0.319136
vt 0.316189 0.311912
vt 0.426659 0.311912
vt 0.316189 0.305579
vt 0.426659 0.305579
vt 0.316189 0.300382
vt 0.426659 0.300382
vt 0.316189 0.296521
vt 0.426659 0.296521
vt 0.316189 0.294143
vt 0.426659 0.294143
vt 0.316189 0.293340
vt 0.426659 0.293340
vt 0.426659 0.341441
vt 0.426659 0.312246
vt 0.426659 0.317150
vt 0.415987 0.317150
vt 0.415987 0.312246
vt 0.426659 0.303390
vt 0.426659 0.302769
vt 0.426659 0.347511
vt 0.426659 0.358009
vt 0.426659 0.362033
vt 0.426659 0.308222
vt 0.426659 0.322744
vt 0.426659 0.366865
vt 0.426659 0.365023
vt 0.426659 0.328815
vt 0.426659 0.305232
vt 0.426659 0.353105
vt 0.426659 0.367487
vt 0.415987 0.367487
vt 0.415987 0.366865
vt 0.415987 0.365023
vt 0.415987 0.362033
vt 0.415987 0.358009
vt 0.415987 0.353105
vt 0.415987 0.347511
vt 0.415987 0.341441
vt 0.415987 0.335128
vt 0.415987 0.328815
vt 0.415987 0.322744
vt 0.415987 0.308222
vt 0.415987 0.305232
vt 0.415987 0.303390
vt 0.415987 0.302769
s 1
usemtl atlas
f 643/745/453 644/746/453 646/747/454 645/748/454
f 645/748/454 646/747/454 648/749/455 647/750/455
f 647/750/455 648/749/455 650/751/456 649/752/456
f 649/752/456 650/751/456 652/753/457 651/754/457
f 651/754/457 652/753/457 654/755/458 653/756/458
f 653/756/458 654/755/458 656/757/459 655/758/459
f 655/758/459 656/757/459 658/759/460 657/760/460
f 657/760/460 658/759/460 660/761/461 659/762/461
f 659/762/461 660/761/461 662/763/462 661/764/462
f 661/764/462 662/763/462 664/765/463 663/766/463
f 663/766/463 664/765/463 666/767/464 665/768/464
f 665/768/464 666/767/464 668/769/465 667/770/465
f 667/770/465 668/769/465 670/771/466 669/772/466
f 669/772/466 670/771/466 672/773/467 671/774/467
f 671/774/467 672/773/467 674/775/468 673/776/468
f 673/776/468 674/775/468 676/777/469 675/778/469
f 675/778/469 676/777/469 678/775/470 677/776/470
f 677/776/470 678/775/470 680/773/471 679/774/471
f 679/774/471 680/773/471 682/771/472 681/772/472
f 681/772/472 682/771/472 684/769/473 683/770/473
f 683/770/473 684/769/473 686/767/474 685/768/474
f 685/768/474 686/767/474 688/765/475 687/766/475
f 687/766/475 688/765/475 690/763/476 689/764/476
f 689/764/476 690/763/476 692/761/477 691/762/477
f 691/762/477 692/761/477 694/759/478 693/760/478
f 693/760/478 694/759/478 696/757/479 695/758/479
f 695/758/479 696/757/479 698/755/480 697/756/480
f 697/756/480 698/755/480 700/753/481 699/754/481
f 699/754/481 700/753/481 702/751/482 701/752/482
f 701/752/482 702/751/482 704/749/483 703/750/483
f 646/747/484 644/746/484 706/747/484 704/749/484 702/751/484 700/753/484 698/755/484 696/757/484 694/759/484 692/761/484 690/763/484 688/765/484 686/767/484 684/769/484 682/771/484 680/773/484 678/775/484 676/777/484 674/775/484 672/773/484 670/771/484 668/769/484 666/767/484 664/765/484 662/763/484 660/761/484 658/759/484 656/757/484 654/755/484 652/753/484 650/751/484 648/749/484
f 703/750/483 704/749/483 706/747/485 705/748/485
f 705/748/485 706/747/485 644/746/453 643/745/453
f 657/760/486 659/762/486 715/762/486 714/779/486
f 727/780/457 728/781/458 760/782/487 759/783/488
f 675/778/486 677/776/486 724/784/486 723/785/486
f 693/760/486 695/758/486 733/786/486 732/779/486
f 649/752/486 651/754/486 711/787/486 710/788/486
f 667/770/486 669/772/486 720/789/486 719/780/486
f 685/768/486 687/766/486 729/790/486 728/781/486
f 703/750/486 705/748/486 738/791/486 737/792/486
f 659/762/486 661/764/486 716/793/486 715/762/486
f 677/776/486 679/774/486 725/794/486 724/784/486
f 695/758/486 697/756/486 734/795/486 733/786/486
f 651/754/486 653/756/486 712/795/486 711/787/486
f 669/772/486 671/774/486 721/794/486 720/789/486
f 687/766/486 689/764/486 730/793/486 729/790/486
f 643/745/486 645/748/486 708/791/486 707/796/486
f 705/748/486 643/745/486 707/796/486 738/791/486
f 661/764/486 663/766/486 717/790/486 716/793/486
f 679/774/486 681/772/486 726/789/486 725/794/486
f 697/756/486 699/754/486 735/787/486 734/795/486
f 653/756/486 655/758/486 713/786/486 712/795/486
f 671/774/486 673/776/486 722/784/486 721/794/486
f 689/764/486 691/762/486 731/762/486 730/793/486
f 645/748/486 647/750/486 709/792/486 708/791/486
f 663/766/486 665/768/486 718/781/486 717/790/486
f 681/772/486 683/770/486 727/780/486 726/789/486
f 699/754/486 701/752/486 736/788/486 735/787/486
f 655/758/486 657/760/486 714/779/486 713/786/486
f 673/776/486 675/778/486 723/785/486 722/784/486
f 691/762/486 693/760/486 732/779/486 731/762/486
f 647/750/486 649/752/486 710/788/486 709/792/486
f 665/768/486 667/770/486 719/780/486 718/781/486
f 683/770/486 685/768/486 728/781/486 727/780/486
f 701/752/486 703/750/486 737/792/486 736/788/486
f 739/797/489 740/798/490 741/799/491 742/800/492 743/801/493 744/802/494 745/803/495 746/804/496 747/805/497 748/806/498 749/807/499 750/782/500 751/783/501 752/808/502 753/809/503 754/810/504 755/811/505 756/810/506 757/809/507 758/808/508 759/783/488 760/782/487 761/807/509 762/806/510 763/805/511 764/804/512 765/803/513 766/802/514 767/801/515 768/800/516 769/799/517 770/798/518
f 714/779/476 715/762/477 747/805/497 746/804/496
f 728/781/458 729/790/459 761/807/509 760/782/487
f 715/762/477 716/793/478 748/806/498 747/805/497
f 729/790/459 730/793/460 762/806/510 761/807/509
f 716/793/478 717/790/479 749/807/499 748/806/498
f 730/793/460 731/762/461 763/805/511 762/806/510
f 717/790/479 718/781/480 750/782/500 749/807/499
f 731/762/461 732/779/462 764/804/512 763/805/511
f 718/781/480 719/780/481 751/783/501 750/782/500
f 732/779/462 733/786/463 765/803/513 764/804/512
f 719/780/481 720/789/482 752/808/502 751/783/501
f 733/786/463 734/795/464 766/802/514 765/803/513
f 720/789/482 721/794/483 753/809/503 752/808/502
f 707/796/469 708/791/470 740/798/490 739/797/489
f 734/795/464 735/787/465 767/801/515 766/802/514
f 721/794/483 722/784/485 754/810/504 753/809/503
f 708/791/470 709/792/471 741/799/491 740/798/490
f 735/787/465 736/788/466 768/800/516 767/801/515
f 722/784/485 723/785/453 755/811/505 754/810/504
f 709/792/471 710/788/472 742/800/492 741/799/491
f 736/788/466 737/792/467 769/799/517 768/800/516
f 723/785/453 724/784/454 756/810/506 755/811/505
f 710/788/472 711/787/473 743/801/493 742/800/492
f 737/792/467 738/791/468 770/798/518 769/799/517
f 724/784/454 725/794/455 757/809/507 756/810/506
f 711/787/473 712/795/474 744/802/494 743/801/493
f 738/791/468 707/796/469 739/797/489 770/798/518
f 725/794/455 726/789/456 758/808/508 757/809/507
f 712/795/474 713/786/475 745/803/495 744/802/494
f 726/789/456 727/780/457 759/783/488 758/808/508
f 713/786/475 714/779/476 746/804/496 745/803/495
o Cylinder.005
v 0.000000 0.097876 1.504685
v 0.000000 0.119873 1.673887
v 0.019095 0.095995 1.504685
v 0.023386 0.117569 1.673887
v 0.037456 0.090426 1.504685
v 0.045873 0.110748 1.673887
v 0.054377 0.081381 1.504685
v 0.066598 0.099670 1.673887
v 0.069209 0.069209 1.504685
v 0.084763 0.084763 1.673887
v 0.081381 0.054377 1.504685
v 0.099671 0.066598 1.673887
v 0.090426 0.037455 1.504685
v 0.110748 0.045873 1.673887
v 0.095995 0.019095 1.504685
v 0.117569 0.023386 1.673887
v 0.097876 0.000000 1.504685
v 0.119873 0.000000 1.673887
v 0.095995 -0.019095 1.504685
v 0.117569 -0.023386 1.673887
v 0.090426 -0.037455 1.504685
v 0.110748 -0.045873 1.673887
v 0.081381 -0.054377 1.504685
v 0.099671 -0.066598 1.673887
v 0.069209 -0.069209 1.504685
v 0.084763 -0.084763 1.673887
v 0.054377 -0.081381 1.504685
v 0.066598 -0.099670 1.673887
v 0.037456 -0.090426 1.504685
v 0.045873 -0.110748 1.673887
v 0.019095 -0.095995 1.504685
v 0.023386 -0.117569 1.673887
v 0.000000 -0.097876 1.504685
v 0.000000 -0.119873 1.673887
v -0.019095 -0.095995 1.504685
v -0.023386 -0.117569 1.673887
v -0.037455 -0.090426 1.504685
v -0.045873 -0.110748 1.673887
v -0.054377 -0.081381 1.504685
v -0.066598 -0.099670 1.673887
v -0.069209 -0.069209 1.504685
v -0.084763 -0.084763 1.673887
v -0.081381 -0.054377 1.504685
v -0.099670 -0.066598 1.673887
v -0.090425 -0.037455 1.504685
v -0.110748 -0.045873 1.673887
v -0.095995 -0.019095 1.504685
v -0.117569 -0.023386 1.673887
v -0.097876 0.000000 1.504685
v -0.119873 0.000000 1.673887
v -0.095995 0.019095 1.504685
v -0.117569 0.023386 1.673887
v -0.090425 0.037455 1.504685
v -0.110748 0.045873 1.673887
v -0.081381 0.054377 1.504685
v -0.099670 0.066598 1.673887
v -0.069209 0.069209 1.504685
v -0.084763 0.084763 1.673887
v -0.054377 0.081381 1.504685
v -0.066598 0.099670 1.673887
v -0.037455 0.090426 1.504685
v -0.045873 0.110748 1.673887
v -0.019095 0.095995 1.504685
v -0.023386 0.117569 1.673887
v 0.000000 0.057886 1.483124
v 0.011293 0.056774 1.483124
v 0.022152 0.053480 1.483124
v 0.032160 0.048130 1.483124
v 0.040932 0.040932 1.483124
v 0.048131 0.032160 1.483124
v 0.053480 0.022152 1.483124
v 0.056774 0.011293 1.483124
v 0.057886 0.000000 1.483124
v 0.056774 -0.011293 1.483124
v 0.053480 -0.022152 1.483124
v 0.048131 -0.032160 1.483124
v 0.040932 -0.040932 1.483124
v 0.032160 -0.048130 1.483124
v 0.022152 -0.053480 1.483124
v 0.011293 -0.056774 1.483124
v 0.000000 -0.057886 1.483124
v -0.011293 -0.056774 1.483124
v -0.022152 -0.053480 1.483124
v -0.032160 -0.048130 1.483124
v -0.040931 -0.040932 1.483124
v -0.048130 -0.032160 1.483124
v -0.053480 -0.022152 1.483124
v -0.056774 -0.011293 1.483124
v -0.057886 0.000000 1.483124
v -0.056774 0.011293 1.483124
v -0.053480 0.022152 1.483124
v -0.048130 0.032160 1.483124
v -0.040931 0.040932 1.483124
v -0.032160 0.048130 1.483124
v -0.022152 0.053480 1.483124
v -0.011293 0.056774 1.483124
v 0.000000 0.057886 1.404902
v 0.011293 0.056774 1.404902
v 0.022152 0.053480 1.404902
v 0.032160 0.048130 1.404902
v 0.040932 0.040932 1.404902
v 0.048131 0.032160 1.404902
v 0.053480 0.022152 1.404902
v 0.056774 0.011293 1.404902
v 0.057886 0.000000 1.404902
v 0.056774 -0.011293 1.404902
v 0.053480 -0.022152 1.404902
v 0.048131 -0.032160 1.404902
v 0.040932 -0.040932 1.404902
v 0.032160 -0.048130 1.404902
v 0.022152 -0.053480 1.404902
v 0.011293 -0.056774 1.404902
v 0.000000 -0.057886 1.404902
v -0.011293 -0.056774 1.404902
v -0.022152 -0.053480 1.404902
v -0.032160 -0.048130 1.404902
v -0.040931 -0.040932 1.404902
v -0.048130 -0.032160 1.404902
v -0.053480 -0.022152 1.404902
v -0.056774 -0.011293 1.404902
v -0.057886 0.000000 1.404902
v -0.056774 0.011293 1.404902
v -0.053480 0.022152 1.404902
v -0.048130 0.032160 1.404902
v -0.040931 0.040932 1.404902
v -0.032160 0.048130 1.404902
v -0.022152 0.053480 1.404902
v -0.011293 0.056774 1.404902
vn -0.0000 0.9917 -0.1289
vn 0.1935 0.9726 -0.1289
vn 0.3795 0.9162 -0.1289
vn 0.5509 0.8245 -0.1289
vn 0.7012 0.7012 -0.1289
vn 0.8245 0.5509 -0.1289
vn 0.9162 0.3795 -0.1289
vn 0.9726 0.1935 -0.1289
vn 0.9917 -0.0000 -0.1289
vn 0.9726 -0.1935 -0.1289
vn 0.9162 -0.3795 -0.1289
vn 0.8245 -0.5509 -0.1289
vn 0.7012 -0.7012 -0.1289
vn 0.5509 -0.8245 -0.1289
vn 0.3795 -0.9162 -0.1289
vn 0.1935 -0.9726 -0.1289
vn -0.0000 -0.9917 -0.1289
vn -0.1935 -0.9726 -0.1289
vn -0.3795 -0.9162 -0.1289
vn -0.5509 -0.8245 -0.1289
vn -0.7012 -0.7012 -0.1289
vn -0.8245 -0.5509 -0.1289
vn -0.9162 -0.3795 -0.1289
vn -0.9726 -0.1935 -0.1289
vn -0.9917 -0.0000 -0.1289
vn -0.9726 0.1935 -0.1289
vn -0.9162 0.3795 -0.1289
vn -0.8245 0.5509 -0.1289
vn -0.7012 0.7012 -0.1289
vn -0.5509 0.8245 -0.1289
vn -0.3795 0.9162 -0.1289
vn -0.0000 -0.0000 1.0000
vn -0.1935 0.9726 -0.1289
vn -0.1816 0.4384 -0.8802
vn -0.0926 0.4655 -0.8802
vn -0.9239 -0.3827 -0.0000
vn -0.9808 -0.1951 -0.0000
vn 0.4746 -0.0000 -0.8802
vn 0.4655 -0.0926 -0.8802
vn -0.0926 -0.4655 -0.8802
vn -0.1816 -0.4384 -0.8802
vn -0.4384 0.1816 -0.8802
vn -0.3946 0.2637 -0.8802
vn 0.3356 0.3356 -0.8802
vn 0.3946 0.2637 -0.8802
vn 0.2637 -0.3946 -0.8802
vn 0.1816 -0.4384 -0.8802
vn -0.0000 0.4746 -0.8802
vn 0.0926 0.4655 -0.8802
vn -0.4384 -0.1816 -0.8802
vn -0.4655 -0.0926 -0.8802
vn 0.4384 -0.1816 -0.8802
vn -0.2637 -0.3946 -0.8802
vn -0.3356 0.3356 -0.8802
vn 0.4384 0.1816 -0.8802
vn 0.0926 -0.4655 -0.8802
vn -0.4746 -0.0000 -0.8802
vn 0.1816 0.4384 -0.8802
vn 0.3946 -0.2637 -0.8802
vn -0.3356 -0.3356 -0.8802
vn -0.2637 0.3946 -0.8802
vn 0.4655 0.0926 -0.8802
vn -0.0000 -0.4746 -0.8802
vn -0.4655 0.0926 -0.8802
vn 0.2637 0.3946 -0.8802
vn 0.3356 -0.3356 -0.8802
vn -0.3946 -0.2637 -0.8802
vn -0.0000 -0.0000 -1.0000
vn 0.9808 -0.1951 -0.0000
vn 0.9239 -0.3827 -0.0000
vn -1.0000 -0.0000 -0.0000
vn 0.8315 -0.5556 -0.0000
vn -0.9808 0.1951 -0.0000
vn 0.7071 -0.7071 -0.0000
vn -0.9239 0.3827 -0.0000
vn 0.5556 -0.8315 -0.0000
vn -0.8315 0.5556 -0.0000
vn 0.3827 -0.9239 -0.0000
vn -0.0000 1.0000 -0.0000
vn 0.1951 0.9808 -0.0000
vn -0.7071 0.7071 -0.0000
vn 0.1951 -0.9808 -0.0000
vn 0.3827 0.9239 -0.0000
vn -0.5556 0.8315 -0.0000
vn -0.0000 -1.0000 -0.0000
vn 0.5556 0.8315 -0.0000
vn -0.3827 0.9239 -0.0000
vn -0.1951 -0.9808 -0.0000
vn 0.7071 0.7071 -0.0000
vn -0.1951 0.9808 -0.0000
vn -0.3827 -0.9239 -0.0000
vn 0.8315 0.5556 -0.0000
vn -0.5556 -0.8315 -0.0000
vn 0.9239 0.3827 -0.0000
vn -0.7071 -0.7071 -0.0000
vn 0.9808 0.1951 -0.0000
vn -0.8315 -0.5556 -0.0000
vn 1.0000 -0.0000 -0.0000
vt 0.633679 0.168697
vt 0.762903 0.168697
vt 0.762903 0.186558
vt 0.633679 0.183281
vt 0.762903 0.203732
vt 0.633679 0.197303
vt 0.762903 0.219560
vt 0.633679 0.210227
vt 0.762903 0.233433
vt 0.633679 0.221554
vt 0.762903 0.244819
vt 0.633679 0.230850
vt 0.762903 0.254509
vt 0.633679 0.238988
vt 0.762903 0.264025
vt 0.633679 0.247548
vt 0.762903 0.272244
vt 0.633679 0.255444
vt 0.762903 0.263410
vt 0.633679 0.246933
vt 0.762903 0.254201
vt 0.633679 0.238681
vt 0.762903 0.150837
vt 0.633679 0.154114
vt 0.762903 0.133663
vt 0.633679 0.140091
vt 0.762903 0.117835
vt 0.633679 0.127168
vt 0.762903 0.103962
vt 0.633679 0.115841
vt 0.762903 0.092576
vt 0.633679 0.106545
vt 0.762903 0.081040
vt 0.633679 0.096561
vt 0.762903 0.071524
vt 0.633679 0.088001
vt 0.762903 0.058999
vt 0.633679 0.075798
vt 0.762903 0.072139
vt 0.633679 0.088616
vt 0.617212 0.160073
vt 0.617212 0.151779
vt 0.617212 0.124777
vt 0.617212 0.117955
vt 0.557472 0.117955
vt 0.557472 0.124777
vt 0.617212 0.216979
vt 0.617212 0.224903
vt 0.617212 0.131939
vt 0.617212 0.205456
vt 0.617212 0.199958
vt 0.617212 0.185615
vt 0.617212 0.193259
vt 0.617212 0.177322
vt 0.617212 0.168697
vt 0.617212 0.210464
vt 0.617212 0.144136
vt 0.617212 0.137437
vt 0.617212 0.210772
vt 0.617212 0.106340
vt 0.617212 0.217594
vt 0.617212 0.118570
vt 0.557472 0.168697
vt 0.557472 0.177322
vt 0.557472 0.185615
vt 0.557472 0.193259
vt 0.557472 0.199958
vt 0.557472 0.205456
vt 0.557472 0.210772
vt 0.557472 0.217594
vt 0.557472 0.224903
vt 0.557472 0.216979
vt 0.557472 0.210464
vt 0.557472 0.160073
vt 0.557472 0.151779
vt 0.557472 0.144136
vt 0.557472 0.137437
vt 0.557472 0.131939
vt 0.557472 0.106340
vt 0.557472 0.118570
s 1
usemtl atlas
f 771/812/519 772/813/519 774/814/520 773/815/520
f 773/815/520 774/814/520 776/816/521 775/817/521
f 775/817/521 776/816/521 778/818/522 777/819/522
f 777/819/522 778/818/522 780/820/523 779/821/523
f 779/821/523 780/820/523 782/822/524 781/823/524
f 781/823/524 782/822/524 784/824/525 783/825/525
f 783/825/525 784/824/525 786/826/526 785/827/526
f 785/827/526 786/826/526 788/828/527 787/829/527
f 787/829/527 788/828/527 790/830/528 789/831/528
f 789/831/528 790/830/528 792/832/529 791/833/529
f 791/833/529 792/832/529 794/822/530 793/823/530
f 793/823/530 794/822/530 796/820/531 795/821/531
f 795/821/531 796/820/531 798/818/532 797/819/532
f 797/819/532 798/818/532 800/816/533 799/817/533
f 799/817/533 800/816/533 802/814/534 801/815/534
f 801/815/534 802/814/534 804/813/535 803/812/535
f 803/812/535 804/813/535 806/834/536 805/835/536
f 805/835/536 806/834/536 808/836/537 807/837/537
f 807/837/537 808/836/537 810/838/538 809/839/538
f 809/839/538 810/838/538 812/840/539 811/841/539
f 811/841/539 812/840/539 814/842/540 813/843/540
f 813/843/540 814/842/540 816/844/541 815/845/541
f 815/845/541 816/844/541 818/846/542 817/847/542
f 817/847/542 818/846/542 820/848/543 819/849/543
f 819/849/543 820/848/543 822/850/544 821/851/544
f 821/851/544 822/850/544 824/844/545 823/845/545
f 823/845/545 824/844/545 826/842/546 825/843/546
f 825/843/546 826/842/546 828/840/547 827/841/547
f 827/841/547 828/840/547 830/838/548 829/839/548
f 829/839/548 830/838/548 832/836/549 831/837/549
f 774/814/550 772/813/550 834/834/550 832/836/550 830/838/550 828/840/550 826/842/550 824/844/550 822/850/550 820/848/550 818/846/550 816/844/550 814/842/550 812/840/550 810/838/550 808/836/550 806/834/550 804/813/550 802/814/550 800/816/550 798/818/550 796/820/550 794/822/550 792/832/550 790/830/550 788/828/550 786/826/550 784/824/550 782/822/550 780/820/550 778/818/550 776/816/550
f 831/837/549 832/836/549 834/834/551 833/835/551
f 833/835/551 834/834/551 772/813/519 771/812/519
f 831/837/552 833/835/553 866/852/553 865/853/552
f 857/854/554 858/855/555 890/856/555 889/857/554
f 787/829/556 789/831/557 844/858/557 843/859/556
f 805/835/558 807/837/559 853/853/559 852/852/558
f 823/845/560 825/843/561 862/860/561 861/854/560
f 779/821/562 781/823/563 840/861/563 839/862/562
f 797/819/564 799/817/565 849/863/565 848/864/564
f 771/812/566 773/815/567 836/865/567 835/866/566
f 815/845/568 817/847/569 858/855/569 857/854/568
f 833/835/553 771/812/566 835/866/566 866/852/553
f 789/831/557 791/833/570 845/867/570 844/858/557
f 807/837/559 809/839/571 854/868/571 853/853/559
f 825/843/561 827/841/572 863/869/572 862/860/561
f 781/823/563 783/825/573 841/870/573 840/861/563
f 799/817/565 801/815/574 850/865/574 849/863/565
f 817/847/569 819/849/575 859/871/575 858/855/569
f 773/815/567 775/817/576 837/863/576 836/865/567
f 791/833/570 793/823/577 846/861/577 845/867/570
f 809/839/571 811/841/578 855/869/578 854/868/571
f 827/841/572 829/839/579 864/868/579 863/869/572
f 783/825/573 785/827/580 842/872/580 841/870/573
f 801/815/574 803/812/581 851/866/581 850/865/574
f 819/849/575 821/851/582 860/873/582 859/871/575
f 775/817/576 777/819/583 838/864/583 837/863/576
f 793/823/577 795/821/584 847/862/584 846/861/577
f 811/841/578 813/843/585 856/860/585 855/869/578
f 829/839/579 831/837/552 865/853/552 864/868/579
f 785/827/580 787/829/556 843/859/556 842/872/580
f 803/812/581 805/835/558 852/852/558 851/866/581
f 821/851/582 823/845/560 861/854/560 860/873/582
f 777/819/583 779/821/562 839/862/562 838/864/583
f 795/821/584 797/819/564 848/864/564 847/862/584
f 813/843/585 815/845/568 857/854/568 856/860/585
f 867/874/586 868/875/586 869/876/586 870/877/586 871/878/586 872/879/586 873/880/586 874/881/586 875/882/586 876/883/586 877/884/586 878/879/586 879/878/586 880/877/586 881/876/586 882/875/586 883/874/586 884/885/586 885/886/586 886/887/586 887/888/586 888/889/586 889/857/586 890/856/586 891/890/586 892/891/586 893/857/586 894/889/586 895/888/586 896/887/586 897/886/586 898/885/586
f 844/858/587 845/867/588 877/884/588 876/883/587
f 858/855/555 859/871/589 891/890/589 890/856/555
f 845/867/588 846/861/590 878/879/590 877/884/588
f 859/871/589 860/873/591 892/891/591 891/890/589
f 846/861/590 847/862/592 879/878/592 878/879/590
f 860/873/591 861/854/593 893/857/593 892/891/591
f 847/862/592 848/864/594 880/877/594 879/878/592
f 861/854/593 862/860/595 894/889/595 893/857/593
f 848/864/594 849/863/596 881/876/596 880/877/594
f 835/866/597 836/865/598 868/875/598 867/874/597
f 862/860/595 863/869/599 895/888/599 894/889/595
f 849/863/596 850/865/600 882/875/600 881/876/596
f 836/865/598 837/863/601 869/876/601 868/875/598
f 863/869/599 864/868/602 896/887/602 895/888/599
f 850/865/600 851/866/603 883/874/603 882/875/600
f 837/863/601 838/864/604 870/877/604 869/876/601
f 864/868/602 865/853/605 897/886/605 896/887/602
f 851/866/603 852/852/606 884/885/606 883/874/603
f 838/864/604 839/862/607 871/878/607 870/877/604
f 865/853/605 866/852/608 898/885/608 897/886/605
f 852/852/606 853/853/609 885/886/609 884/885/606
f 839/862/607 840/861/610 872/879/610 871/878/607
f 866/852/608 835/866/597 867/874/597 898/885/608
f 853/853/609 854/868/611 886/887/611 885/886/609
f 840/861/610 841/870/612 873/880/612 872/879/610
f 854/868/611 855/869/613 887/888/613 886/887/611
f 841/870/612 842/872/614 874/881/614 873/880/612
f 855/869/613 856/860/615 888/889/615 887/888/613
f 842/872/614 843/859/616 875/882/616 874/881/614
f 856/860/615 857/854/554 889/857/554 888/889/615
f 843/859/616 844/858/587 876/883/587 875/882/616
o Sphere.008
v -0.000000 0.209796 1.622790
v 0.040929 0.205765 1.622790
v 0.080286 0.193827 1.622790
v 0.116557 0.174439 1.622790
v 0.148348 0.148348 1.622790
v 0.174439 0.116557 1.622790
v 0.193827 0.080286 1.622790
v 0.205765 0.040929 1.622790
v 0.209796 -0.000000 1.622790
v 0.205765 -0.040929 1.622790
v 0.193826 -0.080286 1.622790
v 0.174439 -0.116557 1.622790
v 0.148348 -0.148348 1.622790
v 0.116556 -0.174439 1.622790
v 0.080285 -0.193827 1.622790
v 0.040929 -0.205765 1.622790
v -0.000000 -0.209796 1.622790
v -0.040929 -0.205765 1.622790
v -0.080286 -0.193826 1.622790
v -0.116557 -0.174439 1.622790
v -0.148348 -0.148348 1.622790
v -0.174439 -0.116556 1.622790
v -0.193826 -0.080285 1.622790
v -0.205765 -0.040929 1.622790
v -0.209796 0.000000 1.622790
v -0.205765 0.040929 1.622790
v -0.193826 0.080286 1.622790
v -0.174439 0.116557 1.622790
v -0.148348 0.148348 1.622790
v -0.116556 0.174439 1.622790
v -0.080285 0.193826 1.622790
v -0.040929 0.205765 1.622790
v 0.040929 0.205765 1.648697
v -0.000000 0.209796 1.648697
v 0.080286 0.193827 1.648697
v 0.116557 0.174439 1.648697
v 0.148348 0.148348 1.648697
v 0.174439 0.116557 1.648697
v 0.193827 0.080286 1.648697
v 0.205765 0.040929 1.648697
v 0.209796 -0.000000 1.648697
v 0.205765 -0.040929 1.648697
v 0.193826 -0.080286 1.648697
v 0.174439 -0.116557 1.648697
v 0.148348 -0.148348 1.648697
v 0.116556 -0.174439 1.648697
v 0.080285 -0.193827 1.648697
v 0.040929 -0.205765 1.648697
v -0.000000 -0.209796 1.648697
v -0.040929 -0.205765 1.648697
v -0.080286 -0.193826 1.648697
v -0.116557 -0.174439 1.648697
v -0.148348 -0.148348 1.648697
v -0.174439 -0.116556 1.648697
v -0.193826 -0.080285 1.648697
v -0.205765 -0.040929 1.648697
v -0.209796 0.000000 1.648697
v -0.205765 0.040929 1.648697
v -0.193826 0.080286 1.648697
v -0.174439 0.116557 1.648697
v -0.148348 0.148348 1.648697
v -0.116556 0.174439 1.648697
v -0.080285 0.193826 1.648697
v -0.040929 0.205765 1.648697
v 0.029243 0.147015 1.622789
v 0.000000 0.149895 1.622789
v 0.057362 0.138485 1.622789
v 0.083277 0.124633 1.622789
v 0.105992 0.105992 1.622789
v 0.124633 0.083277 1.622789
v 0.138485 0.057362 1.622789
v 0.147015 0.029243 1.622789
v 0.149895 -0.000000 1.622789
v 0.147014 -0.029243 1.622789
v 0.138485 -0.057362 1.622789
v 0.124633 -0.083277 1.622789
v 0.105992 -0.105992 1.622789
v 0.083277 -0.124633 1.622789
v 0.057362 -0.138485 1.622789
v 0.029243 -0.147014 1.622789
v -0.000000 -0.149895 1.622789
v -0.029243 -0.147014 1.622789
v -0.057362 -0.138485 1.622789
v -0.083277 -0.124633 1.622789
v -0.105991 -0.105991 1.622789
v -0.124633 -0.083277 1.622789
v -0.138485 -0.057362 1.622789
v -0.147014 -0.029243 1.622789
v -0.149895 0.000000 1.622789
v -0.147014 0.029243 1.622789
v -0.138484 0.057362 1.622789
v -0.124633 0.083277 1.622789
v -0.105991 0.105992 1.622789
v -0.083277 0.124633 1.622789
v -0.057362 0.138485 1.622789
v -0.029243 0.147014 1.622789
v 0.029243 0.147015 1.637408
v 0.000000 0.149895 1.637408
v 0.057362 0.138485 1.637408
v 0.083277 0.124633 1.637408
v 0.105992 0.105992 1.637408
v 0.124633 0.083277 1.637408
v 0.138485 0.057362 1.637408
v 0.147015 0.029243 1.637408
v 0.149895 -0.000000 1.637408
v 0.147014 -0.029243 1.637408
v 0.138485 -0.057362 1.637408
v 0.124633 -0.083277 1.637408
v 0.105992 -0.105992 1.637408
v 0.083277 -0.124633 1.637408
v 0.057362 -0.138485 1.637408
v 0.029243 -0.147014 1.637408
v -0.000000 -0.149895 1.637408
v -0.029243 -0.147014 1.637408
v -0.057362 -0.138485 1.637408
v -0.083277 -0.124633 1.637408
v -0.105991 -0.105991 1.637408
v -0.124633 -0.083277 1.637408
v -0.138485 -0.057362 1.637408
v -0.147014 -0.029243 1.637408
v -0.149895 0.000000 1.637408
v -0.147014 0.029243 1.637408
v -0.138484 0.057362 1.637408
v -0.124633 0.083277 1.637408
v -0.105991 0.105992 1.637408
v -0.083277 0.124633 1.637408
v -0.057362 0.138485 1.637408
v -0.029243 0.147014 1.637408
vn -0.0000 -0.0000 -1.0000
vn -0.0000 -0.0000 1.0000
vn -1.0000 -0.0000 -0.0000
vn -0.9808 0.1951 -0.0000
vn 0.8315 -0.5556 -0.0000
vn 0.7071 -0.7071 -0.0000
vn -0.9239 0.3827 -0.0000
vn 0.5556 -0.8315 -0.0000
vn -0.8315 0.5556 -0.0000
vn 0.3827 -0.9239 -0.0000
vn -0.0000 1.0000 -0.0000
vn 0.1951 0.9808 -0.0000
vn -0.7071 0.7071 -0.0000
vn 0.1951 -0.9808 -0.0000
vn 0.3827 0.9239 -0.0000
vn -0.5556 0.8315 -0.0000
vn -0.0000 -1.0000 -0.0000
vn 0.5556 0.8315 -0.0000
vn -0.3827 0.9239 -0.0000
vn -0.1951 -0.9808 -0.0000
vn 0.7071 0.7071 -0.0000
vn -0.1951 0.9808 -0.0000
vn -0.3827 -0.9239 -0.0000
vn 0.8315 0.5556 -0.0000
vn -0.5556 -0.8315 -0.0000
vn 0.9239 0.3827 -0.0000
vn -0.7071 -0.7071 -0.0000
vn 0.9808 0.1951 -0.0000
vn -0.8315 -0.5556 -0.0000
vn 1.0000 -0.0000 -0.0000
vn -0.9239 -0.3827 -0.0000
vn 0.9808 -0.1951 -0.0000
vn -0.9808 -0.1951 -0.0000
vn 0.9239 -0.3827 -0.0000
vn -0.7139 -0.1420 -0.6857
vn -0.6725 -0.2785 -0.6857
vn -0.1420 -0.7139 -0.6857
vn -0.2785 -0.6725 -0.6857
vn -0.4044 -0.6052 -0.6857
vn -0.5147 -0.5147 -0.6857
vn -0.6052 -0.4044 -0.6857
vn -0.7279 -0.0000 -0.6857
vn -0.7139 0.1420 -0.6857
vn -0.6725 0.2785 -0.6857
vn -0.6052 0.4044 -0.6857
vn -0.5147 0.5147 -0.6857
vn -0.4044 0.6052 -0.6857
vn -0.2785 0.6725 -0.6857
vn -0.1420 0.7139 -0.6857
vn -0.0000 0.7279 -0.6857
vn 0.1420 0.7139 -0.6857
vn 0.2785 0.6725 -0.6857
vn 0.4044 0.6052 -0.6857
vn 0.5147 0.5147 -0.6857
vn 0.6052 0.4044 -0.6857
vn 0.6725 0.2785 -0.6857
vn 0.7139 0.1420 -0.6857
vn 0.7279 -0.0000 -0.6857
vn 0.7139 -0.1420 -0.6857
vn 0.6725 -0.2785 -0.6857
vn 0.6052 -0.4044 -0.6857
vn 0.5147 -0.5147 -0.6857
vn 0.4044 -0.6052 -0.6857
vn 0.2785 -0.6725 -0.6857
vn 0.1420 -0.7139 -0.6857
vn -0.0000 -0.7279 -0.6857
vt 0.121568 0.075761
vt 0.110874 0.070046
vt 0.104116 0.086362
vt 0.111756 0.090446
vt 0.099271 0.187857
vt 0.087204 0.189046
vt 0.075137 0.187857
vt 0.063533 0.184337
vt 0.052839 0.178621
vt 0.043466 0.170929
vt 0.035774 0.161556
vt 0.030058 0.150862
vt 0.026538 0.139259
vt 0.025349 0.127191
vt 0.026538 0.115124
vt 0.030058 0.103521
vt 0.035774 0.092827
vt 0.043466 0.083454
vt 0.052839 0.075761
vt 0.063533 0.070046
vt 0.075136 0.066526
vt 0.087204 0.065337
vt 0.099271 0.066526
vt 0.130941 0.083454
vt 0.138634 0.092827
vt 0.144350 0.103521
vt 0.147869 0.115124
vt 0.149058 0.127191
vt 0.147869 0.139259
vt 0.144350 0.150862
vt 0.138634 0.161556
vt 0.130941 0.170929
vt 0.121568 0.178621
vt 0.110874 0.184337
vt 0.128033 0.144103
vt 0.130548 0.135813
vt 0.095825 0.170536
vt 0.087204 0.171385
vt 0.055954 0.158441
vt 0.050458 0.151744
vt 0.095825 0.083847
vt 0.104116 0.168021
vt 0.062651 0.163937
vt 0.087204 0.082998
vt 0.111756 0.163937
vt 0.070292 0.168021
vt 0.078582 0.083847
vt 0.118453 0.158441
vt 0.078582 0.170536
vt 0.070292 0.086362
vt 0.123949 0.151744
vt 0.062651 0.090446
vt 0.055954 0.095942
vt 0.050458 0.102639
vt 0.131397 0.127191
vt 0.046374 0.110279
vt 0.130548 0.118570
vt 0.043859 0.118570
vt 0.128033 0.110279
vt 0.043010 0.127191
vt 0.123949 0.102639
vt 0.043859 0.135813
vt 0.118453 0.095942
vt 0.046374 0.144103
s 1
usemtl atlas
f 912/892/617 913/893/617 977/894/617 976/895/617
f 931/896/618 932/897/618 962/898/618 961/899/618 960/900/618 959/901/618 958/902/618 957/903/618 956/904/618 955/905/618 954/906/618 953/907/618 952/908/618 951/909/618 950/910/618 949/911/618 948/912/618 947/913/618 946/914/618 945/893/618 944/892/618 943/915/618 942/916/618 941/917/618 940/918/618 939/919/618 938/920/618 937/921/618 936/922/618 935/923/618 934/924/618 933/925/618
f 923/905/619 955/905/619 956/904/620 924/904/620
f 910/916/621 942/916/621 943/915/622 911/915/622
f 924/904/620 956/904/620 957/903/623 925/903/623
f 911/915/622 943/915/622 944/892/624 912/892/624
f 925/903/623 957/903/623 958/902/625 926/902/625
f 912/892/624 944/892/624 945/893/626 913/893/626
f 899/897/627 932/897/627 931/896/628 900/896/628
f 926/902/625 958/902/625 959/901/629 927/901/629
f 913/893/626 945/893/626 946/914/630 914/914/630
f 900/896/628 931/896/628 933/925/631 901/925/631
f 927/901/629 959/901/629 960/900/632 928/900/632
f 914/914/630 946/914/630 947/913/633 915/913/633
f 901/925/631 933/925/631 934/924/634 902/924/634
f 928/900/632 960/900/632 961/899/635 929/899/635
f 915/913/633 947/913/633 948/912/636 916/912/636
f 902/924/634 934/924/634 935/923/637 903/923/637
f 929/899/635 961/899/635 962/898/638 930/898/638
f 916/912/636 948/912/636 949/911/639 917/911/639
f 903/923/637 935/923/637 936/922/640 904/922/640
f 930/898/638 962/898/638 932/897/627 899/897/627
f 917/911/639 949/911/639 950/910/641 918/910/641
f 904/922/640 936/922/640 937/921/642 905/921/642
f 918/910/641 950/910/641 951/909/643 919/909/643
f 905/921/642 937/921/642 938/920/644 906/920/644
f 919/909/643 951/909/643 952/908/645 920/908/645
f 906/920/644 938/920/644 939/919/646 907/919/646
f 920/908/645 952/908/645 953/907/647 921/907/647
f 907/919/646 939/919/646 940/918/648 908/918/648
f 921/907/647 953/907/647 954/906/649 922/906/649
f 908/918/648 940/918/648 941/917/650 909/917/650
f 922/906/649 954/906/649 955/905/619 923/905/619
f 909/917/650 941/917/650 942/916/621 910/916/621
f 969/926/647 970/927/649 1002/927/651 1001/926/652
f 899/897/617 900/896/617 963/928/617 964/929/617
f 926/902/617 927/901/617 991/930/617 990/931/617
f 913/893/617 914/914/617 978/932/617 977/894/617
f 900/896/617 901/925/617 965/933/617 963/928/617
f 927/901/617 928/900/617 992/934/617 991/930/617
f 914/914/617 915/913/617 979/935/617 978/932/617
f 901/925/617 902/924/617 966/936/617 965/933/617
f 928/900/617 929/899/617 993/937/617 992/934/617
f 915/913/617 916/912/617 980/938/617 979/935/617
f 902/924/617 903/923/617 967/939/617 966/936/617
f 929/899/617 930/898/617 994/940/617 993/937/617
f 916/912/617 917/911/617 981/941/617 980/938/617
f 903/923/617 904/922/617 968/942/617 967/939/617
f 930/898/617 899/897/617 964/929/617 994/940/617
f 917/911/617 918/910/617 982/943/617 981/941/617
f 904/922/617 905/921/617 969/926/617 968/942/617
f 918/910/617 919/909/617 983/944/617 982/943/617
f 905/921/617 906/920/617 970/927/617 969/926/617
f 919/909/617 920/908/617 984/945/617 983/944/617
f 906/920/617 907/919/617 971/946/617 970/927/617
f 920/908/617 921/907/617 985/947/617 984/945/617
f 907/919/617 908/918/617 972/948/617 971/946/617
f 921/907/617 922/906/617 986/949/617 985/947/617
f 908/918/617 909/917/617 973/950/617 972/948/617
f 922/906/617 923/905/617 987/951/617 986/949/617
f 909/917/617 910/916/617 974/952/617 973/950/617
f 923/905/617 924/904/617 988/953/617 987/951/617
f 910/916/617 911/915/617 975/954/617 974/952/617
f 924/904/617 925/903/617 989/955/617 988/953/617
f 911/915/617 912/892/617 976/895/617 975/954/617
f 925/903/617 926/902/617 990/931/617 989/955/617
f 995/928/653 997/933/654 998/936/655 999/939/656 1000/942/657 1001/926/652 1002/927/651 1003/946/658 1004/948/659 1005/950/660 1006/952/661 1007/954/662 1008/895/663 1009/894/664 1010/932/665 1011/935/666 1012/938/667 1013/941/668 1014/943/669 1015/944/670 1016/945/671 1017/947/672 1018/949/673 1019/951/674 1020/953/675 1021/955/676 1022/931/677 1023/930/678 1024/934/679 1025/937/680 1026/940/681 996/929/682
f 983/944/637 984/945/640 1016/945/671 1015/944/670
f 970/927/649 971/946/619 1003/946/658 1002/927/651
f 984/945/640 985/947/642 1017/947/672 1016/945/671
f 971/946/619 972/948/620 1004/948/659 1003/946/658
f 985/947/642 986/949/644 1018/949/673 1017/947/672
f 972/948/620 973/950/623 1005/950/660 1004/948/659
f 986/949/644 987/951/646 1019/951/674 1018/949/673
f 973/950/623 974/952/625 1006/952/661 1005/950/660
f 987/951/646 988/953/648 1020/953/675 1019/951/674
f 974/952/625 975/954/629 1007/954/662 1006/952/661
f 988/953/648 989/955/650 1021/955/676 1020/953/675
f 975/954/629 976/895/632 1008/895/663 1007/954/662
f 989/955/650 990/931/621 1022/931/677 1021/955/676
f 976/895/632 977/894/635 1009/894/664 1008/895/663
f 964/929/633 963/928/636 995/928/653 996/929/682
f 990/931/621 991/930/622 1023/930/678 1022/931/677
f 977/894/635 978/932/638 1010/932/665 1009/894/664
f 963/928/636 965/933/639 997/933/654 995/928/653
f 991/930/622 992/934/624 1024/934/679 1023/930/678
f 978/932/638 979/935/627 1011/935/666 1010/932/665
f 965/933/639 966/936/641 998/936/655 997/933/654
f 992/934/624 993/937/626 1025/937/680 1024/934/679
f 979/935/627 980/938/628 1012/938/667 1011/935/666
f 966/936/641 967/939/643 999/939/656 998/936/655
f 993/937/626 994/940/630 1026/940/681 1025/937/680
f 980/938/628 981/941/631 1013/941/668 1012/938/667
f 967/939/643 968/942/645 1000/942/657 999/939/656
f 994/940/630 964/929/633 996/929/682 1026/940/681
f 981/941/631 982/943/634 1014/943/669 1013/941/668
f 968/942/645 969/926/647 1001/926/652 1000/942/657
f 982/943/634 983/944/637 1015/944/670 1014/943/669
o Sphere.010
v 0.000000 0.059071 1.466794
v 0.011524 0.057936 1.466794
v 0.012805 0.064375 1.454512
v 0.022606 0.054574 1.466794
v 0.025118 0.060639 1.454512
v 0.032818 0.049115 1.466794
v 0.036466 0.054574 1.454512
v 0.041770 0.041769 1.466794
v 0.046412 0.046411 1.454512
v 0.049116 0.032818 1.466794
v 0.054574 0.036465 1.454512
v 0.054574 0.022605 1.466794
v 0.060640 0.025118 1.454512
v 0.057936 0.011524 1.466794
v 0.064375 0.012805 1.454512
v 0.059071 -0.000000 1.466794
v 0.065636 0.000000 1.454512
v 0.057936 -0.011524 1.466794
v 0.064375 -0.012805 1.454512
v 0.054574 -0.022605 1.466794
v 0.060640 -0.025118 1.454512
v 0.049116 -0.032818 1.466794
v 0.054574 -0.036465 1.454512
v 0.041770 -0.041769 1.466794
v 0.046412 -0.046411 1.454512
v 0.032818 -0.049115 1.466794
v 0.036466 -0.054574 1.454512
v 0.022606 -0.054574 1.466794
v 0.025118 -0.060639 1.454512
v 0.011524 -0.057935 1.466794
v 0.012805 -0.064374 1.454512
v 0.000000 -0.059071 1.466794
v 0.000000 -0.065636 1.454512
v -0.011524 -0.057935 1.466794
v -0.012805 -0.064374 1.454512
v -0.022605 -0.054574 1.466794
v -0.025117 -0.060639 1.454512
v -0.032817 -0.049115 1.466794
v -0.036465 -0.054574 1.454512
v -0.041769 -0.041769 1.466794
v -0.046411 -0.046411 1.454512
v -0.049115 -0.032818 1.466794
v -0.054574 -0.036465 1.454512
v -0.054574 -0.022605 1.466794
v -0.060639 -0.025118 1.454512
v -0.057935 -0.011524 1.466794
v -0.064374 -0.012805 1.454512
v -0.059070 0.000000 1.466794
v -0.065635 0.000000 1.454512
v -0.057935 0.011524 1.466794
v -0.064374 0.012805 1.454512
v -0.054574 0.022605 1.466794
v -0.060639 0.025118 1.454512
v -0.049115 0.032818 1.466794
v -0.054574 0.036465 1.454512
v -0.041769 0.041769 1.466794
v -0.046411 0.046411 1.454512
v -0.032817 0.049115 1.466794
v -0.036465 0.054574 1.454512
v -0.022605 0.054574 1.466794
v -0.025117 0.060639 1.454512
v -0.011524 0.057935 1.466794
v -0.012805 0.064374 1.454512
v 0.000000 0.065636 1.454512
v 0.013493 0.067831 1.463630
v 0.014774 0.074270 1.451347
v 0.000000 0.069160 1.463630
v 0.026467 0.063895 1.463630
v 0.028979 0.069961 1.451347
v 0.038424 0.057504 1.463630
v 0.042071 0.062963 1.451347
v 0.048904 0.048903 1.463630
v 0.053546 0.053546 1.451347
v 0.057505 0.038423 1.463630
v 0.062963 0.042071 1.451347
v 0.063896 0.026466 1.463630
v 0.069961 0.028979 1.451347
v 0.067831 0.013492 1.463630
v 0.074270 0.014773 1.451347
v 0.069160 -0.000000 1.463630
v 0.075725 0.000000 1.451347
v 0.067831 -0.013492 1.463630
v 0.074270 -0.014773 1.451347
v 0.063896 -0.026466 1.463630
v 0.069961 -0.028979 1.451347
v 0.057505 -0.038423 1.463630
v 0.062963 -0.042071 1.451347
v 0.048904 -0.048903 1.463630
v 0.053546 -0.053546 1.451347
v 0.038423 -0.057504 1.463630
v 0.042071 -0.062963 1.451347
v 0.026467 -0.063895 1.463630
v 0.028979 -0.069961 1.451347
v 0.013493 -0.067831 1.463630
v 0.014774 -0.074270 1.451347
v 0.000000 -0.069160 1.463630
v 0.000000 -0.075725 1.451347
v -0.013492 -0.067831 1.463630
v -0.014773 -0.074270 1.451347
v -0.026466 -0.063895 1.463630
v -0.028978 -0.069961 1.451347
v -0.038423 -0.057504 1.463630
v -0.042070 -0.062963 1.451347
v -0.048903 -0.048903 1.463630
v -0.053545 -0.053546 1.451347
v -0.057504 -0.038423 1.463630
v -0.062963 -0.042071 1.451347
v -0.063895 -0.026466 1.463630
v -0.069960 -0.028979 1.451347
v -0.067831 -0.013492 1.463630
v -0.074270 -0.014773 1.451347
v -0.069159 0.000000 1.463630
v -0.075725 0.000000 1.451347
v -0.067831 0.013492 1.463630
v -0.074270 0.014773 1.451347
v -0.063895 0.026466 1.463630
v -0.069960 0.028979 1.451347
v -0.057504 0.038423 1.463630
v -0.062963 0.042071 1.451347
v -0.048903 0.048903 1.463630
v -0.053545 0.053546 1.451347
v -0.038423 0.057504 1.463630
v -0.042070 0.062963 1.451347
v -0.026466 0.063895 1.463630
v -0.028978 0.069961 1.451347
v -0.013492 0.067831 1.463630
v -0.014773 0.074270 1.451347
v 0.000000 0.075725 1.451347
vn -0.0000 -0.6236 -0.7817
vn -0.1217 -0.6116 -0.7817
vn -0.1721 -0.8650 -0.4714
vn -0.0000 -0.8819 -0.4714
vn -0.2386 -0.5761 -0.7817
vn -0.3375 -0.8148 -0.4714
vn -0.3464 -0.5185 -0.7817
vn -0.4900 -0.7333 -0.4714
vn -0.4409 -0.4409 -0.7817
vn -0.6236 -0.6236 -0.4714
vn -0.5185 -0.3464 -0.7817
vn -0.7333 -0.4900 -0.4714
vn -0.5761 -0.2386 -0.7817
vn -0.8148 -0.3375 -0.4714
vn -0.6116 -0.1217 -0.7817
vn -0.8650 -0.1721 -0.4714
vn -0.6236 -0.0000 -0.7817
vn -0.8819 -0.0000 -0.4714
vn -0.6116 0.1217 -0.7817
vn -0.8650 0.1721 -0.4714
vn -0.5761 0.2386 -0.7817
vn -0.8148 0.3375 -0.4714
vn -0.5185 0.3464 -0.7817
vn -0.7333 0.4900 -0.4714
vn -0.4409 0.4409 -0.7818
vn -0.6236 0.6236 -0.4714
vn -0.3464 0.5185 -0.7817
vn -0.4900 0.7333 -0.4714
vn -0.2386 0.5761 -0.7817
vn -0.3375 0.8148 -0.4714
vn -0.1217 0.6116 -0.7817
vn -0.1721 0.8650 -0.4714
vn -0.0000 0.6236 -0.7817
vn -0.0000 0.8819 -0.4714
vn 0.1217 0.6116 -0.7817
vn 0.1721 0.8650 -0.4714
vn 0.2386 0.5761 -0.7817
vn 0.3375 0.8148 -0.4714
vn 0.3464 0.5185 -0.7817
vn 0.4900 0.7333 -0.4714
vn 0.4409 0.4409 -0.7817
vn 0.6236 0.6236 -0.4714
vn 0.5185 0.3464 -0.7817
vn 0.7333 0.4900 -0.4714
vn 0.5761 0.2386 -0.7817
vn 0.8148 0.3375 -0.4714
vn 0.6116 0.1217 -0.7817
vn 0.8650 0.1721 -0.4714
vn 0.6236 -0.0000 -0.7817
vn 0.8819 -0.0000 -0.4714
vn 0.6116 -0.1217 -0.7817
vn 0.8650 -0.1721 -0.4714
vn 0.5761 -0.2386 -0.7817
vn 0.8148 -0.3375 -0.4714
vn 0.5185 -0.3464 -0.7817
vn 0.7333 -0.4900 -0.4714
vn 0.4409 -0.4409 -0.7817
vn 0.6236 -0.6236 -0.4714
vn 0.3464 -0.5185 -0.7817
vn 0.4900 -0.7333 -0.4714
vn 0.2386 -0.5761 -0.7817
vn 0.3375 -0.8148 -0.4714
vn 0.1217 -0.6116 -0.7817
vn 0.1721 -0.8650 -0.4714
vn -0.0000 0.8819 0.4714
vn 0.1721 0.8650 0.4714
vn 0.3375 0.8148 0.4714
vn 0.4900 0.7333 0.4714
vn 0.6236 0.6236 0.4714
vn 0.7333 0.4900 0.4714
vn 0.8148 0.3375 0.4714
vn 0.8650 0.1721 0.4714
vn 0.8819 -0.0000 0.4714
vn 0.8650 -0.1721 0.4714
vn 0.8148 -0.3375 0.4714
vn 0.7333 -0.4900 0.4714
vn 0.6236 -0.6236 0.4714
vn 0.4900 -0.7333 0.4714
vn 0.3375 -0.8148 0.4714
vn 0.1721 -0.8650 0.4714
vn -0.0000 -0.8819 0.4714
vn -0.1721 -0.8650 0.4714
vn -0.3375 -0.8148 0.4714
vn -0.4900 -0.7333 0.4714
vn -0.6236 -0.6236 0.4714
vn -0.7333 -0.4900 0.4714
vn -0.8148 -0.3375 0.4714
vn -0.8650 -0.1721 0.4714
vn -0.8819 -0.0000 0.4714
vn -0.8650 0.1721 0.4714
vn -0.8148 0.3375 0.4714
vn -0.7333 0.4900 0.4714
vn -0.6236 0.6236 0.4714
vn -0.4900 0.7333 0.4714
vn -0.3375 0.8148 0.4714
vn -0.1721 0.8650 0.4714
vn -0.2935 -0.0584 0.9542
vn -0.2993 -0.0000 0.9542
vn -0.1145 0.2765 -0.9542
vn -0.0584 0.2935 -0.9542
vn 0.2935 0.0584 -0.9542
vn 0.2993 -0.0000 -0.9542
vn -0.2765 -0.1145 -0.9542
vn -0.2935 -0.0584 -0.9542
vn -0.0000 0.2993 -0.9542
vn 0.2765 0.1145 0.9542
vn 0.2935 0.0584 0.9542
vn -0.2935 0.0584 0.9542
vn 0.0584 -0.2935 0.9542
vn -0.0000 -0.2993 0.9542
vn 0.2935 -0.0584 -0.9542
vn 0.2993 -0.0000 0.9542
vn -0.0584 -0.2935 0.9542
vn -0.2993 -0.0000 -0.9542
vn -0.2765 0.1145 0.9542
vn 0.0584 0.2935 -0.9542
vn 0.2765 -0.1145 -0.9542
vn 0.2935 -0.0584 0.9542
vn 0.1145 0.2765 -0.9542
vn -0.2935 0.0584 -0.9542
vn 0.2488 -0.1663 -0.9542
vn -0.1145 -0.2765 0.9542
vn -0.2488 0.1663 0.9542
vn 0.2765 -0.1145 0.9542
vn -0.0000 0.2993 0.9542
vn 0.0584 0.2935 0.9542
vn -0.1663 -0.2488 0.9542
vn -0.2765 0.1145 -0.9542
vn -0.2116 0.2116 0.9542
vn 0.1663 0.2488 -0.9542
vn 0.1145 0.2765 0.9542
vn 0.2116 -0.2116 -0.9542
vn 0.2488 -0.1663 0.9542
vn -0.0584 -0.2935 -0.9542
vn -0.1145 -0.2765 -0.9542
vn 0.2116 0.2116 -0.9542
vn -0.2488 0.1663 -0.9542
vn 0.1663 -0.2488 -0.9542
vn -0.2116 -0.2116 0.9542
vn -0.1663 -0.2488 -0.9542
vn -0.1663 0.2488 0.9542
vn 0.2116 -0.2116 0.9542
vn 0.1663 0.2488 0.9542
vn -0.2488 -0.1663 0.9542
vn -0.2116 0.2116 -0.9542
vn -0.1145 0.2765 0.9542
vn 0.2488 0.1663 -0.9542
vn 0.2116 0.2116 0.9542
vn 0.1145 -0.2765 -0.9542
vn 0.1663 -0.2488 0.9542
vn -0.2116 -0.2116 -0.9542
vn -0.2765 -0.1145 0.9542
vn -0.1663 0.2488 -0.9542
vn 0.0584 -0.2935 -0.9542
vn 0.2765 0.1145 -0.9542
vn -0.2488 -0.1663 -0.9542
vn -0.0584 0.2935 0.9542
vn 0.2488 0.1663 0.9542
vn -0.0000 -0.2993 -0.9542
vn 0.1145 -0.2765 0.9542
vt 0.638193 0.202874
vt 0.638193 0.221500
vt 0.656059 0.219637
vt 0.656059 0.202874
vt 0.638193 0.239410
vt 0.656059 0.235755
vt 0.638193 0.255915
vt 0.656059 0.250610
vt 0.638193 0.270383
vt 0.656059 0.263630
vt 0.638193 0.282256
vt 0.656059 0.274316
vt 0.638193 0.291078
vt 0.656059 0.282256
vt 0.638193 0.296511
vt 0.656059 0.287145
vt 0.638193 0.298345
vt 0.656059 0.288796
vt 0.656059 0.274316
vt 0.656059 0.263630
vt 0.638193 0.184249
vt 0.656059 0.186112
vt 0.638193 0.166339
vt 0.656059 0.169994
vt 0.638193 0.149834
vt 0.656059 0.155139
vt 0.638193 0.135366
vt 0.656059 0.142119
vt 0.638193 0.123493
vt 0.656059 0.131433
vt 0.638193 0.114671
vt 0.656059 0.123493
vt 0.638193 0.109238
vt 0.656059 0.118604
vt 0.638193 0.107403
vt 0.656059 0.116953
vt 0.656059 0.123493
vt 0.656059 0.155139
vt 0.656059 0.169994
vt 0.633590 0.202874
vt 0.651456 0.202874
vt 0.651456 0.222500
vt 0.633590 0.224363
vt 0.651456 0.241371
vt 0.633590 0.245026
vt 0.651456 0.258763
vt 0.633590 0.264069
vt 0.651456 0.274007
vt 0.633590 0.280760
vt 0.651456 0.286518
vt 0.633590 0.294458
vt 0.651456 0.295814
vt 0.633590 0.304637
vt 0.651456 0.301539
vt 0.633590 0.310905
vt 0.651456 0.303472
vt 0.633590 0.313021
vt 0.633590 0.264069
vt 0.651456 0.241371
vt 0.651456 0.222500
vt 0.651456 0.183249
vt 0.633590 0.181386
vt 0.651456 0.164378
vt 0.633590 0.160723
vt 0.651456 0.146986
vt 0.633590 0.141680
vt 0.651456 0.131742
vt 0.633590 0.124989
vt 0.651456 0.119231
vt 0.633590 0.111291
vt 0.651456 0.109935
vt 0.633590 0.101112
vt 0.651456 0.104210
vt 0.633590 0.094844
vt 0.651456 0.102277
vt 0.633590 0.092728
vt 0.651456 0.119231
s 1
usemtl atlas
f 1090/956/683 1029/957/684 1028/958/685 1027/959/686
f 1029/957/684 1031/960/687 1030/961/688 1028/958/685
f 1031/960/687 1033/962/689 1032/963/690 1030/961/688
f 1033/962/689 1035/964/691 1034/965/692 1032/963/690
f 1035/964/691 1037/966/693 1036/967/694 1034/965/692
f 1037/966/693 1039/968/695 1038/969/696 1036/967/694
f 1039/968/695 1041/970/697 1040/971/698 1038/969/696
f 1041/970/697 1043/972/699 1042/973/700 1040/971/698
f 1043/972/699 1045/970/701 1044/971/702 1042/973/700
f 1045/970/701 1047/968/703 1046/969/704 1044/971/702
f 1047/968/703 1049/966/705 1048/974/706 1046/969/704
f 1049/966/705 1051/964/707 1050/975/708 1048/974/706
f 1051/964/707 1053/962/709 1052/963/710 1050/975/708
f 1053/962/709 1055/960/711 1054/961/712 1052/963/710
f 1055/960/711 1057/957/713 1056/958/714 1054/961/712
f 1057/957/713 1059/956/715 1058/959/716 1056/958/714
f 1059/956/715 1061/976/717 1060/977/718 1058/959/716
f 1061/976/717 1063/978/719 1062/979/720 1060/977/718
f 1063/978/719 1065/980/721 1064/981/722 1062/979/720
f 1065/980/721 1067/982/723 1066/983/724 1064/981/722
f 1067/982/723 1069/984/725 1068/985/726 1066/983/724
f 1069/984/725 1071/986/727 1070/987/728 1068/985/726
f 1071/986/727 1073/988/729 1072/989/730 1070/987/728
f 1073/988/729 1075/990/731 1074/991/732 1072/989/730
f 1075/990/731 1077/988/733 1076/989/734 1074/991/732
f 1077/988/733 1079/986/735 1078/992/736 1076/989/734
f 1079/986/735 1081/984/737 1080/985/738 1078/992/736
f 1081/984/737 1083/982/739 1082/983/740 1080/985/738
f 1083/982/739 1085/980/741 1084/993/742 1082/983/740
f 1085/980/741 1087/978/743 1086/994/744 1084/993/742
f 1087/978/743 1089/976/745 1088/977/746 1086/994/744
f 1089/976/745 1090/956/683 1027/959/686 1088/977/746
f 1154/995/747 1093/996/747 1091/997/748 1092/998/748
f 1092/998/748 1091/997/748 1094/999/749 1095/1000/749
f 1095/1000/749 1094/999/749 1096/1001/750 1097/1002/750
f 1097/1002/750 1096/1001/750 1098/1003/751 1099/1004/751
f 1099/1004/751 1098/1003/751 1100/1005/752 1101/1006/752
f 1101/1006/752 1100/1005/752 1102/1007/753 1103/1008/753
f 1103/1008/753 1102/1007/753 1104/1009/754 1105/1010/754
f 1105/1010/754 1104/1009/754 1106/1011/755 1107/1012/755
f 1107/1012/755 1106/1011/755 1108/1009/756 1109/1010/756
f 1109/1010/756 1108/1009/756 1110/1007/757 1111/1008/757
f 1111/1008/757 1110/1007/757 1112/1005/758 1113/1006/758
f 1113/1006/758 1112/1005/758 1114/1003/759 1115/1004/759
f 1115/1004/759 1114/1003/759 1116/1001/760 1117/1013/760
f 1117/1013/760 1116/1001/760 1118/1014/761 1119/1000/761
f 1119/1000/761 1118/1014/761 1120/1015/762 1121/998/762
f 1121/998/762 1120/1015/762 1122/996/763 1123/995/763
f 1123/995/763 1122/996/763 1124/1016/764 1125/1017/764
f 1125/1017/764 1124/1016/764 1126/1018/765 1127/1019/765
f 1127/1019/765 1126/1018/765 1128/1020/766 1129/1021/766
f 1129/1021/766 1128/1020/766 1130/1022/767 1131/1023/767
f 1131/1023/767 1130/1022/767 1132/1024/768 1133/1025/768
f 1133/1025/768 1132/1024/768 1134/1026/769 1135/1027/769
f 1135/1027/769 1134/1026/769 1136/1028/770 1137/1029/770
f 1137/1029/770 1136/1028/770 1138/1030/771 1139/1031/771
f 1139/1031/771 1138/1030/771 1140/1028/772 1141/1029/772
f 1141/1029/772 1140/1028/772 1142/1026/773 1143/1027/773
f 1143/1027/773 1142/1026/773 1144/1032/774 1145/1025/774
f 1145/1025/774 1144/1032/774 1146/1022/775 1147/1023/775
f 1147/1023/775 1146/1022/775 1148/1020/776 1149/1021/776
f 1149/1021/776 1148/1020/776 1150/1018/777 1151/1019/777
f 1151/1019/777 1150/1018/777 1152/1016/778 1153/1017/778
f 1153/1017/778 1152/1016/778 1093/996/747 1154/995/747
f 1072/989/779 1074/991/780 1138/1030/780 1136/1028/779
f 1057/957/713 1055/960/711 1119/1000/781 1121/998/782
f 1075/990/731 1073/988/729 1137/1029/783 1139/1031/784
f 1041/970/697 1039/968/695 1103/1008/785 1105/1010/786
f 1059/956/715 1057/957/713 1121/998/782 1123/995/787
f 1038/969/788 1040/971/789 1104/1009/789 1102/1007/788
f 1074/991/780 1076/989/790 1140/1028/790 1138/1030/780
f 1056/958/791 1058/959/792 1122/996/792 1120/1015/791
f 1077/988/733 1075/990/731 1139/1031/784 1141/1029/793
f 1040/971/789 1042/973/794 1106/1011/794 1104/1009/789
f 1058/959/792 1060/977/795 1124/1016/795 1122/996/792
f 1043/972/699 1041/970/697 1105/1010/786 1107/1012/796
f 1076/989/790 1078/992/797 1142/1026/797 1140/1028/790
f 1061/976/717 1059/956/715 1123/995/787 1125/1017/798
f 1079/986/735 1077/988/733 1141/1029/793 1143/1027/799
f 1042/973/794 1044/971/800 1108/1009/800 1106/1011/794
f 1063/978/719 1061/976/717 1125/1017/798 1127/1019/801
f 1045/970/701 1043/972/699 1107/1012/796 1109/1010/802
f 1081/984/737 1079/986/735 1143/1027/799 1145/1025/803
f 1060/977/795 1062/979/804 1126/1018/804 1124/1016/795
f 1078/992/797 1080/985/805 1144/1032/805 1142/1026/797
f 1044/971/800 1046/969/806 1110/1007/806 1108/1009/800
f 1027/959/807 1028/958/808 1091/997/808 1093/996/807
f 1062/979/804 1064/981/809 1128/1020/809 1126/1018/804
f 1047/968/703 1045/970/701 1109/1010/802 1111/1008/810
f 1080/985/805 1082/983/811 1146/1022/811 1144/1032/805
f 1065/980/721 1063/978/719 1127/1019/801 1129/1021/812
f 1028/958/808 1030/961/813 1094/999/813 1091/997/808
f 1083/982/739 1081/984/737 1145/1025/803 1147/1023/814
f 1046/969/806 1048/974/815 1112/1005/815 1110/1007/806
f 1031/960/687 1029/957/684 1092/998/816 1095/1000/817
f 1067/982/723 1065/980/721 1129/1021/812 1131/1023/818
f 1049/966/705 1047/968/703 1111/1008/810 1113/1006/819
f 1085/980/741 1083/982/739 1147/1023/814 1149/1021/820
f 1064/981/809 1066/983/821 1130/1022/821 1128/1020/809
f 1033/962/689 1031/960/687 1095/1000/817 1097/1002/822
f 1082/983/811 1084/993/823 1148/1020/823 1146/1022/811
f 1048/974/815 1050/975/824 1114/1003/824 1112/1005/815
f 1030/961/813 1032/963/825 1096/1001/825 1094/999/813
f 1066/983/821 1068/985/826 1132/1024/826 1130/1022/821
f 1051/964/707 1049/966/705 1113/1006/819 1115/1004/827
f 1084/993/823 1086/994/828 1150/1018/828 1148/1020/823
f 1069/984/725 1067/982/723 1131/1023/818 1133/1025/829
f 1032/963/825 1034/965/830 1098/1003/830 1096/1001/825
f 1087/978/743 1085/980/741 1149/1021/820 1151/1019/831
f 1050/975/824 1052/963/832 1116/1001/832 1114/1003/824
f 1035/964/691 1033/962/689 1097/1002/822 1099/1004/833
f 1068/985/826 1070/987/834 1134/1026/834 1132/1024/826
f 1053/962/709 1051/964/707 1115/1004/827 1117/1013/835
f 1089/976/745 1087/978/743 1151/1019/831 1153/1017/836
f 1071/986/727 1069/984/725 1133/1025/829 1135/1027/837
f 1037/966/693 1035/964/691 1099/1004/833 1101/1006/838
f 1086/994/828 1088/977/839 1152/1016/839 1150/1018/828
f 1055/960/711 1053/962/709 1117/1013/835 1119/1000/781
f 1034/965/830 1036/967/840 1100/1005/840 1098/1003/830
f 1090/956/683 1089/976/745 1153/1017/836 1154/995/841
f 1070/987/834 1072/989/779 1136/1028/779 1134/1026/834
f 1052/963/832 1054/961/842 1118/1014/842 1116/1001/832
f 1073/988/729 1071/986/727 1135/1027/837 1137/1029/783
f 1036/967/840 1038/969/788 1102/1007/788 1100/1005/840
f 1029/957/684 1090/956/683 1154/995/841 1092/998/816
f 1054/961/842 1056/958/791 1120/1015/791 1118/1014/842
f 1039/968/695 1037/966/693 1101/1006/838 1103/1008/785
f 1088/977/839 1027/959/807 1093/996/807 1152/1016/839
