# Blender 4.5.3 LTS
# www.blender.org
mtllib right_lower_arm.mtl
o Cylinder.022
v 0.687425 -0.104575 1.487398
v 0.687425 -0.104574 1.457430
v 0.699118 -0.103423 1.487398
v 0.699118 -0.103423 1.457430
v 0.710361 -0.100012 1.487398
v 0.710361 -0.100012 1.457430
v 0.720724 -0.094473 1.487398
v 0.720724 -0.094473 1.457430
v 0.729806 -0.087020 1.487398
v 0.729806 -0.087020 1.457430
v 0.737260 -0.077937 1.487398
v 0.737260 -0.077937 1.457430
v 0.742799 -0.067575 1.487398
v 0.742799 -0.067575 1.457430
v 0.746209 -0.056331 1.487398
v 0.746209 -0.056331 1.457430
v 0.747361 -0.044638 1.487398
v 0.747361 -0.044638 1.457430
v 0.746209 -0.032945 1.487398
v 0.746209 -0.032945 1.457430
v 0.742799 -0.021702 1.487398
v 0.742799 -0.021702 1.457430
v 0.737260 -0.011339 1.487398
v 0.737260 -0.011339 1.457430
v 0.729806 -0.002257 1.487398
v 0.729806 -0.002257 1.457430
v 0.720724 0.005197 1.487398
v 0.720724 0.005197 1.457430
v 0.710361 0.010736 1.487398
v 0.710361 0.010736 1.457430
v 0.699118 0.014146 1.487398
v 0.699118 0.014146 1.457430
v 0.687425 0.015298 1.487398
v 0.687425 0.015298 1.457430
v 0.675732 0.014146 1.487398
v 0.675732 0.014146 1.457430
v 0.664488 0.010736 1.487398
v 0.664488 0.010736 1.457430
v 0.654126 0.005197 1.487398
v 0.654126 0.005197 1.457430
v 0.645043 -0.002257 1.487398
v 0.645043 -0.002257 1.457430
v 0.637589 -0.011339 1.487398
v 0.637589 -0.011339 1.457430
v 0.632051 -0.021702 1.487398
v 0.632051 -0.021702 1.457430
v 0.628640 -0.032945 1.487398
v 0.628640 -0.032945 1.457430
v 0.627488 -0.044638 1.487398
v 0.627488 -0.044638 1.457430
v 0.628640 -0.056331 1.487398
v 0.628640 -0.056331 1.457430
v 0.632051 -0.067575 1.487398
v 0.632051 -0.067575 1.457430
v 0.637589 -0.077937 1.487398
v 0.637589 -0.077937 1.457430
v 0.645043 -0.087020 1.487398
v 0.645043 -0.087020 1.457430
v 0.654126 -0.094473 1.487398
v 0.654126 -0.094473 1.457430
v 0.664488 -0.100012 1.487398
v 0.664488 -0.100012 1.457430
v 0.675732 -0.103423 1.487398
v 0.675732 -0.103423 1.457430
vn -0.0000 -1.0000 -0.0000
vn 0.1951 -0.9808 -0.0000
vn 0.3827 -0.9239 -0.0000
vn 0.5556 -0.8315 -0.0000
vn 0.7071 -0.7071 -0.0000
vn 0.8315 -0.5556 -0.0000
vn 0.9239 -0.3827 -0.0000
vn 0.9808 -0.1951 -0.0000
vn 1.0000 -0.0000 -0.0000
vn 0.9808 0.1951 -0.0000
vn 0.9239 0.3827 -0.0000
vn 0.8315 0.5556 -0.0000
vn 0.7071 0.7071 -0.0000
vn 0.5556 0.8315 -0.0000
vn 0.3827 0.9239 -0.0000
vn 0.1951 0.9808 -0.0000
vn -0.0000 1.0000 -0.0000
vn -0.1951 0.9808 -0.0000
vn -0.3827 0.9239 -0.0000
vn -0.5556 0.8315 -0.0000
vn -0.7071 0.7071 -0.0000
vn -0.8315 0.5556 -0.0000
vn -0.9239 0.3827 -0.0000
vn -0.9808 0.1951 -0.0000
vn -1.0000 -0.0000 -0.0000
vn -0.9808 -0.1951 -0.0000
vn -0.9239 -0.3827 -0.0000
vn -0.8315 -0.5556 -0.0000
vn -0.7071 -0.7071 -0.0000
vn -0.5556 -0.8315 -0.0000
vn -0.3827 -0.9239 -0.0000
vn -0.0000 -0.0000 -1.0000
vn -0.1951 -0.9808 -0.0000
vn -0.0000 -0.0000 1.0000
vt 0.139478 0.101056
vt 0.151286 0.102219
vt 0.162639 0.105663
vt 0.162639 0.105663
vt 0.173103 0.111256
vt 0.173103 0.111256
vt 0.182275 0.118783
vt 0.189801 0.127955
vt 0.189801 0.127955
vt 0.195394 0.138418
vt 0.198838 0.149772
vt 0.200001 0.161579
vt 0.198838 0.173387
vt 0.195394 0.184740
vt 0.189801 0.195204
vt 0.182275 0.204375
vt 0.182275 0.204375
vt 0.173103 0.211902
vt 0.162639 0.217495
vt 0.151286 0.220939
vt 0.139478 0.222102
vt 0.127671 0.220939
vt 0.116317 0.217495
vt 0.105854 0.211902
vt 0.096682 0.204375
vt 0.096682 0.204375
vt 0.089155 0.195204
vt 0.083563 0.184740
vt 0.080118 0.173387
vt 0.078955 0.161579
vt 0.080118 0.149772
vt 0.083563 0.138418
vt 0.089155 0.127955
vt 0.089155 0.127955
vt 0.096682 0.118783
vt 0.105854 0.111256
vt 0.105854 0.111256
vt 0.116317 0.105663
vt 0.116317 0.105663
vt 0.127671 0.102219
s 1
usemtl atlas
f 1/1/1 2/1/1 4/2/2 3/2/2
f 3/2/2 4/2/2 6/3/3 5/4/3
f 5/4/3 6/3/3 8/5/4 7/6/4
f 7/6/4 8/5/4 10/7/5 9/7/5
f 9/7/5 10/7/5 12/8/6 11/9/6
f 11/9/6 12/8/6 14/10/7 13/10/7
f 13/10/7 14/10/7 16/11/8 15/11/8
f 15/11/8 16/11/8 18/12/9 17/12/9
f 17/12/9 18/12/9 20/13/10 19/13/10
f 19/13/10 20/13/10 22/14/11 21/14/11
f 21/14/11 22/14/11 24/15/12 23/15/12
f 23/15/12 24/15/12 26/16/13 25/17/13
f 25/17/13 26/16/13 28/18/14 27/18/14
f 27/18/14 28/18/14 30/19/15 29/19/15
f 29/19/15 30/19/15 32/20/16 31/20/16
f 31/20/16 32/20/16 34/21/17 33/21/17
f 33/21/17 34/21/17 36/22/18 35/22/18
f 35/22/18 36/22/18 38/23/19 37/23/19
f 37/23/19 38/23/19 40/24/20 39/24/20
f 39/24/20 40/24/20 42/25/21 41/26/21
f 41/26/21 42/25/21 44/27/22 43/27/22
f 43/27/22 44/27/22 46/28/23 45/28/23
f 45/28/23 46/28/23 48/29/24 47/29/24
f 47/29/24 48/29/24 50/30/25 49/30/25
f 49/30/25 50/30/25 52/31/26 51/31/26
f 51/31/26 52/31/26 54/32/27 53/32/27
f 53/32/27 54/32/27 56/33/28 55/34/28
f 55/34/28 56/33/28 58/35/29 57/35/29
f 57/35/29 58/35/29 60/36/30 59/37/30
f 59/37/30 60/36/30 62/38/31 61/39/31
f 4/2/32 2/1/32 64/40/32 62/38/32 60/36/32 58/35/32 56/33/32 54/32/32 52/31/32 50/30/32 48/29/32 46/28/32 44/27/32 42/25/32 40/24/32 38/23/32 36/22/32 34/21/32 32/20/32 30/19/32 28/18/32 26/16/32 24/15/32 22/14/32 20/13/32 18/12/32 16/11/32 14/10/32 12/8/32 10/7/32 8/5/32 6/3/32
f 61/39/31 62/38/31 64/40/33 63/40/33
f 63/40/33 64/40/33 2/1/1 1/1/1
f 1/1/34 3/2/34 5/4/34 7/6/34 9/7/34 11/9/34 13/10/34 15/11/34 17/12/34 19/13/34 21/14/34 23/15/34 25/17/34 27/18/34 29/19/34 31/20/34 33/21/34 35/22/34 37/23/34 39/24/34 41/26/34 43/27/34 45/28/34 47/29/34 49/30/34 51/31/34 53/32/34 55/34/34 57/35/34 59/37/34 61/39/34 63/40/34
o Cylinder.023
v 0.699446 -0.074606 1.514369
v 0.699446 -0.014670 1.514369
v 1.025036 -0.059778 1.499012
v 1.025036 -0.029498 1.499012
v 0.699446 -0.074606 1.494391
v 0.699446 -0.014670 1.494390
v 1.025036 -0.029498 1.479033
v 1.025036 -0.059778 1.479033
v 0.699446 -0.074606 1.430458
v 0.699446 -0.014670 1.430458
v 1.025036 -0.059778 1.445816
v 1.025036 -0.029498 1.445816
v 0.699446 -0.074606 1.450437
v 0.699446 -0.014670 1.450437
v 1.025036 -0.029498 1.465795
v 1.025036 -0.059778 1.465795
vn -1.0000 -0.0000 -0.0000
vn 0.0455 0.9990 -0.0000
vn 1.0000 -0.0000 -0.0000
vn 0.0455 -0.9990 -0.0000
vn 0.0471 -0.0000 0.9989
vn -0.0471 -0.0000 -0.9989
vn 0.0471 -0.0000 -0.9989
vn -0.0471 -0.0000 0.9989
vt 0.389525 0.069525
vt 0.409850 0.068863
vt 0.389525 0.069525
vt 0.405020 0.400607
vt 0.384695 0.401269
s 0
usemtl atlas
f 69/41/35 65/42/35 66/42/35 70/43/35
f 70/43/36 66/42/36 68/44/36 71/45/36
f 71/45/37 68/44/37 67/44/37 72/45/37
f 72/45/38 67/44/38 65/42/38 69/41/38
f 68/44/39 66/42/39 65/42/39 67/44/39
f 72/45/40 69/41/40 70/43/40 71/45/40
f 77/41/35 78/43/35 74/42/35 73/42/35
f 78/43/36 79/45/36 76/44/36 74/42/36
f 79/45/37 80/45/37 75/44/37 76/44/37
f 80/45/38 77/41/38 73/42/38 75/44/38
f 76/44/41 75/44/41 73/42/41 74/42/41
f 80/45/42 79/45/42 78/43/42 77/41/42
o Cylinder.024
v 1.046323 -0.068783 1.481963
v 1.056998 -0.068645 1.481963
v 1.062769 -0.068193 1.472414
v 1.066547 -0.066368 1.462866
v 1.004052 -0.051947 1.462866
v 1.004264 -0.057284 1.472414
v 1.007699 -0.061137 1.481963
v 1.014297 -0.066464 1.481963
v 1.018075 -0.068206 1.472414
v 1.023845 -0.068645 1.462866
v 1.023845 -0.019580 1.462866
v 1.018075 -0.021609 1.472414
v 1.014297 -0.025409 1.481963
v 1.007699 -0.032834 1.481963
v 1.004264 -0.037124 1.472414
v 1.004052 -0.042209 1.462866
v 1.066547 -0.033211 1.462866
v 1.062769 -0.029383 1.472414
v 1.056998 -0.025490 1.481963
v 1.046323 -0.019582 1.481963
v 1.040422 -0.017033 1.472414
v 1.034520 -0.016713 1.462866
v 1.058822 -0.066961 1.491511
v 1.066586 -0.062376 1.492402
v 1.072017 -0.055950 1.491511
v 1.020198 -0.066424 1.491511
v 1.030428 -0.068192 1.492402
v 1.041549 -0.068645 1.491511
v 1.009523 -0.037238 1.491511
v 1.008081 -0.046840 1.492402
v 1.009523 -0.056715 1.491511
v 1.041549 -0.019970 1.491511
v 1.030428 -0.020466 1.492402
v 1.020198 -0.024912 1.491511
v 1.072017 -0.043769 1.491511
v 1.066586 -0.036038 1.492402
v 1.058822 -0.028568 1.491511
v 1.049273 -0.066961 1.497413
v 1.046598 -0.062325 1.504755
v 1.043372 -0.054289 1.509215
v 1.049970 -0.045912 1.509215
v 1.060409 -0.046590 1.504755
v 1.069067 -0.048439 1.497412
v 1.017247 -0.060978 1.497413
v 1.024251 -0.056835 1.504755
v 1.032697 -0.051098 1.509215
v 1.017247 -0.032201 1.497413
v 1.024251 -0.036004 1.504755
v 1.032697 -0.040936 1.509215
v 1.049273 -0.025093 1.497413
v 1.046598 -0.029978 1.504755
v 1.043372 -0.037829 1.509215
v 1.040422 -0.045912 1.510433
v 1.074427 -0.050262 1.489417
v 1.050930 -0.022999 1.489417
v 1.012911 -0.030001 1.489417
v 1.012911 -0.063199 1.489417
v 1.050930 -0.068556 1.489417
v 1.067932 -0.036298 1.455412
v 1.029914 -0.019369 1.455412
v 1.006417 -0.046909 1.455412
v 1.029914 -0.068556 1.455412
v 1.067932 -0.063063 1.455412
v 1.040422 -0.045912 1.434396
v 1.040422 -0.068416 1.472414
v 1.034520 -0.068783 1.462866
v 1.073144 -0.040661 1.462866
v 1.076580 -0.044942 1.472414
v 1.076792 -0.048034 1.481963
v 1.076792 -0.054893 1.481963
v 1.076580 -0.058933 1.472414
v 1.073144 -0.061551 1.462866
v 1.039295 -0.019530 1.453317
v 1.050416 -0.023562 1.452426
v 1.060645 -0.030000 1.453318
v 1.008826 -0.039051 1.453318
v 1.014257 -0.030670 1.452427
v 1.022022 -0.023772 1.453318
v 1.031570 -0.023015 1.447416
v 1.034245 -0.029407 1.440073
v 1.037471 -0.037829 1.435614
v 1.022022 -0.066995 1.453318
v 1.014257 -0.062540 1.452427
v 1.008826 -0.054892 1.453318
v 1.011777 -0.046691 1.447416
v 1.020434 -0.046365 1.440074
v 1.030873 -0.046014 1.435614
v 1.048146 -0.040890 1.435614
v 1.056592 -0.036940 1.440073
v 1.063596 -0.035814 1.447416
v 1.071321 -0.042276 1.453318
v 1.072762 -0.049635 1.452427
v 1.071321 -0.057384 1.453318
v 1.060645 -0.066368 1.453318
v 1.050416 -0.068193 1.452426
v 1.039295 -0.068645 1.453317
v 1.048146 -0.051063 1.435614
v 1.056592 -0.056664 1.440073
v 1.063596 -0.060778 1.447416
v 1.031570 -0.066965 1.447416
v 1.034245 -0.062325 1.440073
v 1.037471 -0.054289 1.435614
v 1.042429 -0.066483 1.444903
v 1.045676 -0.060264 1.438409
v 1.054177 -0.064464 1.444903
v 1.065925 -0.043213 1.444903
v 1.065925 -0.052470 1.444904
v 1.057424 -0.046233 1.438409
v 1.016158 -0.055498 1.444904
v 1.026666 -0.055262 1.438409
v 1.023419 -0.063077 1.444904
v 1.023419 -0.029276 1.444903
v 1.026666 -0.037379 1.438409
v 1.016158 -0.037898 1.444904
v 1.054177 -0.029365 1.444903
v 1.045676 -0.032024 1.438409
v 1.042429 -0.024338 1.444903
v 1.078441 -0.052019 1.472414
v 1.076434 -0.055147 1.461906
v 1.076434 -0.047545 1.461906
v 1.052170 -0.068799 1.472414
v 1.045676 -0.068799 1.461906
v 1.057424 -0.068556 1.461906
v 1.009664 -0.064670 1.472414
v 1.007657 -0.060654 1.461906
v 1.014918 -0.066571 1.461906
v 1.009664 -0.028447 1.472414
v 1.014918 -0.025175 1.461906
v 1.007657 -0.033363 1.461906
v 1.052170 -0.022027 1.472414
v 1.057424 -0.025884 1.461906
v 1.045676 -0.019430 1.461906
v 1.065926 -0.066483 1.482923
v 1.071180 -0.064631 1.472414
v 1.073187 -0.061128 1.482923
v 1.023419 -0.068556 1.482923
v 1.028673 -0.068799 1.472414
v 1.035167 -0.068799 1.482923
v 1.004410 -0.041716 1.482923
v 1.002403 -0.047081 1.472414
v 1.004410 -0.052438 1.482923
v 1.035167 -0.016901 1.482923
v 1.028673 -0.016919 1.472414
v 1.023419 -0.019977 1.482923
v 1.073187 -0.040959 1.482923
v 1.071180 -0.037382 1.472414
v 1.065926 -0.032749 1.482923
v 1.054177 -0.055118 1.506420
v 1.057424 -0.062985 1.499925
v 1.064685 -0.055474 1.499925
v 1.035167 -0.060264 1.506420
v 1.026666 -0.064509 1.499925
v 1.038415 -0.066483 1.499925
v 1.023419 -0.046260 1.506420
v 1.014918 -0.041197 1.499925
v 1.014918 -0.052098 1.499925
v 1.035167 -0.031762 1.506420
v 1.038415 -0.023877 1.499925
v 1.026666 -0.027184 1.499925
v 1.054177 -0.037802 1.506420
v 1.064685 -0.040307 1.499925
v 1.057424 -0.031772 1.499925
vn 0.0009 -1.0000 0.0015
vn 0.1212 -0.9905 0.0650
vn 0.2363 -0.9717 0.0013
vn 0.4244 -0.8920 -0.1554
vn -0.9532 -0.1796 -0.2433
vn -0.9217 -0.3879 -0.0000
vn -0.7886 -0.5727 0.2239
vn -0.4356 -0.8871 0.1527
vn -0.2325 -0.9726 -0.0015
vn -0.1172 -0.9911 -0.0637
vn -0.3963 0.9006 -0.1782
vn -0.5243 0.8515 -0.0004
vn -0.6276 0.7525 0.1996
vn -0.8324 0.5067 0.2245
vn -0.9328 0.3603 0.0003
vn -0.9543 0.1789 -0.2393
vn 0.6884 0.7188 -0.0971
vn 0.6329 0.7742 0.0001
vn 0.5586 0.8247 0.0888
vn 0.3632 0.9254 0.1083
vn 0.2123 0.9772 0.0014
vn -0.0145 0.9893 -0.1454
vn 0.2962 -0.9063 0.3015
vn 0.5773 -0.6676 0.4701
vn 0.7816 -0.3486 0.5172
vn -0.3307 -0.8842 0.3298
vn -0.1047 -0.9708 0.2160
vn 0.0039 -0.9905 0.1375
vn -0.8076 0.3322 0.4873
vn -0.8508 0.0018 0.5254
vn -0.7948 -0.3494 0.4961
vn 0.1792 0.9270 0.3294
vn -0.2181 0.8833 0.4150
vn -0.4995 0.7545 0.4257
vn 0.8388 0.3449 0.4212
vn 0.7179 0.6082 0.3388
vn 0.5840 0.7670 0.2657
vn 0.1370 -0.9056 0.4015
vn 0.1443 -0.6414 0.7535
vn 0.0803 -0.2876 0.9544
vn 0.2620 0.0076 0.9650
vn 0.5314 0.0152 0.8470
vn 0.7523 0.0106 0.6587
vn -0.5495 -0.5658 0.6147
vn -0.4092 -0.3764 0.8312
vn -0.2083 -0.1708 0.9630
vn -0.5972 0.5047 0.6234
vn -0.4319 0.3553 0.8290
vn -0.2145 0.1757 0.9608
vn 0.3630 0.8078 0.4643
vn 0.2224 0.6073 0.7627
vn 0.0892 0.2935 0.9518
vn -0.0001 0.0026 1.0000
vn 0.8963 0.0023 0.4434
vn 0.4451 0.8676 0.2218
vn -0.6926 0.5989 0.4020
vn -0.6119 -0.6917 0.3837
vn 0.0778 -0.9890 0.1259
vn 0.7338 0.6298 -0.2548
vn -0.2312 0.9120 -0.3387
vn -0.8946 0.0017 -0.4469
vn -0.0763 -0.9892 -0.1250
vn 0.5884 -0.7098 -0.3872
vn 0.0001 0.0025 -1.0000
vn -0.0000 -1.0000 -0.0000
vn -0.0009 -1.0000 -0.0015
vn 0.8225 0.5505 -0.1433
vn 0.9087 0.4174 -0.0016
vn 0.9526 0.2188 0.2114
vn 0.9367 -0.2406 0.2545
vn 0.8746 -0.4848 -0.0005
vn 0.7339 -0.6388 -0.2309
vn 0.1213 0.9298 -0.3474
vn 0.4174 0.8571 -0.3018
vn 0.6046 0.7504 -0.2671
vn -0.8215 0.2890 -0.4916
vn -0.6665 0.5701 -0.4805
vn -0.4707 0.7762 -0.4194
vn -0.2022 0.8006 -0.5641
vn -0.1551 0.5819 -0.7984
vn -0.0812 0.2862 -0.9547
vn -0.2892 -0.9095 -0.2985
vn -0.5976 -0.6540 -0.4639
vn -0.8127 -0.2990 -0.5001
vn -0.7475 0.0024 -0.6643
vn -0.5262 0.0027 -0.8503
vn -0.2608 0.0036 -0.9654
vn 0.2205 0.1859 -0.9575
vn 0.4733 0.3987 -0.7855
vn 0.6608 0.5584 -0.5015
vn 0.8279 0.3909 -0.4023
vn 0.8533 0.0041 -0.5214
vn 0.7633 -0.3974 -0.5094
vn 0.3383 -0.8799 -0.3337
vn 0.1071 -0.9702 -0.2176
vn -0.0039 -0.9905 -0.1374
vn 0.2094 -0.1711 -0.9628
vn 0.4089 -0.3753 -0.8318
vn 0.5403 -0.5713 -0.6178
vn -0.1338 -0.9065 -0.4004
vn -0.1411 -0.6423 -0.7533
vn -0.0785 -0.2875 -0.9546
vn 0.0396 -0.8761 -0.4806
vn 0.1306 -0.5438 -0.8290
vn 0.2812 -0.7635 -0.5814
vn 0.6954 0.2153 -0.6856
vn 0.6526 -0.1891 -0.7337
vn 0.4597 0.0136 -0.8880
vn -0.6161 -0.3239 -0.7180
vn -0.3580 -0.3190 -0.8775
vn -0.3830 -0.6745 -0.6312
vn -0.4516 0.5879 -0.6712
vn -0.3751 0.3068 -0.8747
vn -0.6325 0.3093 -0.7101
vn 0.4536 0.7026 -0.5483
vn 0.1823 0.5266 -0.8303
vn 0.1509 0.7938 -0.5891
vn 0.9999 -0.0108 -0.0087
vn 0.9273 -0.2435 -0.2842
vn 0.9453 0.2210 -0.2397
vn 0.0150 -0.9999 -0.0015
vn 0.0081 -0.9999 -0.0127
vn 0.1351 -0.9873 -0.0835
vn -0.6286 -0.7777 -0.0082
vn -0.7882 -0.5608 -0.2534
vn -0.4329 -0.8840 -0.1766
vn -0.7517 0.6595 -0.0079
vn -0.6229 0.7490 -0.2259
vn -0.8293 0.4985 -0.2525
vn 0.4840 0.8751 -0.0043
vn 0.5571 0.8237 -0.1055
vn 0.3531 0.9266 -0.1291
vn 0.4212 -0.8892 0.1788
vn 0.5822 -0.8130 0.0076
vn 0.7353 -0.6255 0.2609
vn -0.1304 -0.9881 0.0819
vn -0.0145 -0.9999 0.0015
vn -0.0081 -0.9999 0.0127
vn -0.9460 0.1815 0.2686
vn -1.0000 0.0015 0.0089
vn -0.9445 -0.1836 0.2724
vn -0.0060 0.9853 0.1708
vn -0.2224 0.9749 0.0084
vn -0.3950 0.8960 0.2031
vn 0.8238 0.5421 0.1658
vn 0.7572 0.6532 0.0044
vn 0.6862 0.7182 0.1156
vn 0.3581 -0.3176 0.8780
vn 0.3861 -0.6717 0.6323
vn 0.6020 -0.3347 0.7250
vn -0.1279 -0.5441 0.8292
vn -0.2749 -0.7673 0.5794
vn -0.0386 -0.8762 0.4804
vn -0.4556 0.0023 0.8902
vn -0.6701 0.1797 0.7201
vn -0.6629 -0.1800 0.7267
vn -0.1378 0.5049 0.8521
vn 0.0027 0.7911 0.6117
vn -0.3535 0.6639 0.6590
vn 0.4043 0.3422 0.8482
vn 0.6733 0.3594 0.6461
vn 0.5335 0.6348 0.5590
vt 0.414423 0.105163
vt 0.400170 0.108965
vt 0.404635 0.117895
vt 0.410768 0.097855
vt 0.427286 0.095336
vt 0.423548 0.091107
vt 0.439701 0.091107
vt 0.420114 0.116546
vt 0.432199 0.105163
vt 0.444582 0.097855
vt 0.436941 0.117895
vt 0.448630 0.108965
vt 0.451137 0.121063
vt 0.383782 0.172518
vt 0.387428 0.175687
vt 0.391893 0.184616
vt 0.419336 0.172519
vt 0.433531 0.175687
vt 0.421843 0.184617
vt 0.476864 0.172519
vt 0.481991 0.175687
vt 0.470302 0.184617
vt 0.465838 0.175687
vt 0.407394 0.175687
vt 0.393609 0.121063
vt 0.395706 0.132343
vt 0.385722 0.132343
vt 0.460319 0.132343
vt 0.444166 0.132343
vt 0.486691 0.121064
vt 0.490269 0.132343
vt 0.463078 0.117895
vt 0.483045 0.117895
vt 0.388482 0.117895
vt 0.435237 0.089263
vt 0.449684 0.091107
vt 0.386300 0.116547
vt 0.396646 0.105163
vt 0.409509 0.095336
vt 0.478580 0.108965
vt 0.465480 0.097855
vt 0.471950 0.105163
vt 0.456050 0.095336
vt 0.474827 0.116547
vt 0.460963 0.105163
vt 0.414423 0.105163
vt 0.427286 0.095336
vt 0.432200 0.105163
vt 0.380204 0.161239
vt 0.380524 0.146791
vt 0.377709 0.146791
vt 0.380745 0.130890
vt 0.426307 0.161239
vt 0.410154 0.161239
vt 0.435237 0.146791
vt 0.417459 0.146791
vt 0.427286 0.130890
vt 0.401423 0.146791
vt 0.409509 0.130890
vt 0.484751 0.161239
vt 0.474767 0.161239
vt 0.489949 0.146791
vt 0.481778 0.146791
vt 0.484814 0.130890
vt 0.469051 0.146791
vt 0.473827 0.130890
vt 0.396645 0.162692
vt 0.388695 0.146791
vt 0.395646 0.177035
vt 0.385659 0.162691
vt 0.460964 0.162692
vt 0.453014 0.146791
vt 0.450359 0.177035
vt 0.443187 0.162692
vt 0.489728 0.162692
vt 0.492764 0.146791
vt 0.484172 0.177035
vt 0.453014 0.146791
vt 0.385659 0.162692
vt 0.388695 0.146791
vt 0.430772 0.202475
vt 0.420788 0.202475
vt 0.435237 0.204319
vt 0.425891 0.195727
vt 0.414423 0.198245
vt 0.409509 0.188419
vt 0.404992 0.195727
vt 0.398523 0.188419
vt 0.446925 0.202475
vt 0.459704 0.195727
vt 0.443187 0.198246
vt 0.456050 0.188419
vt 0.438273 0.188419
vt 0.460963 0.198245
vt 0.473827 0.188419
s 1
usemtl atlas
f 185/46/147 179/47/141 174/48/136
f 178/49/140 179/47/141 185/46/147
f 184/50/146 178/49/140 185/46/147
f 177/51/139 178/49/140 184/50/146
f 182/52/144 177/51/139 184/50/146
f 185/46/147 174/48/136 175/53/137
f 183/54/145 185/46/147 175/53/137
f 184/50/146 185/46/147 183/54/145
f 181/55/143 184/50/146 183/54/145
f 183/54/145 175/53/137 176/56/138
f 180/57/142 183/54/145 176/56/138
f 182/52/144 184/50/146 181/55/143
f 181/55/143 183/54/145 180/57/142
f 180/57/142 176/56/138 142/58/104
f 134/59/96 115/60/77 123/61/85
f 135/62/97 112/63/74 130/64/92
f 136/65/98 109/66/71 127/67/89
f 137/65/99 106/68/68 124/67/86
f 138/62/100 103/69/65 118/64/80
f 139/70/101 97/71/59 147/72/109
f 140/58/102 91/73/53 102/74/64
f 141/75/103 85/76/47 96/76/58
f 142/58/104 146/74/108 90/73/52
f 143/70/105 152/72/114 84/71/46
f 139/70/101 155/48/117 97/71/59
f 140/58/102 158/77/120 91/73/53
f 141/75/103 164/78/126 85/76/47
f 142/58/104 176/56/138 146/74/108
f 143/70/105 173/79/135 152/72/114
f 144/80/106 161/52/123 168/51/130
f 144/80/106 167/81/129 161/52/123
f 144/80/106 182/52/144 167/81/129
f 143/70/105 179/47/141 173/79/135
f 144/80/106 177/51/139 182/52/144
f 179/47/141 143/70/105 174/48/136
f 171/79/133 170/47/132 139/70/101
f 172/82/134 186/83/148 171/79/133
f 173/79/135 187/83/149 172/82/134
f 171/79/133 186/83/148 170/47/132
f 186/83/148 169/49/131 170/47/132
f 172/82/134 187/83/149 186/83/148
f 187/83/149 188/84/150 186/83/148
f 186/83/148 188/84/150 169/49/131
f 188/84/150 168/51/130 169/49/131
f 173/79/135 179/47/141 187/83/149
f 179/47/141 178/49/140 187/83/149
f 187/83/149 178/49/140 188/84/150
f 178/49/140 177/51/139 188/84/150
f 188/84/150 177/51/139 168/51/130
f 177/51/139 144/80/106 168/51/130
f 165/85/127 164/78/126 141/75/103
f 166/86/128 189/87/151 165/85/127
f 167/81/129 190/88/152 166/86/128
f 165/85/127 189/87/151 164/78/126
f 189/87/151 163/89/125 164/78/126
f 166/86/128 190/88/152 189/87/151
f 190/88/152 191/90/153 189/87/151
f 189/87/151 191/90/153 163/89/125
f 191/90/153 162/77/124 163/89/125
f 167/81/129 182/52/144 190/88/152
f 182/52/144 181/55/143 190/88/152
f 190/88/152 181/55/143 191/90/153
f 181/55/143 180/57/142 191/90/153
f 191/90/153 180/57/142 162/77/124
f 180/57/142 142/58/104 162/77/124
f 159/57/121 158/77/120 140/58/102
f 160/55/122 192/90/154 159/57/121
f 161/52/123 193/88/155 160/55/122
f 159/57/121 192/90/154 158/77/120
f 192/90/154 157/89/119 158/77/120
f 160/55/122 193/88/155 192/90/154
f 193/88/155 194/87/156 192/90/154
f 192/90/154 194/87/156 157/89/119
f 194/87/156 156/78/118 157/89/119
f 161/52/123 167/81/129 193/88/155
f 167/81/129 166/86/128 193/88/155
f 193/88/155 166/86/128 194/87/156
f 166/86/128 165/85/127 194/87/156
f 194/87/156 165/85/127 156/78/118
f 165/85/127 141/75/103 156/78/118
f 170/47/132 155/48/117 139/70/101
f 169/49/131 195/91/157 170/47/132
f 168/51/130 196/92/158 169/49/131
f 170/47/132 195/91/157 155/48/117
f 195/91/157 154/53/116 155/48/117
f 169/49/131 196/92/158 195/91/157
f 196/92/158 197/93/159 195/91/157
f 195/91/157 197/93/159 154/53/116
f 197/93/159 153/56/115 154/53/116
f 168/51/130 161/52/123 196/92/158
f 161/52/123 160/55/122 196/92/158
f 196/92/158 160/55/122 197/93/159
f 160/55/122 159/57/121 197/93/159
f 197/93/159 159/57/121 153/56/115
f 159/57/121 140/58/102 153/56/115
f 150/94/112 149/94/111 134/59/96
f 151/95/113 198/96/160 150/94/112
f 152/72/114 199/97/161 151/95/113
f 150/94/112 198/96/160 149/94/111
f 198/96/160 148/95/110 149/94/111
f 151/95/113 199/97/161 198/96/160
f 199/97/161 200/97/162 198/96/160
f 198/96/160 200/97/162 148/95/110
f 200/97/162 147/72/109 148/95/110
f 152/72/114 173/79/135 199/97/161
f 173/79/135 172/82/134 199/97/161
f 199/97/161 172/82/134 200/97/162
f 172/82/134 171/79/133 200/97/162
f 200/97/162 171/79/133 147/72/109
f 171/79/133 139/70/101 147/72/109
f 81/98/43 82/99/44 138/62/100
f 145/100/107 201/101/163 81/98/43
f 146/74/108 202/102/164 145/100/107
f 81/98/43 201/101/163 82/99/44
f 201/101/163 83/103/45 82/99/44
f 145/100/107 202/102/164 201/101/163
f 202/102/164 203/104/165 201/101/163
f 201/101/163 203/104/165 83/103/45
f 203/104/165 84/71/46 83/103/45
f 146/74/108 176/56/138 202/102/164
f 176/56/138 175/53/137 202/102/164
f 202/102/164 175/53/137 203/104/165
f 175/53/137 174/48/136 203/104/165
f 203/104/165 174/48/136 84/71/46
f 174/48/136 143/70/105 84/71/46
f 87/105/49 88/106/50 137/65/99
f 86/107/48 204/108/166 87/105/49
f 85/76/47 205/109/167 86/107/48
f 87/105/49 204/108/166 88/106/50
f 204/108/166 89/110/51 88/106/50
f 86/107/48 205/109/167 204/108/166
f 205/109/167 206/111/168 204/108/166
f 204/108/166 206/111/168 89/110/51
f 206/111/168 90/73/52 89/110/51
f 85/76/47 164/78/126 205/109/167
f 164/78/126 163/89/125 205/109/167
f 205/109/167 163/89/125 206/111/168
f 163/89/125 162/77/124 206/111/168
f 206/111/168 162/77/124 90/73/52
f 162/77/124 142/58/104 90/73/52
f 93/106/55 94/105/56 136/65/98
f 92/110/54 207/108/169 93/106/55
f 91/73/53 208/111/170 92/110/54
f 93/106/55 207/108/169 94/105/56
f 207/108/169 95/107/57 94/105/56
f 92/110/54 208/111/170 207/108/169
f 208/111/170 209/109/171 207/108/169
f 207/108/169 209/109/171 95/107/57
f 209/109/171 96/76/58 95/107/57
f 91/73/53 158/77/120 208/111/170
f 158/77/120 157/89/119 208/111/170
f 208/111/170 157/89/119 209/109/171
f 157/89/119 156/78/118 209/109/171
f 209/109/171 156/78/118 96/76/58
f 156/78/118 141/75/103 96/76/58
f 99/99/61 100/98/62 135/62/97
f 98/103/60 210/101/172 99/99/61
f 97/71/59 211/104/173 98/103/60
f 99/99/61 210/101/172 100/98/62
f 210/101/172 101/100/63 100/98/62
f 98/103/60 211/104/173 210/101/172
f 211/104/173 212/102/174 210/101/172
f 210/101/172 212/102/174 101/100/63
f 212/102/174 102/74/64 101/100/63
f 97/71/59 155/48/117 211/104/173
f 155/48/117 154/53/116 211/104/173
f 211/104/173 154/53/116 212/102/174
f 154/53/116 153/56/115 212/102/174
f 212/102/174 153/56/115 102/74/64
f 153/56/115 140/58/102 102/74/64
f 82/99/44 103/69/65 138/62/100
f 83/103/45 213/112/175 82/99/44
f 84/71/46 214/113/176 83/103/45
f 82/99/44 213/112/175 103/69/65
f 213/112/175 104/114/66 103/69/65
f 83/103/45 214/113/176 213/112/175
f 214/113/176 215/115/177 213/112/175
f 213/112/175 215/115/177 104/114/66
f 215/115/177 105/60/67 104/114/66
f 84/71/46 152/72/114 214/113/176
f 152/72/114 151/95/113 214/113/176
f 214/113/176 151/95/113 215/115/177
f 151/95/113 150/94/112 215/115/177
f 215/115/177 150/94/112 105/60/67
f 150/94/112 134/59/96 105/60/67
f 88/106/50 106/68/68 137/65/99
f 89/110/51 216/116/178 88/106/50
f 90/73/52 217/117/179 89/110/51
f 88/106/50 216/116/178 106/68/68
f 216/116/178 107/118/69 106/68/68
f 89/110/51 217/117/179 216/116/178
f 217/117/179 218/119/180 216/116/178
f 216/116/178 218/119/180 107/118/69
f 218/119/180 108/63/70 107/118/69
f 90/73/52 146/74/108 217/117/179
f 146/74/108 145/100/107 217/117/179
f 217/117/179 145/100/107 218/119/180
f 145/100/107 81/98/43 218/119/180
f 218/119/180 81/98/43 108/63/70
f 81/98/43 138/62/100 108/63/70
f 94/105/56 109/66/71 136/65/98
f 95/107/57 219/120/181 94/105/56
f 96/76/58 220/121/182 95/107/57
f 94/105/56 219/120/181 109/66/71
f 219/120/181 110/122/72 109/66/71
f 95/107/57 220/121/182 219/120/181
f 220/121/182 221/120/183 219/120/181
f 219/120/181 221/120/183 110/122/72
f 221/120/183 111/66/73 110/122/72
f 96/76/58 85/76/47 220/121/182
f 85/76/47 86/107/48 220/121/182
f 220/121/182 86/107/48 221/120/183
f 86/107/48 87/105/49 221/120/183
f 221/120/183 87/105/49 111/66/73
f 87/105/49 137/65/99 111/66/73
f 100/98/62 112/63/74 135/62/97
f 101/100/63 222/119/184 100/98/62
f 102/74/64 223/123/185 101/100/63
f 100/98/62 222/119/184 112/63/74
f 222/119/184 113/118/75 112/63/74
f 101/100/63 223/123/185 222/119/184
f 223/123/185 224/116/186 222/119/184
f 222/119/184 224/116/186 113/118/75
f 224/116/186 114/68/76 113/118/75
f 102/74/64 91/73/53 223/123/185
f 91/73/53 92/110/54 223/123/185
f 223/123/185 92/110/54 224/116/186
f 92/110/54 93/106/55 224/116/186
f 224/116/186 93/106/55 114/68/76
f 93/106/55 136/65/98 114/68/76
f 149/94/111 115/60/77 134/59/96
f 148/95/110 225/124/187 149/94/111
f 147/72/109 226/125/188 148/95/110
f 149/94/111 225/124/187 115/60/77
f 225/124/187 116/114/78 115/60/77
f 148/95/110 226/125/188 225/124/187
f 226/125/188 227/112/189 225/124/187
f 225/124/187 227/112/189 116/114/78
f 227/112/189 117/69/79 116/114/78
f 147/72/109 97/71/59 226/125/188
f 97/71/59 98/103/60 226/125/188
f 226/125/188 98/103/60 227/112/189
f 98/103/60 99/99/61 227/112/189
f 227/112/189 99/99/61 117/69/79
f 99/99/61 135/62/97 117/69/79
f 120/126/82 121/127/83 133/128/95
f 119/129/81 228/130/190 120/126/82
f 118/64/80 229/131/191 119/129/81
f 120/126/82 228/130/190 121/127/83
f 228/130/190 122/132/84 121/127/83
f 119/129/81 229/131/191 228/130/190
f 229/131/191 230/133/192 228/130/190
f 228/130/190 230/133/192 122/132/84
f 230/133/192 123/61/85 122/132/84
f 118/64/80 103/69/65 229/131/191
f 103/69/65 104/114/66 229/131/191
f 229/131/191 104/114/66 230/133/192
f 104/114/66 105/60/67 230/133/192
f 230/133/192 105/60/67 123/61/85
f 105/60/67 134/59/96 123/61/85
f 126/134/88 120/126/82 133/128/95
f 125/135/87 231/136/193 126/134/88
f 124/67/86 232/137/194 125/135/87
f 126/134/88 231/136/193 120/126/82
f 231/136/193 119/129/81 120/126/82
f 125/135/87 232/137/194 231/136/193
f 232/137/194 233/138/195 231/136/193
f 231/136/193 233/138/195 119/129/81
f 233/138/195 118/64/80 119/129/81
f 124/67/86 106/68/68 232/137/194
f 106/68/68 107/118/69 232/137/194
f 232/137/194 107/118/69 233/138/195
f 107/118/69 108/63/70 233/138/195
f 233/138/195 108/63/70 118/64/80
f 108/63/70 138/62/100 118/64/80
f 129/134/91 126/134/88 133/128/95
f 128/135/90 234/139/196 129/134/91
f 127/67/89 235/140/197 128/135/90
f 129/134/91 234/139/196 126/134/88
f 234/139/196 125/135/87 126/134/88
f 128/135/90 235/140/197 234/139/196
f 235/140/197 236/140/198 234/139/196
f 234/139/196 236/140/198 125/135/87
f 236/140/198 124/67/86 125/135/87
f 127/67/89 109/66/71 235/140/197
f 109/66/71 110/122/72 235/140/197
f 235/140/197 110/122/72 236/140/198
f 110/122/72 111/66/73 236/140/198
f 236/140/198 111/66/73 124/67/86
f 111/66/73 137/65/99 124/67/86
f 132/126/94 129/134/91 133/128/95
f 131/129/93 237/136/199 132/126/94
f 130/64/92 238/138/200 131/129/93
f 132/126/94 237/136/199 129/134/91
f 237/136/199 128/135/90 129/134/91
f 131/129/93 238/138/200 237/136/199
f 238/138/200 239/137/201 237/136/199
f 237/136/199 239/137/201 128/135/90
f 239/137/201 127/67/89 128/135/90
f 130/64/92 112/63/74 238/138/200
f 112/63/74 113/118/75 238/138/200
f 238/138/200 113/118/75 239/137/201
f 113/118/75 114/68/76 239/137/201
f 239/137/201 114/68/76 127/67/89
f 114/68/76 136/65/98 127/67/89
f 121/127/83 132/126/94 133/128/95
f 122/132/84 240/130/202 121/127/83
f 123/61/85 241/133/203 122/132/84
f 121/127/83 240/130/202 132/126/94
f 240/130/202 131/129/93 132/126/94
f 122/132/84 241/133/203 240/130/202
f 241/133/203 242/131/204 240/130/202
f 240/130/202 242/131/204 131/129/93
f 242/131/204 130/64/92 131/129/93
f 123/61/85 115/60/77 241/133/203
f 115/60/77 116/114/78 241/133/203
f 241/133/203 116/114/78 242/131/204
f 116/114/78 117/69/79 242/131/204
f 242/131/204 117/69/79 130/64/92
f 117/69/79 135/62/97 130/64/92
o Cylinder.025
v 1.104668 -0.074739 1.486737
v 1.120681 -0.074500 1.486737
v 1.129336 -0.073936 1.472414
v 1.135003 -0.071793 1.458092
v 1.041261 -0.055708 1.458092
v 1.041579 -0.061344 1.472414
v 1.046732 -0.065614 1.486737
v 1.056628 -0.071793 1.486737
v 1.062295 -0.073936 1.472414
v 1.070951 -0.074500 1.458092
v 1.070951 -0.029133 1.458092
v 1.062295 -0.029221 1.472414
v 1.056628 -0.030374 1.486737
v 1.046732 -0.035459 1.486737
v 1.041579 -0.039416 1.472414
v 1.041261 -0.044857 1.458092
v 1.135003 -0.030373 1.458092
v 1.129336 -0.029221 1.472414
v 1.120681 -0.029133 1.486737
v 1.104668 -0.029585 1.486737
v 1.095816 -0.030191 1.472414
v 1.086964 -0.029585 1.458092
v 1.123416 -0.072480 1.501060
v 1.135062 -0.067286 1.502396
v 1.143209 -0.058948 1.501060
v 1.065480 -0.071793 1.501060
v 1.080825 -0.073936 1.502396
v 1.097506 -0.074500 1.501060
v 1.049467 -0.039855 1.501060
v 1.047305 -0.050253 1.502396
v 1.049467 -0.060881 1.501060
v 1.097506 -0.029133 1.501060
v 1.080825 -0.029221 1.502396
v 1.065480 -0.030374 1.501060
v 1.143209 -0.041707 1.501060
v 1.135062 -0.033976 1.502396
v 1.123416 -0.029926 1.501060
v 1.109094 -0.072479 1.509912
v 1.105080 -0.067286 1.520926
v 1.100242 -0.058948 1.527615
v 1.110138 -0.050253 1.527615
v 1.125797 -0.050253 1.520926
v 1.138783 -0.050253 1.509912
v 1.061054 -0.065614 1.509912
v 1.071560 -0.061344 1.520926
v 1.084229 -0.055708 1.527615
v 1.061054 -0.035459 1.509912
v 1.071560 -0.039416 1.520926
v 1.084229 -0.044857 1.527615
v 1.109094 -0.029926 1.509912
v 1.105080 -0.033976 1.520926
v 1.100242 -0.041707 1.527615
v 1.095816 -0.050253 1.529443
v 1.146824 -0.050253 1.497918
v 1.111578 -0.029131 1.497919
v 1.054550 -0.033356 1.497919
v 1.054550 -0.068005 1.497919
v 1.111578 -0.074386 1.497919
v 1.137082 -0.033356 1.446910
v 1.080054 -0.029131 1.446910
v 1.044808 -0.050253 1.446911
v 1.080054 -0.074386 1.446910
v 1.137082 -0.068005 1.446910
v 1.095816 -0.050253 1.415386
v 1.095816 -0.074352 1.472414
v 1.086964 -0.074739 1.458092
v 1.144900 -0.035459 1.458092
v 1.150053 -0.039416 1.472414
v 1.150371 -0.044857 1.486737
v 1.150371 -0.055708 1.486737
v 1.150053 -0.061344 1.472414
v 1.144900 -0.065614 1.458092
v 1.094126 -0.029133 1.443769
v 1.110807 -0.029221 1.442433
v 1.126152 -0.030374 1.443769
v 1.048422 -0.041707 1.443769
v 1.056570 -0.033976 1.442433
v 1.068216 -0.029926 1.443769
v 1.082538 -0.029926 1.434917
v 1.086551 -0.033976 1.423903
v 1.091390 -0.041707 1.417214
v 1.068216 -0.072479 1.443769
v 1.056570 -0.067286 1.442433
v 1.048422 -0.058948 1.443769
v 1.052848 -0.050253 1.434917
v 1.065834 -0.050253 1.423903
v 1.081493 -0.050253 1.417214
v 1.107403 -0.044857 1.417214
v 1.120071 -0.039416 1.423903
v 1.130577 -0.035459 1.434917
v 1.142165 -0.039855 1.443769
v 1.144327 -0.050253 1.442433
v 1.142165 -0.060881 1.443769
v 1.126152 -0.071793 1.443769
v 1.110807 -0.073936 1.442433
v 1.094126 -0.074500 1.443769
v 1.107403 -0.055708 1.417214
v 1.120071 -0.061344 1.423903
v 1.130577 -0.065614 1.434917
v 1.082538 -0.072479 1.434917
v 1.086551 -0.067286 1.423903
v 1.091390 -0.058948 1.417214
v 1.098827 -0.071925 1.431148
v 1.103697 -0.065080 1.421407
v 1.116449 -0.069637 1.431148
v 1.134071 -0.044333 1.431148
v 1.134071 -0.056243 1.431148
v 1.121320 -0.050253 1.421407
v 1.059421 -0.059779 1.431148
v 1.075183 -0.059779 1.421407
v 1.070312 -0.068005 1.431148
v 1.070312 -0.033356 1.431148
v 1.075183 -0.040909 1.421407
v 1.059421 -0.040909 1.431148
v 1.116449 -0.031998 1.431148
v 1.103697 -0.035942 1.421407
v 1.098826 -0.030284 1.431148
v 1.152844 -0.050253 1.472414
v 1.149834 -0.056243 1.456652
v 1.149834 -0.044333 1.456652
v 1.113439 -0.074753 1.472414
v 1.103697 -0.074753 1.456652
v 1.121320 -0.074386 1.456652
v 1.049679 -0.069637 1.472414
v 1.046668 -0.065081 1.456652
v 1.057560 -0.071925 1.456652
v 1.049679 -0.031998 1.472414
v 1.057560 -0.030284 1.456652
v 1.046668 -0.035942 1.456652
v 1.113439 -0.029544 1.472414
v 1.121320 -0.029131 1.456652
v 1.103697 -0.029544 1.456652
v 1.134072 -0.071926 1.488177
v 1.141953 -0.069637 1.472414
v 1.144963 -0.065081 1.488177
v 1.070312 -0.074386 1.488177
v 1.078193 -0.074753 1.472414
v 1.087935 -0.074753 1.488177
v 1.041798 -0.044333 1.488177
v 1.038787 -0.050253 1.472414
v 1.041798 -0.056243 1.488177
v 1.087935 -0.029544 1.488177
v 1.078193 -0.029544 1.472414
v 1.070312 -0.029131 1.488177
v 1.144963 -0.035942 1.488177
v 1.141953 -0.031998 1.472414
v 1.134072 -0.030283 1.488177
v 1.116449 -0.059779 1.523422
v 1.121320 -0.068005 1.513681
v 1.132211 -0.059779 1.513681
v 1.087935 -0.065080 1.523422
v 1.075183 -0.069637 1.513681
v 1.092805 -0.071925 1.513681
v 1.070312 -0.050253 1.523422
v 1.057560 -0.044333 1.513681
v 1.057560 -0.056243 1.513681
v 1.087935 -0.035942 1.523422
v 1.092805 -0.030284 1.513681
v 1.075183 -0.031998 1.513681
v 1.116449 -0.040909 1.523422
v 1.132211 -0.040908 1.513681
v 1.121320 -0.033356 1.513681
vn 0.0031 -1.0000 0.0051
vn 0.0995 -0.9936 0.0535
vn 0.1949 -0.9808 0.0012
vn 0.3656 -0.9222 -0.1261
vn -0.9414 -0.2391 -0.2378
vn -0.8762 -0.4819 0.0006
vn -0.7143 -0.6704 0.2010
vn -0.3655 -0.9222 0.1261
vn -0.1949 -0.9808 -0.0012
vn -0.0995 -0.9936 -0.0535
vn -0.0266 0.9996 -0.0132
vn -0.1016 0.9948 -0.0012
vn -0.2807 0.9551 0.0946
vn -0.6802 0.7076 0.1915
vn -0.8624 0.5062 0.0007
vn -0.9392 0.2482 -0.2372
vn 0.2808 0.9551 -0.0946
vn 0.1015 0.9948 0.0012
vn 0.0266 0.9996 0.0132
vn -0.0171 0.9995 -0.0277
vn -0.0000 1.0000 -0.0000
vn 0.0171 0.9995 0.0277
vn 0.2400 -0.9397 0.2438
vn 0.5301 -0.7443 0.4062
vn 0.7859 -0.3886 0.4810
vn -0.2763 -0.9222 0.2706
vn -0.0861 -0.9808 0.1749
vn 0.0033 -0.9936 0.1130
vn -0.7523 0.4667 0.4650
vn -0.8506 0.0022 0.5257
vn -0.7615 -0.4457 0.4706
vn -0.0001 0.9996 0.0297
vn -0.0443 0.9948 0.0914
vn -0.2101 0.9551 0.2088
vn 0.7795 0.4053 0.4776
vn 0.4920 0.7845 0.3775
vn 0.1726 0.9695 0.1742
vn 0.1107 -0.9397 0.3237
vn 0.1262 -0.7443 0.6558
vn 0.0787 -0.3886 0.9180
vn 0.2587 0.0021 0.9659
vn 0.5257 0.0024 0.8506
vn 0.7483 0.0021 0.6634
vn -0.4992 -0.6704 0.5490
vn -0.3924 -0.4819 0.7835
vn -0.2083 -0.2391 0.9484
vn -0.4755 0.7076 0.5228
vn -0.3863 0.5062 0.7710
vn -0.2079 0.2482 0.9462
vn 0.0786 0.9695 0.2323
vn 0.1176 0.7845 0.6089
vn 0.0786 0.4053 0.9108
vn -0.0014 0.0016 1.0000
vn 0.8951 0.0016 0.4460
vn 0.0170 0.9995 0.0275
vn -0.4891 0.8182 0.3023
vn -0.5353 -0.7772 0.3308
vn 0.0639 -0.9926 0.1034
vn 0.4891 0.8182 -0.3023
vn -0.0170 0.9995 -0.0275
vn -0.8951 0.0016 -0.4460
vn -0.0639 -0.9926 -0.1034
vn 0.5353 -0.7772 -0.3308
vn 0.0014 0.0016 -1.0000
vn -0.0000 -1.0000 -0.0000
vn -0.0031 -1.0000 -0.0051
vn 0.6802 0.7075 -0.1915
vn 0.8624 0.5062 -0.0007
vn 0.9392 0.2482 0.2372
vn 0.9414 -0.2391 0.2378
vn 0.8762 -0.4819 -0.0006
vn 0.7143 -0.6704 -0.2010
vn 0.0001 0.9996 -0.0297
vn 0.0443 0.9948 -0.0914
vn 0.2101 0.9551 -0.2088
vn -0.7795 0.4053 -0.4776
vn -0.4920 0.7845 -0.3775
vn -0.1726 0.9695 -0.1742
vn -0.0786 0.9695 -0.2323
vn -0.1176 0.7845 -0.6089
vn -0.0786 0.4053 -0.9108
vn -0.2400 -0.9397 -0.2438
vn -0.5301 -0.7443 -0.4062
vn -0.7859 -0.3886 -0.4810
vn -0.7483 0.0021 -0.6634
vn -0.5257 0.0024 -0.8506
vn -0.2587 0.0021 -0.9659
vn 0.2079 0.2482 -0.9462
vn 0.3863 0.5062 -0.7710
vn 0.4755 0.7075 -0.5228
vn 0.7523 0.4667 -0.4650
vn 0.8506 0.0022 -0.5257
vn 0.7615 -0.4457 -0.4706
vn 0.2763 -0.9222 -0.2706
vn 0.0861 -0.9808 -0.1749
vn -0.0033 -0.9936 -0.1130
vn 0.2083 -0.2391 -0.9484
vn 0.3924 -0.4819 -0.7835
vn 0.4992 -0.6704 -0.5490
vn -0.1107 -0.9397 -0.3237
vn -0.1262 -0.7443 -0.6558
vn -0.0787 -0.3886 -0.9180
vn 0.0320 -0.9200 -0.3905
vn 0.1169 -0.6579 -0.7440
vn 0.2364 -0.8403 -0.4879
vn 0.6541 0.2547 -0.7122
vn 0.6559 -0.2445 -0.7141
vn 0.4552 0.0024 -0.8904
vn -0.5953 -0.4176 -0.6865
vn -0.3478 -0.4176 -0.8394
vn -0.3383 -0.7654 -0.5474
vn -0.3110 0.8063 -0.5032
vn -0.3445 0.4370 -0.8309
vn -0.5891 0.4370 -0.6797
vn 0.2058 0.8811 -0.4259
vn 0.1114 0.6937 -0.7115
vn 0.0253 0.9532 -0.3012
vn 1.0000 0.0024 -0.0089
vn 0.9321 -0.2445 -0.2673
vn 0.9296 0.2547 -0.2666
vn 0.0164 -0.9999 -0.0013
vn 0.0085 -0.9999 -0.0141
vn 0.1101 -0.9916 -0.0680
vn -0.5421 -0.8403 -0.0068
vn -0.7177 -0.6579 -0.2282
vn -0.3636 -0.9200 -0.1460
vn -0.4729 0.8811 -0.0064
vn -0.2807 0.9532 -0.1120
vn -0.6863 0.6938 -0.2186
vn -0.0274 0.9996 0.0001
vn 0.0374 0.9990 -0.0231
vn -0.0123 0.9996 0.0245
vn 0.3636 -0.9200 0.1460
vn 0.5421 -0.8403 0.0068
vn 0.7177 -0.6579 0.2282
vn -0.1101 -0.9916 0.0680
vn -0.0164 -0.9999 0.0013
vn -0.0085 -0.9999 0.0141
vn -0.9296 0.2547 0.2666
vn -1.0000 0.0024 0.0089
vn -0.9321 -0.2445 0.2673
vn 0.0123 0.9996 -0.0245
vn 0.0274 0.9996 -0.0001
vn -0.0374 0.9990 0.0231
vn 0.6863 0.6938 0.2186
vn 0.4729 0.8811 0.0064
vn 0.2807 0.9532 0.1120
vn 0.3478 -0.4176 0.8395
vn 0.3383 -0.7655 0.5474
vn 0.5953 -0.4176 0.6865
vn -0.1169 -0.6579 0.7440
vn -0.2364 -0.8403 0.4879
vn -0.0320 -0.9200 0.3905
vn -0.4552 0.0024 0.8904
vn -0.6541 0.2547 0.7122
vn -0.6559 -0.2445 0.7141
vn -0.1114 0.6937 0.7116
vn -0.0254 0.9532 0.3012
vn -0.2058 0.8811 0.4259
vn 0.3445 0.4370 0.8309
vn 0.5891 0.4370 0.6797
vn 0.3110 0.8063 0.5032
vt 0.320196 0.084349
vt 0.298818 0.090052
vt 0.305515 0.103446
vt 0.314715 0.073387
vt 0.339492 0.069609
vt 0.333885 0.063265
vt 0.358114 0.063265
vt 0.328734 0.101424
vt 0.346862 0.084349
vt 0.365436 0.073386
vt 0.353975 0.103446
vt 0.371508 0.090052
vt 0.375268 0.108200
vt 0.274235 0.185382
vt 0.279704 0.190135
vt 0.286401 0.203529
vt 0.327567 0.185382
vt 0.348859 0.190136
vt 0.331326 0.203530
vt 0.413859 0.185382
vt 0.421549 0.190135
vt 0.404016 0.203530
vt 0.397319 0.190136
vt 0.309654 0.190136
vt 0.288976 0.108200
vt 0.292121 0.125119
vt 0.277146 0.125119
vt 0.389041 0.125119
vt 0.364811 0.125119
vt 0.428599 0.108200
vt 0.433966 0.125119
vt 0.393180 0.103446
vt 0.423130 0.103447
vt 0.281285 0.103447
vt 0.351417 0.060499
vt 0.373089 0.063265
vt 0.278013 0.101424
vt 0.293531 0.084349
vt 0.312827 0.069609
vt 0.416433 0.090053
vt 0.396783 0.073387
vt 0.406488 0.084349
vt 0.382638 0.069609
vt 0.410802 0.101424
vt 0.390008 0.084349
vt 0.390008 0.084349
vt 0.382638 0.069609
vt 0.320197 0.084349
vt 0.339492 0.069609
vt 0.346862 0.084349
vt 0.268868 0.168463
vt 0.269349 0.146791
vt 0.265125 0.146791
vt 0.269681 0.122940
vt 0.338024 0.168463
vt 0.313793 0.168463
vt 0.351417 0.146791
vt 0.324751 0.146791
vt 0.339492 0.122940
vt 0.300696 0.146791
vt 0.312826 0.122940
vt 0.425689 0.168463
vt 0.410713 0.168463
vt 0.433486 0.146791
vt 0.421229 0.146791
vt 0.425784 0.122940
vt 0.402138 0.146791
vt 0.409304 0.122940
vt 0.293531 0.170642
vt 0.281605 0.146791
vt 0.292032 0.192158
vt 0.277051 0.170642
vt 0.390008 0.170642
vt 0.378083 0.146791
vt 0.374101 0.192158
vt 0.363343 0.170642
vt 0.433154 0.170642
vt 0.437709 0.146791
vt 0.424821 0.192158
vt 0.277051 0.170642
vt 0.281605 0.146791
vt 0.344720 0.230317
vt 0.329745 0.230317
vt 0.351417 0.233083
vt 0.337399 0.220196
vt 0.320197 0.223973
vt 0.312827 0.209233
vt 0.306051 0.220195
vt 0.296346 0.209233
vt 0.368950 0.230317
vt 0.388119 0.220196
vt 0.363343 0.223973
vt 0.382638 0.209233
vt 0.355973 0.209233
vt 0.390008 0.223973
vt 0.409304 0.209233
s 1
usemtl atlas
f 347/141/309 341/142/303 336/143/298
f 340/144/302 341/142/303 347/141/309
f 346/145/308 340/144/302 347/141/309
f 339/146/301 340/144/302 346/145/308
f 344/147/306 339/146/301 346/145/308
f 347/141/309 336/143/298 337/148/299
f 345/149/307 347/141/309 337/148/299
f 346/145/308 347/141/309 345/149/307
f 343/150/305 346/145/308 345/149/307
f 345/149/307 337/148/299 338/151/300
f 342/152/304 345/149/307 338/151/300
f 344/147/306 346/145/308 343/150/305
f 343/150/305 345/149/307 342/152/304
f 342/152/304 338/151/300 304/153/266
f 296/154/258 277/155/239 285/156/247
f 297/157/259 274/158/236 292/159/254
f 298/160/260 271/161/233 289/162/251
f 299/160/261 268/163/230 286/162/248
f 300/157/262 265/164/227 280/159/242
f 301/165/263 259/166/221 309/167/271
f 302/153/264 253/168/215 264/169/226
f 303/170/265 247/171/209 258/171/220
f 304/153/266 308/169/270 252/168/214
f 305/165/267 314/167/276 246/166/208
f 301/165/263 317/143/279 259/166/221
f 302/153/264 320/172/282 253/168/215
f 303/170/265 326/173/288 247/171/209
f 304/153/266 338/151/300 308/169/270
f 305/165/267 335/174/297 314/167/276
f 306/175/268 323/147/285 330/146/292
f 306/175/268 329/176/291 323/147/285
f 306/175/268 344/147/306 329/176/291
f 305/165/267 341/142/303 335/174/297
f 306/175/268 339/146/301 344/147/306
f 341/142/303 305/165/267 336/143/298
f 333/174/295 332/142/294 301/165/263
f 334/177/296 348/178/310 333/174/295
f 335/174/297 349/178/311 334/177/296
f 333/174/295 348/178/310 332/142/294
f 348/178/310 331/144/293 332/142/294
f 334/177/296 349/178/311 348/178/310
f 349/178/311 350/179/312 348/178/310
f 348/178/310 350/179/312 331/144/293
f 350/179/312 330/146/292 331/144/293
f 335/174/297 341/142/303 349/178/311
f 341/142/303 340/144/302 349/178/311
f 349/178/311 340/144/302 350/179/312
f 340/144/302 339/146/301 350/179/312
f 350/179/312 339/146/301 330/146/292
f 339/146/301 306/175/268 330/146/292
f 327/180/289 326/173/288 303/170/265
f 328/181/290 351/182/313 327/180/289
f 329/176/291 352/183/314 328/181/290
f 327/180/289 351/182/313 326/173/288
f 351/182/313 325/184/287 326/173/288
f 328/181/290 352/183/314 351/182/313
f 352/183/314 353/185/315 351/182/313
f 351/182/313 353/185/315 325/184/287
f 353/185/315 324/172/286 325/184/287
f 329/176/291 344/147/306 352/183/314
f 344/147/306 343/150/305 352/183/314
f 352/183/314 343/150/305 353/185/315
f 343/150/305 342/152/304 353/185/315
f 353/185/315 342/152/304 324/172/286
f 342/152/304 304/153/266 324/172/286
f 321/152/283 320/172/282 302/153/264
f 322/150/284 354/186/316 321/152/283
f 323/147/285 355/187/317 322/150/284
f 321/152/283 354/186/316 320/172/282
f 354/186/316 319/184/281 320/172/282
f 322/150/284 355/187/317 354/186/316
f 355/187/317 356/182/318 354/186/316
f 354/186/316 356/182/318 319/184/281
f 356/182/318 318/173/280 319/184/281
f 323/147/285 329/176/291 355/187/317
f 329/176/291 328/181/290 355/187/317
f 355/187/317 328/181/290 356/182/318
f 328/181/290 327/180/289 356/182/318
f 356/182/318 327/180/289 318/173/280
f 327/180/289 303/170/265 318/173/280
f 332/142/294 317/143/279 301/165/263
f 331/144/293 357/188/319 332/142/294
f 330/146/292 358/189/320 331/144/293
f 332/142/294 357/188/319 317/143/279
f 357/188/319 316/148/278 317/143/279
f 331/144/293 358/189/320 357/188/319
f 358/189/320 359/190/321 357/188/319
f 357/188/319 359/190/321 316/148/278
f 359/190/321 315/151/277 316/148/278
f 330/146/292 323/147/285 358/189/320
f 323/147/285 322/150/284 358/189/320
f 358/189/320 322/150/284 359/190/321
f 322/150/284 321/152/283 359/190/321
f 359/190/321 321/152/283 315/151/277
f 321/152/283 302/153/264 315/151/277
f 312/191/274 311/191/273 296/154/258
f 313/192/275 360/193/322 312/191/274
f 314/167/276 361/194/323 313/192/275
f 312/191/274 360/193/322 311/191/273
f 360/193/322 310/192/272 311/191/273
f 313/192/275 361/194/323 360/193/322
f 361/194/323 362/194/324 360/193/322
f 360/193/322 362/194/324 310/192/272
f 362/194/324 309/167/271 310/192/272
f 314/167/276 335/174/297 361/194/323
f 335/174/297 334/177/296 361/194/323
f 361/194/323 334/177/296 362/194/324
f 334/177/296 333/174/295 362/194/324
f 362/194/324 333/174/295 309/167/271
f 333/174/295 301/165/263 309/167/271
f 243/195/205 244/196/206 300/157/262
f 307/197/269 363/198/325 243/195/205
f 308/169/270 364/199/326 307/197/269
f 243/195/205 363/198/325 244/196/206
f 363/198/325 245/200/207 244/196/206
f 307/197/269 364/199/326 363/198/325
f 364/199/326 365/201/327 363/198/325
f 363/198/325 365/201/327 245/200/207
f 365/201/327 246/166/208 245/200/207
f 308/169/270 338/151/300 364/199/326
f 338/151/300 337/148/299 364/199/326
f 364/199/326 337/148/299 365/201/327
f 337/148/299 336/143/298 365/201/327
f 365/201/327 336/143/298 246/166/208
f 336/143/298 305/165/267 246/166/208
f 249/202/211 250/203/212 299/160/261
f 248/204/210 366/205/328 249/202/211
f 247/171/209 367/206/329 248/204/210
f 249/202/211 366/205/328 250/203/212
f 366/205/328 251/207/213 250/203/212
f 248/204/210 367/206/329 366/205/328
f 367/206/329 368/208/330 366/205/328
f 366/205/328 368/208/330 251/207/213
f 368/208/330 252/168/214 251/207/213
f 247/171/209 326/173/288 367/206/329
f 326/173/288 325/184/287 367/206/329
f 367/206/329 325/184/287 368/208/330
f 325/184/287 324/172/286 368/208/330
f 368/208/330 324/172/286 252/168/214
f 324/172/286 304/153/266 252/168/214
f 255/203/217 256/202/218 298/160/260
f 254/207/216 369/205/331 255/203/217
f 253/168/215 370/208/332 254/207/216
f 255/203/217 369/205/331 256/202/218
f 369/205/331 257/204/219 256/202/218
f 254/207/216 370/208/332 369/205/331
f 370/208/332 371/206/333 369/205/331
f 369/205/331 371/206/333 257/204/219
f 371/206/333 258/171/220 257/204/219
f 253/168/215 320/172/282 370/208/332
f 320/172/282 319/184/281 370/208/332
f 370/208/332 319/184/281 371/206/333
f 319/184/281 318/173/280 371/206/333
f 371/206/333 318/173/280 258/171/220
f 318/173/280 303/170/265 258/171/220
f 261/196/223 262/195/224 297/157/259
f 260/200/222 372/198/334 261/196/223
f 259/166/221 373/201/335 260/200/222
f 261/196/223 372/198/334 262/195/224
f 372/198/334 263/197/225 262/195/224
f 260/200/222 373/201/335 372/198/334
f 373/201/335 374/199/336 372/198/334
f 372/198/334 374/199/336 263/197/225
f 374/199/336 264/169/226 263/197/225
f 259/166/221 317/143/279 373/201/335
f 317/143/279 316/148/278 373/201/335
f 373/201/335 316/148/278 374/199/336
f 316/148/278 315/151/277 374/199/336
f 374/199/336 315/151/277 264/169/226
f 315/151/277 302/153/264 264/169/226
f 244/196/206 265/164/227 300/157/262
f 245/200/207 375/209/337 244/196/206
f 246/166/208 376/210/338 245/200/207
f 244/196/206 375/209/337 265/164/227
f 375/209/337 266/211/228 265/164/227
f 245/200/207 376/210/338 375/209/337
f 376/210/338 377/212/339 375/209/337
f 375/209/337 377/212/339 266/211/228
f 377/212/339 267/155/229 266/211/228
f 246/166/208 314/167/276 376/210/338
f 314/167/276 313/192/275 376/210/338
f 376/210/338 313/192/275 377/212/339
f 313/192/275 312/191/274 377/212/339
f 377/212/339 312/191/274 267/155/229
f 312/191/274 296/154/258 267/155/229
f 250/203/212 268/163/230 299/160/261
f 251/207/213 378/213/340 250/203/212
f 252/168/214 379/214/341 251/207/213
f 250/203/212 378/213/340 268/163/230
f 378/213/340 269/215/231 268/163/230
f 251/207/213 379/214/341 378/213/340
f 379/214/341 380/216/342 378/213/340
f 378/213/340 380/216/342 269/215/231
f 380/216/342 270/158/232 269/215/231
f 252/168/214 308/169/270 379/214/341
f 308/169/270 307/197/269 379/214/341
f 379/214/341 307/197/269 380/216/342
f 307/197/269 243/195/205 380/216/342
f 380/216/342 243/195/205 270/158/232
f 243/195/205 300/157/262 270/158/232
f 256/202/218 271/161/233 298/160/260
f 257/204/219 381/217/343 256/202/218
f 258/171/220 382/218/344 257/204/219
f 256/202/218 381/217/343 271/161/233
f 381/217/343 272/219/234 271/161/233
f 257/204/219 382/218/344 381/217/343
f 382/218/344 383/217/345 381/217/343
f 381/217/343 383/217/345 272/219/234
f 383/217/345 273/161/235 272/219/234
f 258/171/220 247/171/209 382/218/344
f 247/171/209 248/204/210 382/218/344
f 382/218/344 248/204/210 383/217/345
f 248/204/210 249/202/211 383/217/345
f 383/217/345 249/202/211 273/161/235
f 249/202/211 299/160/261 273/161/235
f 262/195/224 274/158/236 297/157/259
f 263/197/225 384/216/346 262/195/224
f 264/169/226 385/214/347 263/197/225
f 262/195/224 384/216/346 274/158/236
f 384/216/346 275/215/237 274/158/236
f 263/197/225 385/214/347 384/216/346
f 385/214/347 386/213/348 384/216/346
f 384/216/346 386/213/348 275/215/237
f 386/213/348 276/163/238 275/215/237
f 264/169/226 253/168/215 385/214/347
f 253/168/215 254/207/216 385/214/347
f 385/214/347 254/207/216 386/213/348
f 254/207/216 255/203/217 386/213/348
f 386/213/348 255/203/217 276/163/238
f 255/203/217 298/160/260 276/163/238
f 311/191/273 277/155/239 296/154/258
f 310/192/272 387/220/349 311/191/273
f 309/167/271 388/221/350 310/192/272
f 311/191/273 387/220/349 277/155/239
f 387/220/349 278/211/240 277/155/239
f 310/192/272 388/221/350 387/220/349
f 388/221/350 389/209/351 387/220/349
f 387/220/349 389/209/351 278/211/240
f 389/209/351 279/164/241 278/211/240
f 309/167/271 259/166/221 388/221/350
f 259/166/221 260/200/222 388/221/350
f 388/221/350 260/200/222 389/209/351
f 260/200/222 261/196/223 389/209/351
f 389/209/351 261/196/223 279/164/241
f 261/196/223 297/157/259 279/164/241
f 282/222/244 283/223/245 295/224/257
f 281/225/243 390/226/352 282/222/244
f 280/159/242 391/227/353 281/225/243
f 282/222/244 390/226/352 283/223/245
f 390/226/352 284/228/246 283/223/245
f 281/225/243 391/227/353 390/226/352
f 391/227/353 392/229/354 390/226/352
f 390/226/352 392/229/354 284/228/246
f 392/229/354 285/156/247 284/228/246
f 280/159/242 265/164/227 391/227/353
f 265/164/227 266/211/228 391/227/353
f 391/227/353 266/211/228 392/229/354
f 266/211/228 267/155/229 392/229/354
f 392/229/354 267/155/229 285/156/247
f 267/155/229 296/154/258 285/156/247
f 288/230/250 282/222/244 295/224/257
f 287/231/249 393/232/355 288/230/250
f 286/162/248 394/233/356 287/231/249
f 288/230/250 393/232/355 282/222/244
f 393/232/355 281/225/243 282/222/244
f 287/231/249 394/233/356 393/232/355
f 394/233/356 395/234/357 393/232/355
f 393/232/355 395/234/357 281/225/243
f 395/234/357 280/159/242 281/225/243
f 286/162/248 268/163/230 394/233/356
f 268/163/230 269/215/231 394/233/356
f 394/233/356 269/215/231 395/234/357
f 269/215/231 270/158/232 395/234/357
f 395/234/357 270/158/232 280/159/242
f 270/158/232 300/157/262 280/159/242
f 291/230/253 288/230/250 295/224/257
f 290/231/252 396/235/358 291/230/253
f 289/162/251 397/236/359 290/231/252
f 291/230/253 396/235/358 288/230/250
f 396/235/358 287/231/249 288/230/250
f 290/231/252 397/236/359 396/235/358
f 397/236/359 398/236/360 396/235/358
f 396/235/358 398/236/360 287/231/249
f 398/236/360 286/162/248 287/231/249
f 289/162/251 271/161/233 397/236/359
f 271/161/233 272/219/234 397/236/359
f 397/236/359 272/219/234 398/236/360
f 272/219/234 273/161/235 398/236/360
f 398/236/360 273/161/235 286/162/248
f 273/161/235 299/160/261 286/162/248
f 294/222/256 291/230/253 295/224/257
f 293/225/255 399/232/361 294/222/256
f 292/159/254 400/234/362 293/225/255
f 294/222/256 399/232/361 291/230/253
f 399/232/361 290/231/252 291/230/253
f 293/225/255 400/234/362 399/232/361
f 400/234/362 401/233/363 399/232/361
f 399/232/361 401/233/363 290/231/252
f 401/233/363 289/162/251 290/231/252
f 292/159/254 274/158/236 400/234/362
f 274/158/236 275/215/237 400/234/362
f 400/234/362 275/215/237 401/233/363
f 275/215/237 276/163/238 401/233/363
f 401/233/363 276/163/238 289/162/251
f 276/163/238 298/160/260 289/162/251
f 283/223/245 294/222/256 295/224/257
f 284/228/246 402/226/364 283/223/245
f 285/156/247 403/229/365 284/228/246
f 283/223/245 402/226/364 294/222/256
f 402/226/364 293/225/255 294/222/256
f 284/228/246 403/229/365 402/226/364
f 403/229/365 404/227/366 402/226/364
f 402/226/364 404/227/366 293/225/255
f 404/227/366 292/159/254 293/225/255
f 285/156/247 277/155/239 403/229/365
f 277/155/239 278/211/240 403/229/365
f 403/229/365 278/211/240 404/227/366
f 278/211/240 279/164/241 404/227/366
f 404/227/366 279/164/241 292/159/254
f 279/164/241 297/157/259 292/159/254
o Cylinder.027
v 0.654853 -0.126646 1.502382
v 0.654853 -0.110378 1.502382
v 0.734440 -0.105873 1.497683
v 0.734440 -0.089605 1.497683
v 0.603028 -0.106479 1.502382
v 0.603028 -0.090211 1.502382
v 0.769477 -0.085667 1.502382
v 0.769477 -0.101935 1.502382
v 1.007648 -0.085667 1.493610
v 1.007648 -0.101935 1.493610
v 0.654853 -0.126646 1.472414
v 0.654853 -0.110378 1.472414
v 0.734440 -0.089605 1.472414
v 0.734440 -0.105873 1.472414
v 0.603028 -0.106479 1.472414
v 0.603028 -0.090211 1.472414
v 0.769477 -0.085667 1.472414
v 0.769477 -0.101935 1.472414
v 1.007648 -0.085667 1.472414
v 1.007648 -0.101935 1.472414
v 0.654853 -0.107903 1.534707
v 0.654853 -0.096400 1.523203
v 0.734440 -0.075627 1.518505
v 0.734440 -0.087130 1.530008
v 0.618270 -0.093643 1.520447
v 0.609416 -0.082140 1.508944
v 0.769477 -0.078927 1.505730
v 0.769477 -0.090430 1.517234
v 1.007648 -0.078927 1.495978
v 1.007648 -0.090430 1.504114
v 0.654853 -0.046132 1.543394
v 0.654853 -0.046132 1.527126
v 0.734440 -0.046132 1.522427
v 0.734440 -0.046132 1.538695
v 0.625355 -0.046132 1.541771
v 0.625355 -0.046132 1.525503
v 0.769477 -0.046132 1.520959
v 0.769477 -0.046132 1.537227
v 1.007648 -0.046132 1.506749
v 1.007648 -0.046132 1.518255
v 0.775856 -0.005362 1.502382
v 0.779662 0.010907 1.502382
v 0.926922 -0.078927 1.499001
v 0.775856 -0.005362 1.472414
v 0.779662 0.010907 1.472414
v 0.926922 -0.085667 1.472414
v 0.773164 -0.012102 1.505730
v 0.774887 -0.000599 1.517234
v 0.926922 -0.085667 1.496329
v 0.926922 -0.101935 1.496329
v 0.926922 -0.101935 1.472414
v 0.926922 -0.090430 1.508180
v 0.926922 -0.046132 1.524135
v 0.900550 0.010907 1.498823
v 0.888563 0.010907 1.472414
v 0.902947 -0.000599 1.511148
v 0.926922 -0.046132 1.511153
v 0.900550 -0.005362 1.498425
v 0.888563 -0.005362 1.472414
v 0.902947 -0.012102 1.500999
v 0.654853 -0.126646 1.442446
v 0.654853 -0.110378 1.442446
v 0.734440 -0.105873 1.447144
v 0.734440 -0.089605 1.447144
v 0.603028 -0.106479 1.442446
v 0.603028 -0.090211 1.442446
v 0.769477 -0.085667 1.442446
v 0.769477 -0.101935 1.442446
v 1.007648 -0.085667 1.451218
v 1.007648 -0.101935 1.451218
v 0.654853 -0.107903 1.410121
v 0.654853 -0.096400 1.421624
v 0.734440 -0.075627 1.426323
v 0.734440 -0.087130 1.414820
v 0.618270 -0.093643 1.424381
v 0.609416 -0.082140 1.435884
v 0.769477 -0.078927 1.439097
v 0.769477 -0.090430 1.427594
v 1.007648 -0.078927 1.448850
v 1.007648 -0.090430 1.440714
v 0.654853 -0.046132 1.401434
v 0.654853 -0.046132 1.417702
v 0.734440 -0.046132 1.422401
v 0.734440 -0.046132 1.406133
v 0.625355 -0.046132 1.403057
v 0.625355 -0.046132 1.419325
v 0.769477 -0.046132 1.423869
v 0.769477 -0.046132 1.407601
v 1.007648 -0.046132 1.438079
v 1.007648 -0.046132 1.426573
v 0.775856 -0.005362 1.442446
v 0.779662 0.010907 1.442446
v 0.926922 -0.078927 1.445827
v 0.773164 -0.012102 1.439097
v 0.774887 -0.000599 1.427594
v 0.926922 -0.085667 1.448499
v 0.926922 -0.101935 1.448499
v 0.926922 -0.090430 1.436648
v 0.926922 -0.046132 1.420693
v 0.900550 0.010907 1.446005
v 0.902947 -0.000599 1.433680
v 0.926922 -0.046132 1.433675
v 0.900550 -0.005362 1.446403
v 0.902947 -0.012102 1.443828
vn 0.0579 0.9983 -0.0000
vn 0.0547 0.9483 -0.3126
vn -0.1848 0.9363 -0.2986
vn -0.1826 0.9832 -0.0000
vn 0.1826 -0.9832 -0.0000
vn 0.1806 -0.9503 0.2537
vn -0.0627 -0.9579 0.2801
vn -0.0579 -0.9983 -0.0000
vn -0.9126 0.0160 0.4085
vn -0.9601 0.0109 0.2794
vn -0.8676 0.0678 0.4925
vn -0.8604 0.0645 0.5054
vn -1.0000 -0.0000 -0.0000
vn -0.3864 -0.8849 0.2602
vn -0.3626 -0.9319 -0.0000
vn 0.0610 0.5273 -0.8475
vn -0.1536 0.4816 -0.8628
vn -0.0000 1.0000 -0.0000
vn -0.0212 0.8307 -0.5563
vn -0.0200 0.8271 -0.5616
vn 1.0000 -0.0000 -0.0000
vn -0.0649 0.8843 -0.4623
vn -0.0559 0.9984 -0.0000
vn -0.0751 -0.5820 0.8097
vn -0.3497 -0.5453 0.7618
vn 0.0165 -0.9295 0.3684
vn -0.0000 -1.0000 -0.0000
vn 0.0161 -0.9239 0.3822
vn 0.0559 -0.9984 -0.0000
vn 0.0555 -0.9419 0.3314
vn 0.3626 0.9319 -0.0000
vn 0.3738 0.8745 -0.3091
vn 0.1560 -0.5406 0.8267
vn 0.1275 -0.2405 0.9622
vn -0.0995 -0.2055 0.9736
vn -0.2752 -0.2380 0.9315
vn -0.0850 0.4894 -0.8679
vn -0.1250 0.1942 -0.9730
vn -0.0984 0.1229 -0.9875
vn -0.0405 0.3682 -0.9289
vn 0.0854 -0.6195 0.7803
vn 0.3121 0.5115 -0.8006
vn 0.0451 -0.5246 0.8502
vn 0.0474 -0.5529 0.8319
vn -0.9345 0.1031 0.3406
vn -0.0486 0.1941 -0.9798
vn 0.0839 0.1420 -0.9863
vn 0.1086 -0.1332 0.9851
vn 0.2370 0.1827 -0.9542
vn 0.0582 -0.3211 0.9453
vn 0.0652 -0.1725 0.9828
vn 0.9551 0.0529 -0.2916
vn 0.9376 0.0323 -0.3461
vn 0.9462 0.2348 -0.2227
vn 0.9176 0.3273 -0.2254
vn -0.0383 0.3399 -0.9397
vn -0.9737 0.2278 -0.0000
vn -0.9660 0.2423 -0.0902
vn -0.9703 0.2363 -0.0515
vn -0.0434 0.3296 -0.9431
vn -0.0227 -0.7454 -0.6662
vn -0.0207 -0.7948 -0.6065
vn -0.0413 -0.3763 -0.9256
vn -0.0405 -0.3782 -0.9248
vn -0.9842 0.1705 -0.0480
vn -0.9786 0.1923 -0.0738
vn 0.4739 0.8718 -0.1241
vn 0.5324 0.8349 -0.1394
vn -0.9928 0.1190 0.0123
vn 0.0145 0.9268 0.3753
vn 0.0480 0.5451 0.8370
vn 0.0485 0.5403 0.8401
vn 0.0157 0.9137 0.4061
vn 1.0000 0.0056 -0.0000
vn -0.1848 0.9363 0.2986
vn 0.0547 0.9483 0.3126
vn -0.0627 -0.9579 -0.2801
vn 0.1806 -0.9503 -0.2537
vn -0.9126 0.0160 -0.4085
vn -0.8604 0.0645 -0.5054
vn -0.8676 0.0678 -0.4925
vn -0.9601 0.0109 -0.2794
vn -0.3864 -0.8849 -0.2602
vn -0.1536 0.4816 0.8628
vn 0.0610 0.5273 0.8475
vn -0.0200 0.8271 0.5616
vn -0.0212 0.8307 0.5563
vn -0.0649 0.8843 0.4623
vn -0.3497 -0.5453 -0.7618
vn -0.0751 -0.5820 -0.8097
vn 0.0165 -0.9295 -0.3684
vn 0.0161 -0.9239 -0.3822
vn 0.0555 -0.9419 -0.3314
vn 0.3738 0.8745 0.3091
vn -0.0995 -0.2055 -0.9736
vn 0.1275 -0.2405 -0.9622
vn 0.1560 -0.5406 -0.8267
vn -0.2752 -0.2380 -0.9315
vn -0.0850 0.4894 0.8679
vn -0.0984 0.1229 0.9875
vn -0.1250 0.1942 0.9730
vn -0.0405 0.3682 0.9289
vn 0.0854 -0.6195 -0.7803
vn 0.3121 0.5115 0.8006
vn 0.0474 -0.5529 -0.8319
vn 0.0451 -0.5246 -0.8502
vn -0.9345 0.1031 -0.3406
vn -0.0486 0.1941 0.9798
vn 0.0839 0.1420 0.9863
vn 0.1086 -0.1332 -0.9851
vn 0.2370 0.1827 0.9542
vn 0.0652 -0.1725 -0.9828
vn 0.0582 -0.3211 -0.9453
vn 0.9551 0.0529 0.2916
vn 0.9176 0.3273 0.2254
vn 0.9462 0.2348 0.2227
vn 0.9376 0.0323 0.3461
vn -0.0383 0.3399 0.9397
vn -0.9703 0.2363 0.0515
vn -0.9660 0.2423 0.0902
vn -0.0434 0.3296 0.9431
vn -0.0207 -0.7948 0.6065
vn -0.0227 -0.7454 0.6662
vn -0.0405 -0.3782 0.9248
vn -0.0413 -0.3763 0.9256
vn -0.9786 0.1923 0.0738
vn -0.9842 0.1705 0.0480
vn 0.5324 0.8349 0.1394
vn 0.4739 0.8718 0.1241
vn -0.9928 0.1190 -0.0123
vn 0.0145 0.9268 -0.3753
vn 0.0157 0.9137 -0.4061
vn 0.0485 0.5403 -0.8401
vn 0.0480 0.5451 -0.8370
vt 0.680700 0.928448
vt 0.645113 0.928448
vt 0.650693 0.833939
vt 0.680700 0.833939
vt 0.645113 0.989988
vt 0.623661 0.971889
vt 0.637321 0.982403
vt 0.680700 0.989988
vt 0.620388 0.928448
vt 0.625968 0.833939
vt 0.680700 0.605371
vt 0.652301 0.605371
vt 0.655530 0.509510
vt 0.680700 0.509510
vt 0.652718 0.509510
vt 0.643056 0.509510
vt 0.645113 0.792333
vt 0.680700 0.792333
vt 0.606728 0.928448
vt 0.639928 0.509510
vt 0.626264 0.509510
vt 0.612307 0.833939
vt 0.601992 0.833939
vt 0.596412 0.928448
vt 0.598339 0.963476
vt 0.641137 0.792333
vt 0.621310 0.833939
vt 0.623053 0.792333
vt 0.649128 0.605371
vt 0.627477 0.792333
vt 0.638228 0.605371
vt 0.617657 0.963476
vt 0.634698 0.605371
vt 0.615730 0.928448
vt 0.603735 0.792333
vt 0.619282 0.605371
vt 0.649812 0.636687
vt 0.649339 0.636687
vt 0.634703 0.633840
vt 0.646755 0.633840
vt 0.680700 0.784759
vt 0.645113 0.784759
vt 0.645113 0.780239
vt 0.680700 0.780239
vt 0.680700 0.650922
vt 0.641137 0.787956
vt 0.627477 0.785910
s 1
usemtl atlas
f 416/237/367 406/238/368 408/239/369 417/240/370
f 418/240/371 407/239/372 405/238/373 415/237/374
f 410/241/375 409/241/376 429/242/377 430/243/378
f 419/244/379 409/241/376 410/241/375 420/244/379
f 415/237/374 405/238/373 409/241/380 419/244/381
f 408/239/369 406/238/368 426/245/382 427/246/383
f 450/247/384 453/248/385 413/249/386 423/250/384
f 414/249/387 413/249/387 433/251/387 434/252/387
f 417/240/370 408/239/369 411/253/388 421/254/389
f 423/250/387 413/249/387 414/249/387 424/250/387
f 409/241/380 405/238/373 425/255/390 429/242/391
f 454/248/392 455/247/393 424/250/393 414/249/394
f 407/239/372 418/240/371 422/254/395 412/253/396
f 406/238/368 416/237/367 420/244/397 410/241/398
f 434/252/387 433/251/387 443/256/387 444/257/387
f 425/255/390 428/258/399 438/259/400 435/260/401
f 429/242/391 425/255/390 435/260/401 439/261/402
f 431/262/403 427/246/383 437/263/404 441/264/405
f 453/248/385 411/253/388 431/262/403 447/265/406
f 407/239/372 412/253/396 432/266/407 428/258/399
f 406/238/368 410/241/398 430/243/408 426/245/382
f 454/248/392 414/249/394 434/252/409 456/267/410
f 405/238/373 407/239/372 428/258/399 425/255/390
f 411/253/388 408/239/369 427/246/383 431/262/403
f 421/254/389 411/253/388 453/248/385 450/247/384
f 430/243/378 429/242/377 439/261/411 440/268/411
f 447/265/406 431/262/403 441/264/405 461/269/412
f 427/246/383 426/245/382 436/270/413 437/263/404
f 428/258/399 432/266/407 442/271/414 438/259/400
f 426/245/382 430/243/408 440/268/415 436/270/413
f 456/267/410 434/252/409 444/257/416 457/272/417
f 462/273/418 458/274/419 460/275/420 464/276/421
f 413/249/386 453/248/385 447/265/406 433/251/422
f 448/277/423 445/278/424 446/279/425 449/280/423
f 433/251/422 447/265/406 461/269/412 443/256/426
f 448/277/393 463/281/393 462/273/427 445/278/428
f 462/273/427 464/276/429 451/282/430 445/278/428
f 445/278/424 451/282/431 452/283/432 446/279/425
f 464/276/421 460/275/420 457/272/433 461/269/434
f 452/283/432 451/282/431 441/264/435 442/271/435
f 438/259/384 442/271/384 441/264/384 437/263/384
f 436/270/384 435/260/384 438/259/384 437/263/384
f 439/261/384 435/260/384 436/270/384 440/268/384
f 461/269/412 441/264/405 451/282/430 464/276/429
f 444/257/384 443/256/384 461/269/434 457/272/433
f 446/279/436 452/283/437 460/275/438 458/274/439
f 446/279/436 458/274/439 459/281/384 449/280/384
f 432/266/407 456/267/410 457/272/417 442/271/414
f 452/283/437 442/271/414 457/272/417 460/275/438
f 412/253/396 454/248/392 456/267/410 432/266/407
f 412/253/396 422/254/395 455/247/393 454/248/392
f 459/281/440 458/274/419 462/273/418 463/281/440
f 416/237/367 417/240/370 468/239/441 466/238/442
f 418/240/371 415/237/374 465/238/443 467/239/444
f 470/241/445 480/243/446 479/242/447 469/241/448
f 419/244/379 420/244/379 470/241/445 469/241/448
f 415/237/374 419/244/381 469/241/449 465/238/443
f 468/239/441 477/246/450 476/245/451 466/238/442
f 450/247/384 423/250/384 473/249/452 500/248/453
f 474/249/387 484/252/387 483/251/387 473/249/387
f 417/240/370 421/254/389 471/253/454 468/239/441
f 423/250/387 424/250/387 474/249/387 473/249/387
f 469/241/449 479/242/455 475/255/456 465/238/443
f 501/248/457 474/249/458 424/250/393 455/247/393
f 467/239/444 472/253/459 422/254/395 418/240/371
f 466/238/442 470/241/460 420/244/397 416/237/367
f 484/252/387 494/257/387 493/256/387 483/251/387
f 475/255/456 485/260/461 488/259/462 478/258/463
f 479/242/455 489/261/464 485/260/461 475/255/456
f 481/262/465 491/264/466 487/263/467 477/246/450
f 500/248/453 497/265/468 481/262/465 471/253/454
f 467/239/444 478/258/463 482/266/469 472/253/459
f 466/238/442 476/245/451 480/243/470 470/241/460
f 501/248/457 502/267/471 484/252/472 474/249/458
f 465/238/443 475/255/456 478/258/463 467/239/444
f 471/253/454 481/262/465 477/246/450 468/239/441
f 421/254/389 450/247/384 500/248/453 471/253/454
f 480/243/446 490/268/473 489/261/473 479/242/447
f 497/265/468 506/269/474 491/264/466 481/262/465
f 477/246/450 487/263/467 486/270/475 476/245/451
f 478/258/463 488/259/462 492/271/476 482/266/469
f 476/245/451 486/270/475 490/268/477 480/243/470
f 502/267/471 503/272/478 494/257/479 484/252/472
f 507/273/480 508/276/481 505/275/482 504/274/483
f 473/249/452 483/251/484 497/265/468 500/248/453
f 448/277/423 449/280/423 496/279/485 495/278/486
f 483/251/484 493/256/487 506/269/474 497/265/468
f 448/277/393 495/278/488 507/273/489 463/281/393
f 507/273/489 495/278/488 498/282/490 508/276/491
f 495/278/486 496/279/485 499/283/492 498/282/493
f 508/276/481 506/269/494 503/272/495 505/275/482
f 499/283/492 492/271/496 491/264/496 498/282/493
f 488/259/384 487/263/384 491/264/384 492/271/384
f 486/270/384 487/263/384 488/259/384 485/260/384
f 489/261/384 490/268/384 486/270/384 485/260/384
f 506/269/474 508/276/491 498/282/490 491/264/466
f 494/257/384 503/272/495 506/269/494 493/256/384
f 496/279/497 504/274/498 505/275/499 499/283/500
f 496/279/497 449/280/384 459/281/384 504/274/498
f 482/266/469 492/271/476 503/272/478 502/267/471
f 499/283/500 505/275/499 503/272/478 492/271/476
f 472/253/459 482/266/469 502/267/471 501/248/457
f 472/253/459 501/248/457 455/247/393 422/254/395
f 459/281/440 463/281/440 507/273/480 504/274/483
o Cylinder.031
v 1.057651 -0.075683 1.423384
v 1.057651 -0.075683 1.505936
v 1.057651 -0.060885 1.423384
v 1.057651 -0.060885 1.505936
v 1.108578 -0.088866 1.423384
v 1.108578 -0.088866 1.530504
v 1.108578 -0.074069 1.423384
v 1.108578 -0.074069 1.530504
v 1.155010 -0.050466 1.505085
v 1.155010 -0.050466 1.424235
v 1.155010 -0.065264 1.424235
v 1.155010 -0.065264 1.505085
vn -0.6525 -0.0000 -0.7578
vn -0.8235 -0.0000 0.5674
vn -0.8721 -0.0000 0.4893
vn -0.7662 -0.0000 -0.6426
vn 0.2506 0.9681 -0.0000
vn -0.1054 0.9944 -0.0000
vn -0.1063 0.9943 -0.0000
vn 0.0515 -0.0000 0.9987
vn -0.0136 -0.0000 0.9999
vn 0.8227 -0.0000 0.5685
vn 0.9031 -0.0000 0.4295
vn 0.1063 -0.9943 -0.0000
vn 0.1054 -0.9944 -0.0000
vn -0.2506 -0.9681 -0.0000
vn 0.0097 -0.0000 -1.0000
vn 0.0083 -0.0000 -1.0000
vn 0.8225 -0.0000 -0.5688
vn 0.6190 -0.0000 -0.7854
vn -0.4531 0.8914 -0.0000
vn 0.4531 -0.8914 -0.0000
vt 0.827152 0.562934
vt 0.827152 0.680030
vt 0.899390 0.714878
vt 0.899390 0.562934
vt 0.965250 0.678823
vt 0.965250 0.564141
s 1
usemtl atlas
f 509/284/501 510/285/502 512/285/503 511/284/504
f 511/284/505 512/285/505 516/286/506 515/287/507
f 516/286/508 514/286/509 520/288/510 517/288/511
f 513/287/512 514/286/513 510/285/514 509/284/514
f 511/284/504 515/287/515 513/287/516 509/284/501
f 516/286/508 512/285/503 510/285/502 514/286/509
f 518/289/517 517/288/511 520/288/510 519/289/518
f 515/287/507 516/286/506 517/288/519 518/289/519
f 514/286/513 513/287/512 519/289/520 520/288/520
f 513/287/516 515/287/515 518/289/517 519/289/518
o Cylinder.039
v 1.158624 -0.052677 1.507564
v 1.158624 -0.052677 1.421756
v 1.158624 -0.067475 1.421756
v 1.158624 -0.067475 1.507564
v 1.191559 -0.048092 1.495530
v 1.191559 -0.048092 1.433790
v 1.191559 -0.062889 1.433790
v 1.191559 -0.062889 1.495530
vn -1.0000 -0.0000 -0.0000
vn 1.0000 -0.0000 -0.0000
vn 0.3432 -0.0000 0.9393
vn -0.1379 0.9904 -0.0000
vn 0.1379 -0.9904 -0.0000
vn 0.3432 -0.0000 -0.9393
vt 0.699391 0.594764
vt 0.699391 0.907729
vt 0.819512 0.638656
vt 0.819512 0.863837
s 0
usemtl atlas
f 522/290/521 523/290/521 524/291/521 521/291/521
f 526/292/522 525/293/522 528/293/522 527/292/522
f 521/291/523 524/291/523 528/293/523 525/293/523
f 522/290/524 521/291/524 525/293/524 526/292/524
f 524/291/525 523/290/525 527/292/525 528/293/525
f 523/290/526 522/290/526 526/292/526 527/292/526
o Cylinder.033
v 1.145308 -0.060001 1.461476
v 1.145308 -0.060001 1.483354
v 1.145308 -0.040323 1.461476
v 1.145308 -0.040323 1.483354
v 1.221737 -0.060001 1.461476
v 1.221737 -0.060001 1.483354
v 1.221737 -0.040323 1.461476
v 1.221737 -0.040323 1.483354
vn -1.0000 -0.0000 -0.0000
vn -0.0000 1.0000 -0.0000
vn 1.0000 -0.0000 -0.0000
vn -0.0000 -1.0000 -0.0000
vn -0.0000 -0.0000 -1.0000
vn -0.0000 -0.0000 1.0000
vt 0.276528 0.130239
vt 0.276528 0.163344
vt 0.160881 0.163344
vt 0.160881 0.130239
s 0
usemtl atlas
f 529/294/527 530/295/527 532/295/527 531/294/527
f 531/294/528 532/295/528 536/296/528 535/297/528
f 535/297/529 536/296/529 534/296/529 533/297/529
f 533/297/530 534/296/530 530/295/530 529/294/530
f 531/294/531 535/297/531 533/297/531 529/294/531
f 536/296/532 532/295/532 530/295/532 534/296/532
o Cylinder.034
v 1.227046 -0.061188 1.461476
v 1.227046 -0.061188 1.483354
v 1.227046 -0.039310 1.461476
v 1.227046 -0.039310 1.483354
v 1.274263 -0.061188 1.461476
v 1.274263 -0.061188 1.483354
v 1.274263 -0.039310 1.461476
v 1.274263 -0.039310 1.483354
vn -1.0000 -0.0000 -0.0000
vn -0.0000 1.0000 -0.0000
vn 1.0000 -0.0000 -0.0000
vn -0.0000 -1.0000 -0.0000
vn -0.0000 -0.0000 -1.0000
vn -0.0000 -0.0000 1.0000
vt 0.152848 0.130239
vt 0.152848 0.163344
vt 0.081402 0.163344
vt 0.081402 0.130239
s 0
usemtl atlas
f 537/298/533 538/299/533 540/299/533 539/298/533
f 539/298/534 540/299/534 544/300/534 543/301/534
f 543/301/535 544/300/535 542/300/535 541/301/535
f 541/301/536 542/300/536 538/299/536 537/298/536
f 539/298/537 543/301/537 541/301/537 537/298/537
f 544/300/538 540/299/538 538/299/538 542/300/538
o Cylinder.035
v 1.279831 -0.053422 1.461476
v 1.279831 -0.053422 1.483354
v 1.279831 -0.039618 1.461476
v 1.279831 -0.039618 1.483354
v 1.307499 -0.053422 1.461476
v 1.307499 -0.053422 1.483354
v 1.307499 -0.039618 1.461476
v 1.307499 -0.039618 1.483354
vn -1.0000 -0.0000 -0.0000
vn 1.0000 -0.0000 -0.0000
vn -0.0000 -1.0000 -0.0000
vn -0.0000 -0.0000 -1.0000
vn -0.0000 -0.0000 1.0000
vn -0.0000 1.0000 -0.0000
vt 0.072977 0.130239
vt 0.072977 0.163344
vt 0.031112 0.130239
vt 0.031112 0.163344
s 0
usemtl atlas
f 545/302/539 546/303/539 548/303/539 547/302/539
f 551/304/540 552/305/540 550/305/540 549/304/540
f 549/304/541 550/305/541 546/303/541 545/302/541
f 547/302/542 551/304/542 549/304/542 545/302/542
f 552/305/543 548/303/543 546/303/543 550/305/543
f 547/302/544 548/303/544 552/305/544 551/304/544
o Cylinder.036
v 1.277047 -0.038443 1.460609
v 1.277047 -0.038443 1.484221
v 1.279351 -0.038670 1.460609
v 1.279351 -0.038670 1.484221
v 1.281565 -0.039341 1.460609
v 1.281565 -0.039341 1.484221
v 1.283607 -0.040432 1.460609
v 1.283607 -0.040432 1.484221
v 1.285396 -0.041901 1.460609
v 1.285396 -0.041901 1.484221
v 1.286864 -0.043690 1.460609
v 1.286864 -0.043690 1.484221
v 1.287955 -0.045731 1.460609
v 1.287955 -0.045731 1.484221
v 1.288627 -0.047946 1.460609
v 1.288627 -0.047946 1.484221
v 1.288854 -0.050249 1.460609
v 1.288854 -0.050249 1.484221
v 1.288627 -0.052552 1.460609
v 1.288627 -0.052552 1.484221
v 1.287955 -0.054767 1.460609
v 1.287955 -0.054767 1.484221
v 1.286864 -0.056808 1.460609
v 1.286864 -0.056808 1.484221
v 1.285396 -0.058597 1.460609
v 1.285396 -0.058597 1.484221
v 1.283607 -0.060065 1.460609
v 1.283607 -0.060065 1.484221
v 1.281565 -0.061157 1.460609
v 1.281565 -0.061157 1.484221
v 1.279351 -0.061828 1.460609
v 1.279351 -0.061828 1.484221
v 1.277047 -0.062055 1.460609
v 1.277047 -0.062055 1.484221
v 1.274744 -0.061828 1.460609
v 1.274744 -0.061828 1.484221
v 1.272529 -0.061157 1.460609
v 1.272529 -0.061157 1.484221
v 1.270488 -0.060065 1.460609
v 1.270488 -0.060065 1.484221
v 1.268699 -0.058597 1.460609
v 1.268699 -0.058597 1.484221
v 1.267231 -0.056808 1.460609
v 1.267231 -0.056808 1.484221
v 1.266140 -0.054767 1.460609
v 1.266140 -0.054767 1.484221
v 1.265468 -0.052552 1.460609
v 1.265468 -0.052552 1.484221
v 1.265241 -0.050249 1.460609
v 1.265241 -0.050249 1.484221
v 1.265468 -0.047946 1.460609
v 1.265468 -0.047946 1.484221
v 1.266140 -0.045731 1.460609
v 1.266140 -0.045731 1.484221
v 1.267231 -0.043690 1.460609
v 1.267231 -0.043690 1.484221
v 1.268699 -0.041901 1.460609
v 1.268699 -0.041901 1.484221
v 1.270488 -0.040432 1.460609
v 1.270488 -0.040432 1.484221
v 1.272529 -0.039341 1.460609
v 1.272529 -0.039341 1.484221
v 1.274744 -0.038670 1.460609
v 1.274744 -0.038670 1.484221
vn -0.0000 1.0000 -0.0000
vn 0.1951 0.9808 -0.0000
vn 0.3827 0.9239 -0.0000
vn 0.5556 0.8315 -0.0000
vn 0.7071 0.7071 -0.0000
vn 0.8315 0.5556 -0.0000
vn 0.9239 0.3827 -0.0000
vn 0.9808 0.1951 -0.0000
vn 1.0000 -0.0000 -0.0000
vn 0.9808 -0.1951 -0.0000
vn 0.9239 -0.3827 -0.0000
vn 0.8315 -0.5556 -0.0000
vn 0.7071 -0.7071 -0.0000
vn 0.5556 -0.8315 -0.0000
vn 0.3827 -0.9239 -0.0000
vn 0.1951 -0.9808 -0.0000
vn -0.0000 -1.0000 -0.0000
vn -0.1951 -0.9808 -0.0000
vn -0.3827 -0.9239 -0.0000
vn -0.5556 -0.8315 -0.0000
vn -0.7071 -0.7071 -0.0000
vn -0.8315 -0.5556 -0.0000
vn -0.9239 -0.3827 -0.0000
vn -0.9808 -0.1951 -0.0000
vn -1.0000 -0.0000 -0.0000
vn -0.9808 0.1951 -0.0000
vn -0.9239 0.3827 -0.0000
vn -0.8315 0.5556 -0.0000
vn -0.7071 0.7071 -0.0000
vn -0.5556 0.8315 -0.0000
vn -0.3827 0.9239 -0.0000
vn -0.0000 -0.0000 1.0000
vn -0.1951 0.9808 -0.0000
vn -0.0000 -0.0000 -1.0000
vt 0.878658 0.136384
vt 0.910267 0.136903
vt 0.910307 0.139952
vt 0.878713 0.139421
vt 0.910421 0.142752
vt 0.878868 0.142211
vt 0.910604 0.145191
vt 0.879117 0.144641
vt 0.910847 0.147170
vt 0.879449 0.146615
vt 0.911140 0.148616
vt 0.879849 0.148057
vt 0.911472 0.149475
vt 0.880302 0.148915
vt 0.911828 0.149720
vt 0.880788 0.149162
vt 0.912195 0.149350
vt 0.881289 0.148795
vt 0.912559 0.148387
vt 0.881785 0.147838
vt 0.912905 0.146874
vt 0.882257 0.146333
vt 0.913220 0.144876
vt 0.882688 0.144344
vt 0.913495 0.142471
vt 0.883063 0.141950
vt 0.913718 0.139752
vt 0.883367 0.139243
vt 0.913882 0.136820
vt 0.883591 0.136323
vt 0.913982 0.133783
vt 0.883727 0.133297
vt 0.914014 0.130749
vt 0.883771 0.130275
vt 0.913977 0.127829
vt 0.883721 0.127365
vt 0.913872 0.125126
vt 0.883578 0.124672
vt 0.913704 0.122741
vt 0.883348 0.122294
vt 0.913477 0.120760
vt 0.883038 0.120319
vt 0.913199 0.119261
vt 0.882659 0.118824
vt 0.912881 0.118303
vt 0.882225 0.117868
vt 0.912533 0.117929
vt 0.881751 0.117494
vt 0.912169 0.118160
vt 0.881254 0.117722
vt 0.911803 0.118996
vt 0.880753 0.118552
vt 0.911447 0.120410
vt 0.880268 0.119960
vt 0.911118 0.122356
vt 0.879819 0.121897
vt 0.910828 0.124761
vt 0.879422 0.124291
vt 0.910588 0.127534
vt 0.879096 0.127052
vt 0.910411 0.130565
vt 0.878854 0.130070
vt 0.910302 0.133731
vt 0.878705 0.133223
s 1
usemtl atlas
f 553/306/545 554/307/545 556/308/546 555/309/546
f 555/309/546 556/308/546 558/310/547 557/311/547
f 557/311/547 558/310/547 560/312/548 559/313/548
f 559/313/548 560/312/548 562/314/549 561/315/549
f 561/315/549 562/314/549 564/316/550 563/317/550
f 563/317/550 564/316/550 566/318/551 565/319/551
f 565/319/551 566/318/551 568/320/552 567/321/552
f 567/321/552 568/320/552 570/322/553 569/323/553
f 569/323/553 570/322/553 572/324/554 571/325/554
f 571/325/554 572/324/554 574/326/555 573/327/555
f 573/327/555 574/326/555 576/328/556 575/329/556
f 575/329/556 576/328/556 578/330/557 577/331/557
f 577/331/557 578/330/557 580/332/558 579/333/558
f 579/333/558 580/332/558 582/334/559 581/335/559
f 581/335/559 582/334/559 584/336/560 583/337/560
f 583/337/560 584/336/560 586/338/561 585/339/561
f 585/339/561 586/338/561 588/340/562 587/341/562
f 587/341/562 588/340/562 590/342/563 589/343/563
f 589/343/563 590/342/563 592/344/564 591/345/564
f 591/345/564 592/344/564 594/346/565 593/347/565
f 593/347/565 594/346/565 596/348/566 595/349/566
f 595/349/566 596/348/566 598/350/567 597/351/567
f 597/351/567 598/350/567 600/352/568 599/353/568
f 599/353/568 600/352/568 602/354/569 601/355/569
f 601/355/569 602/354/569 604/356/570 603/357/570
f 603/357/570 604/356/570 606/358/571 605/359/571
f 605/359/571 606/358/571 608/360/572 607/361/572
f 607/361/572 608/360/572 610/362/573 609/363/573
f 609/363/573 610/362/573 612/364/574 611/365/574
f 611/365/574 612/364/574 614/366/575 613/367/575
f 556/308/576 554/307/576 616/368/576 614/366/576 612/364/576 610/362/576 608/360/576 606/358/576 604/356/576 602/354/576 600/352/576 598/350/576 596/348/576 594/346/576 592/344/576 590/342/576 588/340/576 586/338/576 584/336/576 582/334/576 580/332/576 578/330/576 576/328/576 574/326/576 572/324/576 570/322/576 568/320/576 566/318/576 564/316/576 562/314/576 560/312/576 558/310/576
f 613/367/575 614/366/575 616/368/577 615/369/577
f 615/369/577 616/368/577 554/307/545 553/306/545
f 553/306/578 555/309/578 557/311/578 559/313/578 561/315/578 563/317/578 565/319/578 567/321/578 569/323/578 571/325/578 573/327/578 575/329/578 577/331/578 579/333/578 581/335/578 583/337/578 585/339/578 587/341/578 589/343/578 591/345/578 593/347/578 595/349/578 597/351/578 599/353/578 601/355/578 603/357/578 605/359/578 607/361/578 609/363/578 611/365/578 613/367/578 615/369/578
o Cylinder.038
v 1.224391 -0.038443 1.460608
v 1.224391 -0.038443 1.484221
v 1.226694 -0.038669 1.460608
v 1.226694 -0.038669 1.484221
v 1.228909 -0.039341 1.460608
v 1.228909 -0.039341 1.484221
v 1.230950 -0.040432 1.460608
v 1.230950 -0.040432 1.484221
v 1.232739 -0.041901 1.460608
v 1.232739 -0.041901 1.484221
v 1.234208 -0.043690 1.460608
v 1.234208 -0.043690 1.484221
v 1.235299 -0.045731 1.460608
v 1.235299 -0.045731 1.484221
v 1.235971 -0.047946 1.460608
v 1.235971 -0.047946 1.484221
v 1.236197 -0.050249 1.460608
v 1.236197 -0.050249 1.484221
v 1.235971 -0.052552 1.460608
v 1.235971 -0.052552 1.484221
v 1.235299 -0.054767 1.460608
v 1.235299 -0.054767 1.484221
v 1.234208 -0.056808 1.460608
v 1.234208 -0.056808 1.484221
v 1.232739 -0.058597 1.460608
v 1.232739 -0.058597 1.484221
v 1.230950 -0.060065 1.460608
v 1.230950 -0.060065 1.484221
v 1.228909 -0.061157 1.460608
v 1.228909 -0.061157 1.484221
v 1.226694 -0.061828 1.460608
v 1.226694 -0.061828 1.484221
v 1.224391 -0.062055 1.460608
v 1.224391 -0.062055 1.484221
v 1.222088 -0.061828 1.460608
v 1.222088 -0.061828 1.484221
v 1.219873 -0.061157 1.460608
v 1.219873 -0.061157 1.484221
v 1.217832 -0.060065 1.460608
v 1.217832 -0.060065 1.484221
v 1.216043 -0.058597 1.460608
v 1.216043 -0.058597 1.484221
v 1.214575 -0.056808 1.460608
v 1.214575 -0.056808 1.484221
v 1.213484 -0.054767 1.460608
v 1.213484 -0.054767 1.484221
v 1.212812 -0.052552 1.460608
v 1.212812 -0.052552 1.484221
v 1.212585 -0.050249 1.460608
v 1.212585 -0.050249 1.484221
v 1.212812 -0.047946 1.460608
v 1.212812 -0.047946 1.484221
v 1.213484 -0.045731 1.460608
v 1.213484 -0.045731 1.484221
v 1.214575 -0.043690 1.460608
v 1.214575 -0.043690 1.484221
v 1.216043 -0.041901 1.460608
v 1.216043 -0.041901 1.484221
v 1.217832 -0.040432 1.460608
v 1.217832 -0.040432 1.484221
v 1.219873 -0.039341 1.460608
v 1.219873 -0.039341 1.484221
v 1.222088 -0.038669 1.460608
v 1.222088 -0.038669 1.484221
vn -0.0000 1.0000 -0.0000
vn 0.1951 0.9808 -0.0000
vn 0.3827 0.9239 -0.0000
vn 0.5556 0.8315 -0.0000
vn 0.7071 0.7071 -0.0000
vn 0.8315 0.5556 -0.0000
vn 0.9239 0.3827 -0.0000
vn 0.9808 0.1951 -0.0000
vn 1.0000 -0.0000 -0.0000
vn 0.9808 -0.1951 -0.0000
vn 0.9239 -0.3827 -0.0000
vn 0.8315 -0.5556 -0.0000
vn 0.7071 -0.7071 -0.0000
vn 0.5556 -0.8315 -0.0000
vn 0.3827 -0.9239 -0.0000
vn 0.1951 -0.9808 -0.0000
vn -0.0000 -1.0000 -0.0000
vn -0.1951 -0.9808 -0.0000
vn -0.3827 -0.9239 -0.0000
vn -0.5556 -0.8315 -0.0000
vn -0.7071 -0.7071 -0.0000
vn -0.8315 -0.5556 -0.0000
vn -0.9239 -0.3827 -0.0000
vn -0.9808 -0.1951 -0.0000
vn -1.0000 -0.0000 -0.0000
vn -0.9808 0.1951 -0.0000
vn -0.9239 0.3827 -0.0000
vn -0.8315 0.5556 -0.0000
vn -0.7071 0.7071 -0.0000
vn -0.5556 0.8315 -0.0000
vn -0.3827 0.9239 -0.0000
vn -0.0000 -0.0000 1.0000
vn -0.1951 0.9808 -0.0000
vn -0.0000 -0.0000 -1.0000
vt 0.625796 0.229557
vt 0.657427 0.229804
vt 0.657468 0.232888
vt 0.625851 0.232630
vt 0.657582 0.235786
vt 0.626006 0.235516
vt 0.657764 0.238378
vt 0.626255 0.238099
vt 0.658008 0.240561
vt 0.626588 0.240275
vt 0.658302 0.242252
vt 0.626989 0.241961
vt 0.658634 0.243388
vt 0.627442 0.243094
vt 0.658991 0.243931
vt 0.627929 0.243635
vt 0.659359 0.243866
vt 0.628431 0.243572
vt 0.659722 0.243205
vt 0.628927 0.242915
vt 0.660069 0.241980
vt 0.629400 0.241695
vt 0.660385 0.240243
vt 0.629832 0.239966
vt 0.660660 0.238066
vt 0.630207 0.237797
vt 0.660883 0.235531
vt 0.630512 0.235273
vt 0.661048 0.232734
vt 0.630736 0.232487
vt 0.661147 0.229778
vt 0.630872 0.229541
vt 0.661179 0.226769
vt 0.630916 0.226544
vt 0.661143 0.223815
vt 0.630866 0.223601
vt 0.661038 0.221024
vt 0.630723 0.220820
vt 0.660869 0.218496
vt 0.630492 0.218300
vt 0.660642 0.216325
vt 0.630182 0.216137
vt 0.660364 0.214593
vt 0.629803 0.214411
vt 0.660045 0.213369
vt 0.629368 0.213191
vt 0.659697 0.212706
vt 0.628893 0.212529
vt 0.659332 0.212633
vt 0.628395 0.212456
vt 0.658965 0.213163
vt 0.627894 0.212984
vt 0.658609 0.214283
vt 0.627408 0.214098
vt 0.658279 0.215955
vt 0.626958 0.215764
vt 0.657989 0.218120
vt 0.626561 0.217920
vt 0.657749 0.220696
vt 0.626235 0.220485
vt 0.657571 0.223580
vt 0.625992 0.223358
vt 0.657462 0.226658
vt 0.625843 0.226423
s 1
usemtl atlas
f 617/370/579 618/371/579 620/372/580 619/373/580
f 619/373/580 620/372/580 622/374/581 621/375/581
f 621/375/581 622/374/581 624/376/582 623/377/582
f 623/377/582 624/376/582 626/378/583 625/379/583
f 625/379/583 626/378/583 628/380/584 627/381/584
f 627/381/584 628/380/584 630/382/585 629/383/585
f 629/383/585 630/382/585 632/384/586 631/385/586
f 631/385/586 632/384/586 634/386/587 633/387/587
f 633/387/587 634/386/587 636/388/588 635/389/588
f 635/389/588 636/388/588 638/390/589 637/391/589
f 637/391/589 638/390/589 640/392/590 639/393/590
f 639/393/590 640/392/590 642/394/591 641/395/591
f 641/395/591 642/394/591 644/396/592 643/397/592
f 643/397/592 644/396/592 646/398/593 645/399/593
f 645/399/593 646/398/593 648/400/594 647/401/594
f 647/401/594 648/400/594 650/402/595 649/403/595
f 649/403/595 650/402/595 652/404/596 651/405/596
f 651/405/596 652/404/596 654/406/597 653/407/597
f 653/407/597 654/406/597 656/408/598 655/409/598
f 655/409/598 656/408/598 658/410/599 657/411/599
f 657/411/599 658/410/599 660/412/600 659/413/600
f 659/413/600 660/412/600 662/414/601 661/415/601
f 661/415/601 662/414/601 664/416/602 663/417/602
f 663/417/602 664/416/602 666/418/603 665/419/603
f 665/419/603 666/418/603 668/420/604 667/421/604
f 667/421/604 668/420/604 670/422/605 669/423/605
f 669/423/605 670/422/605 672/424/606 671/425/606
f 671/425/606 672/424/606 674/426/607 673/427/607
f 673/427/607 674/426/607 676/428/608 675/429/608
f 675/429/608 676/428/608 678/430/609 677/431/609
f 620/372/610 618/371/610 680/432/610 678/430/610 676/428/610 674/426/610 672/424/610 670/422/610 668/420/610 666/418/610 664/416/610 662/414/610 660/412/610 658/410/610 656/408/610 654/406/610 652/404/610 650/402/610 648/400/610 646/398/610 644/396/610 642/394/610 640/392/610 638/390/610 636/388/610 634/386/610 632/384/610 630/382/610 628/380/610 626/378/610 624/376/610 622/374/610
f 677/431/609 678/430/609 680/432/611 679/433/611
f 679/433/611 680/432/611 618/371/579 617/370/579
f 617/370/612 619/373/612 621/375/612 623/377/612 625/379/612 627/381/612 629/383/612 631/385/612 633/387/612 635/389/612 637/391/612 639/393/612 641/395/612 643/397/612 645/399/612 647/401/612 649/403/612 651/405/612 653/407/612 655/409/612 657/411/612 659/413/612 661/415/612 663/417/612 665/419/612 667/421/612 669/423/612 671/425/612 673/427/612 675/429/612 677/431/612 679/433/612
o Cylinder.040
v 1.213819 -0.053190 1.457236
v 1.213819 -0.053190 1.487593
v 1.274263 -0.054824 1.461031
v 1.274263 -0.054824 1.483798
v 1.213819 -0.066261 1.457236
v 1.213819 -0.066261 1.487593
v 1.274263 -0.064627 1.483798
v 1.274263 -0.064627 1.461031
v 1.194150 -0.050052 1.461031
v 1.194150 -0.050052 1.483798
v 1.194150 -0.063049 1.461031
v 1.194150 -0.063049 1.483798
vn 0.0270 0.9996 -0.0000
vn 0.0896 0.9960 -0.0000
vn 0.0270 -0.9996 -0.0000
vn -0.0633 -0.9980 -0.0000
vn 0.7234 -0.0000 0.6904
vn -0.0710 -0.0000 0.9975
vn -0.0582 -0.0000 0.9983
vn 0.7234 -0.0000 -0.6904
vn -0.0710 -0.0000 -0.9975
vn -0.0582 -0.0000 -0.9983
vn -0.7978 -0.0000 0.6029
vn -0.7453 -0.0000 0.6668
vn -0.7978 -0.0000 -0.6029
vn -0.7453 -0.0000 -0.6668
vn -0.1612 -0.9869 -0.0000
vn 0.1575 0.9875 -0.0000
vt 0.890023 0.694311
vt 0.706309 0.682778
vt 0.706309 0.775043
vt 0.890023 0.763509
vt 0.646527 0.763509
vt 0.646527 0.694311
s 1
usemtl atlas
f 683/434/613 681/435/614 682/436/614 684/437/613
f 688/434/615 687/437/615 686/436/616 685/435/616
f 684/437/617 682/436/618 686/436/619 687/437/617
f 683/434/620 684/437/617 687/437/617 688/434/620
f 681/435/621 683/434/620 688/434/620 685/435/622
f 686/436/619 682/436/618 690/438/623 692/438/624
f 690/438/623 689/439/625 691/439/626 692/438/624
f 685/435/616 686/436/616 692/438/627 691/439/627
f 682/436/614 681/435/614 689/439/628 690/438/628
f 681/435/621 685/435/622 691/439/626 689/439/625
o Cylinder.041
v 1.284842 -0.047871 1.455561
v 1.284842 -0.047871 1.489268
v 1.284842 -0.060942 1.489268
v 1.284842 -0.060942 1.455561
v 1.316557 -0.047871 1.482564
v 1.316557 -0.047871 1.462265
v 1.316557 -0.060942 1.482564
v 1.316557 -0.060942 1.462265
vn -1.0000 -0.0000 -0.0000
vn 1.0000 -0.0000 -0.0000
vn 0.2068 -0.0000 0.9784
vn -0.0000 1.0000 -0.0000
vn 0.2068 -0.0000 -0.9784
vn -0.0000 -1.0000 -0.0000
vt 0.715144 0.680616
vt 0.715144 0.783063
vt 0.811538 0.700993
vt 0.811538 0.762687
s 0
usemtl atlas
f 693/440/629 696/440/629 695/441/629 694/441/629
f 698/442/630 697/443/630 699/443/630 700/442/630
f 694/441/631 695/441/631 699/443/631 697/443/631
f 693/440/632 694/441/632 697/443/632 698/442/632
f 696/440/633 693/440/633 698/442/633 700/442/633
f 695/441/634 696/440/634 700/442/634 699/443/634
o Cylinder.042
v 1.145308 -0.055475 1.483949
v 1.145308 -0.055475 1.505827
v 1.145308 -0.040194 1.483949
v 1.145308 -0.040194 1.505827
v 1.221737 -0.055475 1.495936
v 1.221737 -0.055475 1.517814
v 1.221737 -0.040194 1.495936
v 1.221737 -0.040194 1.517814
vn -1.0000 -0.0000 -0.0000
vn -0.0000 1.0000 -0.0000
vn 1.0000 -0.0000 -0.0000
vn -0.0000 -1.0000 -0.0000
vn 0.1549 -0.0000 -0.9879
vn -0.1549 -0.0000 0.9879
vt 0.276528 0.164244
vt 0.276528 0.197348
vt 0.160881 0.215487
vt 0.160881 0.182382
s 0
usemtl atlas
f 701/444/635 702/445/635 704/445/635 703/444/635
f 703/444/636 704/445/636 708/446/636 707/447/636
f 707/447/637 708/446/637 706/446/637 705/447/637
f 705/447/638 706/446/638 702/445/638 701/444/638
f 703/444/639 707/447/639 705/447/639 701/444/639
f 708/446/640 704/445/640 702/445/640 706/446/640
o Cylinder.043
v 1.227046 -0.056156 1.495936
v 1.227046 -0.056156 1.517814
v 1.227046 -0.039167 1.495936
v 1.227046 -0.039167 1.517814
v 1.274263 -0.056156 1.495936
v 1.274263 -0.056156 1.517814
v 1.274263 -0.039167 1.495936
v 1.274263 -0.039167 1.517814
vn -1.0000 -0.0000 -0.0000
vn -0.0000 1.0000 -0.0000
vn 1.0000 -0.0000 -0.0000
vn -0.0000 -1.0000 -0.0000
vn -0.0000 -0.0000 -1.0000
vn -0.0000 -0.0000 1.0000
vt 0.152848 0.182382
vt 0.152848 0.215487
vt 0.081402 0.215487
vt 0.081402 0.182382
s 0
usemtl atlas
f 709/448/641 710/449/641 712/449/641 711/448/641
f 711/448/642 712/449/642 716/450/642 715/451/642
f 715/451/643 716/450/643 714/450/643 713/451/643
f 713/451/644 714/450/644 710/449/644 709/448/644
f 711/448/645 715/451/645 713/451/645 709/448/645
f 716/450/646 712/449/646 710/449/646 714/450/646
o Cylinder.044
v 1.279831 -0.053422 1.495936
v 1.279831 -0.053422 1.517814
v 1.279831 -0.039618 1.495936
v 1.279831 -0.039618 1.517814
v 1.307499 -0.053422 1.495936
v 1.307499 -0.053422 1.517814
v 1.307499 -0.039618 1.495936
v 1.307499 -0.039618 1.517814
vn -1.0000 -0.0000 -0.0000
vn 1.0000 -0.0000 -0.0000
vn -0.0000 -1.0000 -0.0000
vn -0.0000 -0.0000 -1.0000
vn -0.0000 -0.0000 1.0000
vn -0.0000 1.0000 -0.0000
vt 0.072977 0.182382
vt 0.072977 0.215487
vt 0.031112 0.182382
vt 0.031112 0.215487
s 0
usemtl atlas
f 717/452/647 718/453/647 720/453/647 719/452/647
f 723/454/648 724/455/648 722/455/648 721/454/648
f 721/454/649 722/455/649 718/453/649 717/452/649
f 719/452/650 723/454/650 721/454/650 717/452/650
f 724/455/651 720/453/651 718/453/651 722/455/651
f 719/452/652 720/453/652 724/455/652 723/454/652
o Cylinder.045
v 1.277047 -0.038443 1.495069
v 1.277047 -0.038443 1.518682
v 1.279351 -0.038670 1.495069
v 1.279351 -0.038670 1.518682
v 1.281565 -0.039341 1.495069
v 1.281565 -0.039341 1.518682
v 1.283607 -0.040432 1.495069
v 1.283607 -0.040432 1.518682
v 1.285396 -0.041901 1.495069
v 1.285396 -0.041901 1.518682
v 1.286864 -0.043690 1.495069
v 1.286864 -0.043690 1.518682
v 1.287955 -0.045731 1.495069
v 1.287955 -0.045731 1.518682
v 1.288627 -0.047946 1.495069
v 1.288627 -0.047946 1.518682
v 1.288854 -0.050249 1.495069
v 1.288854 -0.050249 1.518682
v 1.288627 -0.052552 1.495069
v 1.288627 -0.052552 1.518682
v 1.287955 -0.054767 1.495069
v 1.287955 -0.054767 1.518682
v 1.286864 -0.056808 1.495069
v 1.286864 -0.056808 1.518682
v 1.285396 -0.058597 1.495069
v 1.285396 -0.058597 1.518682
v 1.283607 -0.060065 1.495069
v 1.283607 -0.060065 1.518682
v 1.281565 -0.061157 1.495069
v 1.281565 -0.061157 1.518682
v 1.279351 -0.061828 1.495069
v 1.279351 -0.061828 1.518682
v 1.277047 -0.062055 1.495069
v 1.277047 -0.062055 1.518682
v 1.274744 -0.061828 1.495069
v 1.274744 -0.061828 1.518682
v 1.272529 -0.061157 1.495069
v 1.272529 -0.061157 1.518682
v 1.270488 -0.060065 1.495069
v 1.270488 -0.060065 1.518682
v 1.268699 -0.058597 1.495069
v 1.268699 -0.058597 1.518682
v 1.267231 -0.056808 1.495069
v 1.267231 -0.056808 1.518682
v 1.266140 -0.054767 1.495069
v 1.266140 -0.054767 1.518682
v 1.265468 -0.052552 1.495069
v 1.265468 -0.052552 1.518682
v 1.265241 -0.050249 1.495069
v 1.265241 -0.050249 1.518682
v 1.265468 -0.047946 1.495069
v 1.265468 -0.047946 1.518682
v 1.266140 -0.045731 1.495069
v 1.266140 -0.045731 1.518682
v 1.267231 -0.043690 1.495069
v 1.267231 -0.043690 1.518682
v 1.268699 -0.041901 1.495069
v 1.268699 -0.041901 1.518682
v 1.270488 -0.040432 1.495069
v 1.270488 -0.040432 1.518682
v 1.272529 -0.039341 1.495069
v 1.272529 -0.039341 1.518682
v 1.274744 -0.038670 1.495069
v 1.274744 -0.038670 1.518682
vn -0.0000 1.0000 -0.0000
vn 0.1951 0.9808 -0.0000
vn 0.3827 0.9239 -0.0000
vn 0.5556 0.8315 -0.0000
vn 0.7071 0.7071 -0.0000
vn 0.8315 0.5556 -0.0000
vn 0.9239 0.3827 -0.0000
vn 0.9808 0.1951 -0.0000
vn 1.0000 -0.0000 -0.0000
vn 0.9808 -0.1951 -0.0000
vn 0.9239 -0.3827 -0.0000
vn 0.8315 -0.5556 -0.0000
vn 0.7071 -0.7071 -0.0000
vn 0.5556 -0.8315 -0.0000
vn 0.3827 -0.9239 -0.0000
vn 0.1951 -0.9808 -0.0000
vn -0.0000 -1.0000 -0.0000
vn -0.1951 -0.9808 -0.0000
vn -0.3827 -0.9239 -0.0000
vn -0.5556 -0.8315 -0.0000
vn -0.7071 -0.7071 -0.0000
vn -0.8315 -0.5556 -0.0000
vn -0.9239 -0.3827 -0.0000
vn -0.9808 -0.1951 -0.0000
vn -1.0000 -0.0000 -0.0000
vn -0.9808 0.1951 -0.0000
vn -0.9239 0.3827 -0.0000
vn -0.8315 0.5556 -0.0000
vn -0.7071 0.7071 -0.0000
vn -0.5556 0.8315 -0.0000
vn -0.3827 0.9239 -0.0000
vn -0.0000 -0.0000 1.0000
vn -0.1951 0.9808 -0.0000
vn -0.0000 -0.0000 -1.0000
vt 0.627377 0.131367
vt 0.659344 0.131892
vt 0.659362 0.134958
vt 0.627410 0.134421
vt 0.659414 0.137773
vt 0.627505 0.137226
vt 0.659498 0.140224
vt 0.627656 0.139668
vt 0.659609 0.142212
vt 0.627858 0.141650
vt 0.659743 0.143663
vt 0.628102 0.143097
vt 0.659895 0.144523
vt 0.628377 0.143957
vt 0.660058 0.144766
vt 0.628674 0.144202
vt 0.660226 0.144391
vt 0.628978 0.143830
vt 0.660393 0.143418
vt 0.629280 0.142864
vt 0.660551 0.141894
vt 0.629567 0.141347
vt 0.660695 0.139882
vt 0.629830 0.139344
vt 0.660821 0.137461
vt 0.630057 0.136935
vt 0.660923 0.134726
vt 0.630243 0.134211
vt 0.660998 0.131776
vt 0.630379 0.131274
vt 0.661044 0.128722
vt 0.630462 0.128231
vt 0.661058 0.125671
vt 0.630489 0.125192
vt 0.661042 0.122736
vt 0.630458 0.122266
vt 0.660994 0.120019
vt 0.630371 0.119560
vt 0.660917 0.117622
vt 0.630231 0.117170
vt 0.660813 0.115633
vt 0.630042 0.115187
vt 0.660686 0.114127
vt 0.629812 0.113686
vt 0.660540 0.113167
vt 0.629548 0.112727
vt 0.660381 0.112794
vt 0.629259 0.112354
vt 0.660214 0.113029
vt 0.628957 0.112586
vt 0.660047 0.113871
vt 0.628652 0.113424
vt 0.659884 0.115297
vt 0.628357 0.114842
vt 0.659733 0.117256
vt 0.628083 0.116792
vt 0.659600 0.119677
vt 0.627842 0.119202
vt 0.659491 0.122468
vt 0.627644 0.121980
vt 0.659409 0.125517
vt 0.627496 0.125016
vt 0.659360 0.128702
vt 0.627406 0.128189
s 1
usemtl atlas
f 725/456/653 726/457/653 728/458/654 727/459/654
f 727/459/654 728/458/654 730/460/655 729/461/655
f 729/461/655 730/460/655 732/462/656 731/463/656
f 731/463/656 732/462/656 734/464/657 733/465/657
f 733/465/657 734/464/657 736/466/658 735/467/658
f 735/467/658 736/466/658 738/468/659 737/469/659
f 737/469/659 738/468/659 740/470/660 739/471/660
f 739/471/660 740/470/660 742/472/661 741/473/661
f 741/473/661 742/472/661 744/474/662 743/475/662
f 743/475/662 744/474/662 746/476/663 745/477/663
f 745/477/663 746/476/663 748/478/664 747/479/664
f 747/479/664 748/478/664 750/480/665 749/481/665
f 749/481/665 750/480/665 752/482/666 751/483/666
f 751/483/666 752/482/666 754/484/667 753/485/667
f 753/485/667 754/484/667 756/486/668 755/487/668
f 755/487/668 756/486/668 758/488/669 757/489/669
f 757/489/669 758/488/669 760/490/670 759/491/670
f 759/491/670 760/490/670 762/492/671 761/493/671
f 761/493/671 762/492/671 764/494/672 763/495/672
f 763/495/672 764/494/672 766/496/673 765/497/673
f 765/497/673 766/496/673 768/498/674 767/499/674
f 767/499/674 768/498/674 770/500/675 769/501/675
f 769/501/675 770/500/675 772/502/676 771/503/676
f 771/503/676 772/502/676 774/504/677 773/505/677
f 773/505/677 774/504/677 776/506/678 775/507/678
f 775/507/678 776/506/678 778/508/679 777/509/679
f 777/509/679 778/508/679 780/510/680 779/511/680
f 779/511/680 780/510/680 782/512/681 781/513/681
f 781/513/681 782/512/681 784/514/682 783/515/682
f 783/515/682 784/514/682 786/516/683 785/517/683
f 728/458/684 726/457/684 788/518/684 786/516/684 784/514/684 782/512/684 780/510/684 778/508/684 776/506/684 774/504/684 772/502/684 770/500/684 768/498/684 766/496/684 764/494/684 762/492/684 760/490/684 758/488/684 756/486/684 754/484/684 752/482/684 750/480/684 748/478/684 746/476/684 744/474/684 742/472/684 740/470/684 738/468/684 736/466/684 734/464/684 732/462/684 730/460/684
f 785/517/683 786/516/683 788/518/685 787/519/685
f 787/519/685 788/518/685 726/457/653 725/456/653
f 725/456/686 727/459/686 729/461/686 731/463/686 733/465/686 735/467/686 737/469/686 739/471/686 741/473/686 743/475/686 745/477/686 747/479/686 749/481/686 751/483/686 753/485/686 755/487/686 757/489/686 759/491/686 761/493/686 763/495/686 765/497/686 767/499/686 769/501/686 771/503/686 773/505/686 775/507/686 777/509/686 779/511/686 781/513/686 783/515/686 785/517/686 787/519/686
o Cylinder.046
v 1.224391 -0.038443 1.495068
v 1.224391 -0.038443 1.518681
v 1.226694 -0.038669 1.495068
v 1.226694 -0.038669 1.518681
v 1.228909 -0.039341 1.495068
v 1.228909 -0.039341 1.518681
v 1.230950 -0.040432 1.495068
v 1.230950 -0.040432 1.518681
v 1.232739 -0.041901 1.495068
v 1.232739 -0.041901 1.518681
v 1.234208 -0.043690 1.495068
v 1.234208 -0.043690 1.518681
v 1.235299 -0.045731 1.495068
v 1.235299 -0.045731 1.518681
v 1.235971 -0.047946 1.495068
v 1.235971 -0.047946 1.518681
v 1.236197 -0.050249 1.495068
v 1.236197 -0.050249 1.518681
v 1.235971 -0.052552 1.495068
v 1.235971 -0.052552 1.518681
v 1.235299 -0.054767 1.495068
v 1.235299 -0.054767 1.518681
v 1.234208 -0.056808 1.495068
v 1.234208 -0.056808 1.518681
v 1.232739 -0.058597 1.495068
v 1.232739 -0.058597 1.518681
v 1.230950 -0.060065 1.495068
v 1.230950 -0.060065 1.518681
v 1.228909 -0.061157 1.495068
v 1.228909 -0.061157 1.518681
v 1.226694 -0.061828 1.495068
v 1.226694 -0.061828 1.518681
v 1.224391 -0.062055 1.495068
v 1.224391 -0.062055 1.518681
v 1.222088 -0.061828 1.495068
v 1.222088 -0.061828 1.518681
v 1.219873 -0.061157 1.495068
v 1.219873 -0.061157 1.518681
v 1.217832 -0.060065 1.495068
v 1.217832 -0.060065 1.518681
v 1.216043 -0.058597 1.495068
v 1.216043 -0.058597 1.518681
v 1.214575 -0.056808 1.495068
v 1.214575 -0.056808 1.518681
v 1.213484 -0.054767 1.495068
v 1.213484 -0.054767 1.518681
v 1.212812 -0.052552 1.495068
v 1.212812 -0.052552 1.518681
v 1.212585 -0.050249 1.495068
v 1.212585 -0.050249 1.518681
v 1.212812 -0.047946 1.495068
v 1.212812 -0.047946 1.518681
v 1.213484 -0.045731 1.495068
v 1.213484 -0.045731 1.518681
v 1.214575 -0.043690 1.495068
v 1.214575 -0.043690 1.518681
v 1.216043 -0.041901 1.495068
v 1.216043 -0.041901 1.518681
v 1.217832 -0.040432 1.495068
v 1.217832 -0.040432 1.518681
v 1.219873 -0.039341 1.495068
v 1.219873 -0.039341 1.518681
v 1.222088 -0.038669 1.495068
v 1.222088 -0.038669 1.518681
vn -0.0000 1.0000 -0.0000
vn 0.1951 0.9808 -0.0000
vn 0.3827 0.9239 -0.0000
vn 0.5556 0.8315 -0.0000
vn 0.7071 0.7071 -0.0000
vn 0.8315 0.5556 -0.0000
vn 0.9239 0.3827 -0.0000
vn 0.9808 0.1951 -0.0000
vn 1.0000 -0.0000 -0.0000
vn 0.9808 -0.1951 -0.0000
vn 0.9239 -0.3827 -0.0000
vn 0.8315 -0.5556 -0.0000
vn 0.7071 -0.7071 -0.0000
vn 0.5556 -0.8315 -0.0000
vn 0.3827 -0.9239 -0.0000
vn 0.1951 -0.9808 -0.0000
vn -0.0000 -1.0000 -0.0000
vn -0.1951 -0.9808 -0.0000
vn -0.3827 -0.9239 -0.0000
vn -0.5556 -0.8315 -0.0000
vn -0.7071 -0.7071 -0.0000
vn -0.8315 -0.5556 -0.0000
vn -0.9239 -0.3827 -0.0000
vn -0.9808 -0.1951 -0.0000
vn -1.0000 -0.0000 -0.0000
vn -0.9808 0.1951 -0.0000
vn -0.9239 0.3827 -0.0000
vn -0.8315 0.5556 -0.0000
vn -0.7071 0.7071 -0.0000
vn -0.5556 0.8315 -0.0000
vn -0.3827 0.9239 -0.0000
vn -0.0000 -0.0000 1.0000
vn -0.1951 0.9808 -0.0000
vn -0.0000 -0.0000 -1.0000
vt 0.627233 0.262671
vt 0.659223 0.262921
vt 0.659241 0.266023
vt 0.627266 0.265761
vt 0.659293 0.268936
vt 0.627361 0.268663
vt 0.659377 0.271541
vt 0.627513 0.271259
vt 0.659488 0.273736
vt 0.627715 0.273447
vt 0.659623 0.275435
vt 0.627959 0.275140
vt 0.659775 0.276576
vt 0.628235 0.276278
vt 0.659938 0.277120
vt 0.628532 0.276821
vt 0.660106 0.277053
vt 0.628837 0.276755
vt 0.660273 0.276386
vt 0.629139 0.276093
vt 0.660432 0.275152
vt 0.629427 0.274864
vt 0.660576 0.273405
vt 0.629689 0.273124
vt 0.660702 0.271214
vt 0.629917 0.270943
vt 0.660804 0.268664
vt 0.630103 0.268403
vt 0.660879 0.265851
vt 0.630240 0.265601
vt 0.660925 0.262878
vt 0.630323 0.262640
vt 0.660940 0.259853
vt 0.630349 0.259626
vt 0.660923 0.256884
vt 0.630318 0.256667
vt 0.660875 0.254078
vt 0.630232 0.253871
vt 0.660798 0.251537
vt 0.630091 0.251339
vt 0.660693 0.249354
vt 0.629902 0.249165
vt 0.660566 0.247614
vt 0.629672 0.247430
vt 0.660420 0.246385
vt 0.629407 0.246205
vt 0.660261 0.245719
vt 0.629118 0.245540
vt 0.660094 0.245647
vt 0.628815 0.245468
vt 0.659926 0.246181
vt 0.628510 0.246000
vt 0.659764 0.247308
vt 0.628215 0.247121
vt 0.659612 0.248991
vt 0.627941 0.248797
vt 0.659479 0.251169
vt 0.627699 0.250966
vt 0.659370 0.253760
vt 0.627500 0.253546
vt 0.659288 0.256662
vt 0.627352 0.256436
vt 0.659239 0.259757
vt 0.627262 0.259520
s 1
usemtl atlas
f 789/520/687 790/521/687 792/522/688 791/523/688
f 791/523/688 792/522/688 794/524/689 793/525/689
f 793/525/689 794/524/689 796/526/690 795/527/690
f 795/527/690 796/526/690 798/528/691 797/529/691
f 797/529/691 798/528/691 800/530/692 799/531/692
f 799/531/692 800/530/692 802/532/693 801/533/693
f 801/533/693 802/532/693 804/534/694 803/535/694
f 803/535/694 804/534/694 806/536/695 805/537/695
f 805/537/695 806/536/695 808/538/696 807/539/696
f 807/539/696 808/538/696 810/540/697 809/541/697
f 809/541/697 810/540/697 812/542/698 811/543/698
f 811/543/698 812/542/698 814/544/699 813/545/699
f 813/545/699 814/544/699 816/546/700 815/547/700
f 815/547/700 816/546/700 818/548/701 817/549/701
f 817/549/701 818/548/701 820/550/702 819/551/702
f 819/551/702 820/550/702 822/552/703 821/553/703
f 821/553/703 822/552/703 824/554/704 823/555/704
f 823/555/704 824/554/704 826/556/705 825/557/705
f 825/557/705 826/556/705 828/558/706 827/559/706
f 827/559/706 828/558/706 830/560/707 829/561/707
f 829/561/707 830/560/707 832/562/708 831/563/708
f 831/563/708 832/562/708 834/564/709 833/565/709
f 833/565/709 834/564/709 836/566/710 835/567/710
f 835/567/710 836/566/710 838/568/711 837/569/711
f 837/569/711 838/568/711 840/570/712 839/571/712
f 839/571/712 840/570/712 842/572/713 841/573/713
f 841/573/713 842/572/713 844/574/714 843/575/714
f 843/575/714 844/574/714 846/576/715 845/577/715
f 845/577/715 846/576/715 848/578/716 847/579/716
f 847/579/716 848/578/716 850/580/717 849/581/717
f 792/522/718 790/521/718 852/582/718 850/580/718 848/578/718 846/576/718 844/574/718 842/572/718 840/570/718 838/568/718 836/566/718 834/564/718 832/562/718 830/560/718 828/558/718 826/556/718 824/554/718 822/552/718 820/550/718 818/548/718 816/546/718 814/544/718 812/542/718 810/540/718 808/538/718 806/536/718 804/534/718 802/532/718 800/530/718 798/528/718 796/526/718 794/524/718
f 849/581/717 850/580/717 852/582/719 851/583/719
f 851/583/719 852/582/719 790/521/687 789/520/687
f 789/520/720 791/523/720 793/525/720 795/527/720 797/529/720 799/531/720 801/533/720 803/535/720 805/537/720 807/539/720 809/541/720 811/543/720 813/545/720 815/547/720 817/549/720 819/551/720 821/553/720 823/555/720 825/557/720 827/559/720 829/561/720 831/563/720 833/565/720 835/567/720 837/569/720 839/571/720 841/573/720 843/575/720 845/577/720 847/579/720 849/581/720 851/583/720
o Cylinder.047
v 1.213819 -0.053190 1.491697
v 1.213819 -0.053190 1.522053
v 1.274263 -0.054824 1.495491
v 1.274263 -0.054824 1.518258
v 1.213819 -0.066261 1.491697
v 1.213819 -0.066261 1.522053
v 1.274263 -0.064627 1.518258
v 1.274263 -0.064627 1.495491
v 1.194150 -0.050052 1.495491
v 1.194150 -0.050052 1.518258
v 1.194150 -0.063049 1.495491
v 1.194150 -0.063049 1.518258
vn 0.0270 0.9996 -0.0000
vn 0.0896 0.9960 -0.0000
vn 0.0270 -0.9996 -0.0000
vn -0.0633 -0.9980 -0.0000
vn 0.7234 -0.0000 0.6904
vn -0.0710 -0.0000 0.9975
vn -0.0582 -0.0000 0.9983
vn 0.7234 -0.0000 -0.6904
vn -0.0710 -0.0000 -0.9975
vn -0.0582 -0.0000 -0.9983
vn -0.7978 -0.0000 0.6029
vn -0.7453 -0.0000 0.6668
vn -0.7978 -0.0000 -0.6029
vn -0.7453 -0.0000 -0.6668
vn -0.1612 -0.9869 -0.0000
vn 0.1575 0.9875 -0.0000
vt 0.890023 0.694556
vt 0.706309 0.683023
vt 0.706309 0.775288
vt 0.890023 0.763754
vt 0.646527 0.763754
vt 0.646527 0.694556
s 1
usemtl atlas
f 855/584/721 853/585/722 854/586/722 856/587/721
f 860/584/723 859/587/723 858/586/724 857/585/724
f 856/587/725 854/586/726 858/586/727 859/587/725
f 855/584/728 856/587/725 859/587/725 860/584/728
f 853/585/729 855/584/728 860/584/728 857/585/730
f 858/586/727 854/586/726 862/588/731 864/588/732
f 862/588/731 861/589/733 863/589/734 864/588/732
f 857/585/724 858/586/724 864/588/735 863/589/735
f 854/586/722 853/585/722 861/589/736 862/588/736
f 853/585/729 857/585/730 863/589/734 861/589/733
o Cylinder.048
v 1.284842 -0.047871 1.490021
v 1.284842 -0.047871 1.523728
v 1.284842 -0.060942 1.523728
v 1.284842 -0.060942 1.490021
v 1.316557 -0.047871 1.517024
v 1.316557 -0.047871 1.496726
v 1.316557 -0.060942 1.517024
v 1.316557 -0.060942 1.496726
vn -1.0000 -0.0000 -0.0000
vn 1.0000 -0.0000 -0.0000
vn 0.2068 -0.0000 0.9784
vn -0.0000 1.0000 -0.0000
vn 0.2068 -0.0000 -0.9784
vn -0.0000 -1.0000 -0.0000
vt 0.715144 0.785354
vt 0.715144 0.887801
vt 0.811538 0.805730
vt 0.811538 0.867424
s 0
usemtl atlas
f 865/590/737 868/590/737 867/591/737 866/591/737
f 870/592/738 869/593/738 871/593/738 872/592/738
f 866/591/739 867/591/739 871/593/739 869/593/739
f 865/590/740 866/591/740 869/593/740 870/592/740
f 868/590/741 865/590/741 870/592/741 872/592/741
f 867/591/742 868/590/742 872/592/742 871/593/742
o Cylinder.049
v 1.145308 -0.060001 1.438882
v 1.145308 -0.060001 1.460760
v 1.145308 -0.040323 1.438882
v 1.145308 -0.040323 1.460760
v 1.221737 -0.060001 1.426895
v 1.221737 -0.060001 1.448773
v 1.221737 -0.040323 1.426895
v 1.221737 -0.040323 1.448773
vn -1.0000 -0.0000 -0.0000
vn -0.0000 1.0000 -0.0000
vn 1.0000 -0.0000 -0.0000
vn -0.0000 -1.0000 -0.0000
vn -0.1549 -0.0000 -0.9879
vn 0.1549 -0.0000 0.9879
vt 0.276528 0.096052
vt 0.276528 0.129156
vt 0.160881 0.111018
vt 0.160881 0.077914
s 0
usemtl atlas
f 873/594/743 874/595/743 876/595/743 875/594/743
f 875/594/744 876/595/744 880/596/744 879/597/744
f 879/597/745 880/596/745 878/596/745 877/597/745
f 877/597/746 878/596/746 874/595/746 873/594/746
f 875/594/747 879/597/747 877/597/747 873/594/747
f 880/596/748 876/595/748 874/595/748 878/596/748
o Cylinder.050
v 1.227046 -0.061188 1.426895
v 1.227046 -0.061188 1.448773
v 1.227046 -0.039310 1.426895
v 1.227046 -0.039310 1.448773
v 1.274263 -0.061188 1.426895
v 1.274263 -0.061188 1.448773
v 1.274263 -0.039310 1.426895
v 1.274263 -0.039310 1.448773
vn -1.0000 -0.0000 -0.0000
vn -0.0000 1.0000 -0.0000
vn 1.0000 -0.0000 -0.0000
vn -0.0000 -1.0000 -0.0000
vn -0.0000 -0.0000 -1.0000
vn -0.0000 -0.0000 1.0000
vt 0.152848 0.077914
vt 0.152848 0.111018
vt 0.081402 0.111018
vt 0.081402 0.077914
s 0
usemtl atlas
f 881/598/749 882/599/749 884/599/749 883/598/749
f 883/598/750 884/599/750 888/600/750 887/601/750
f 887/601/751 888/600/751 886/600/751 885/601/751
f 885/601/752 886/600/752 882/599/752 881/598/752
f 883/598/753 887/601/753 885/601/753 881/598/753
f 888/600/754 884/599/754 882/599/754 886/600/754
o Cylinder.051
v 1.279831 -0.053422 1.426895
v 1.279831 -0.053422 1.448773
v 1.279831 -0.039618 1.426895
v 1.279831 -0.039618 1.448773
v 1.307499 -0.053422 1.426895
v 1.307499 -0.053422 1.448773
v 1.307499 -0.039618 1.426895
v 1.307499 -0.039618 1.448773
vn -1.0000 -0.0000 -0.0000
vn 1.0000 -0.0000 -0.0000
vn -0.0000 -1.0000 -0.0000
vn -0.0000 -0.0000 -1.0000
vn -0.0000 -0.0000 1.0000
vn -0.0000 1.0000 -0.0000
vt 0.072977 0.077914
vt 0.072977 0.111018
vt 0.031112 0.077914
vt 0.031112 0.111018
s 0
usemtl atlas
f 889/602/755 890/603/755 892/603/755 891/602/755
f 895/604/756 896/605/756 894/605/756 893/604/756
f 893/604/757 894/605/757 890/603/757 889/602/757
f 891/602/758 895/604/758 893/604/758 889/602/758
f 896/605/759 892/603/759 890/603/759 894/605/759
f 891/602/760 892/603/760 896/605/760 895/604/760
o Cylinder.052
v 1.277047 -0.038443 1.426028
v 1.277047 -0.038443 1.449641
v 1.279351 -0.038670 1.426028
v 1.279351 -0.038670 1.449641
v 1.281565 -0.039341 1.426028
v 1.281565 -0.039341 1.449641
v 1.283607 -0.040432 1.426028
v 1.283607 -0.040432 1.449641
v 1.285396 -0.041901 1.426028
v 1.285396 -0.041901 1.449641
v 1.286864 -0.043690 1.426028
v 1.286864 -0.043690 1.449641
v 1.287955 -0.045731 1.426028
v 1.287955 -0.045731 1.449641
v 1.288627 -0.047946 1.426028
v 1.288627 -0.047946 1.449641
v 1.288854 -0.050249 1.426028
v 1.288854 -0.050249 1.449641
v 1.288627 -0.052552 1.426028
v 1.288627 -0.052552 1.449641
v 1.287955 -0.054767 1.426028
v 1.287955 -0.054767 1.449641
v 1.286864 -0.056808 1.426028
v 1.286864 -0.056808 1.449641
v 1.285396 -0.058597 1.426028
v 1.285396 -0.058597 1.449641
v 1.283607 -0.060065 1.426028
v 1.283607 -0.060065 1.449641
v 1.281565 -0.061157 1.426028
v 1.281565 -0.061157 1.449641
v 1.279351 -0.061828 1.426028
v 1.279351 -0.061828 1.449641
v 1.277047 -0.062055 1.426028
v 1.277047 -0.062055 1.449641
v 1.274744 -0.061828 1.426028
v 1.274744 -0.061828 1.449641
v 1.272529 -0.061157 1.426028
v 1.272529 -0.061157 1.449641
v 1.270488 -0.060065 1.426028
v 1.270488 -0.060065 1.449641
v 1.268699 -0.058597 1.426028
v 1.268699 -0.058597 1.449641
v 1.267231 -0.056808 1.426028
v 1.267231 -0.056808 1.449641
v 1.266140 -0.054767 1.426028
v 1.266140 -0.054767 1.449641
v 1.265468 -0.052552 1.426028
v 1.265468 -0.052552 1.449641
v 1.265241 -0.050249 1.426028
v 1.265241 -0.050249 1.449641
v 1.265468 -0.047946 1.426028
v 1.265468 -0.047946 1.449641
v 1.266140 -0.045731 1.426028
v 1.266140 -0.045731 1.449641
v 1.267231 -0.043690 1.426028
v 1.267231 -0.043690 1.449641
v 1.268699 -0.041901 1.426028
v 1.268699 -0.041901 1.449641
v 1.270488 -0.040432 1.426028
v 1.270488 -0.040432 1.449641
v 1.272529 -0.039341 1.426028
v 1.272529 -0.039341 1.449641
v 1.274744 -0.038670 1.426028
v 1.274744 -0.038670 1.449641
vn -0.0000 1.0000 -0.0000
vn 0.1951 0.9808 -0.0000
vn 0.3827 0.9239 -0.0000
vn 0.5556 0.8315 -0.0000
vn 0.7071 0.7071 -0.0000
vn 0.8315 0.5556 -0.0000
vn 0.9239 0.3827 -0.0000
vn 0.9808 0.1951 -0.0000
vn 1.0000 -0.0000 -0.0000
vn 0.9808 -0.1951 -0.0000
vn 0.9239 -0.3827 -0.0000
vn 0.8315 -0.5556 -0.0000
vn 0.7071 -0.7071 -0.0000
vn 0.5556 -0.8315 -0.0000
vn 0.3827 -0.9239 -0.0000
vn 0.1951 -0.9808 -0.0000
vn -0.0000 -1.0000 -0.0000
vn -0.1951 -0.9808 -0.0000
vn -0.3827 -0.9239 -0.0000
vn -0.5556 -0.8315 -0.0000
vn -0.7071 -0.7071 -0.0000
vn -0.8315 -0.5556 -0.0000
vn -0.9239 -0.3827 -0.0000
vn -0.9808 -0.1951 -0.0000
vn -1.0000 -0.0000 -0.0000
vn -0.9808 0.1951 -0.0000
vn -0.9239 0.3827 -0.0000
vn -0.8315 0.5556 -0.0000
vn -0.7071 0.7071 -0.0000
vn -0.5556 0.8315 -0.0000
vn -0.3827 0.9239 -0.0000
vn -0.0000 -0.0000 1.0000
vn -0.1951 0.9808 -0.0000
vn -0.0000 -0.0000 -1.0000
vt 0.625138 0.198152
vt 0.656395 0.198666
vt 0.656457 0.201698
vt 0.625214 0.201173
vt 0.656631 0.204483
vt 0.625429 0.203948
vt 0.656910 0.206910
vt 0.625773 0.206367
vt 0.657283 0.208881
vt 0.626233 0.208332
vt 0.657733 0.210321
vt 0.626787 0.209768
vt 0.658241 0.211178
vt 0.627414 0.210625
vt 0.658787 0.211426
vt 0.628087 0.210873
vt 0.659349 0.211061
vt 0.628780 0.210513
vt 0.659906 0.210107
vt 0.629467 0.209564
vt 0.660436 0.208606
vt 0.630120 0.208071
vt 0.660920 0.206621
vt 0.630717 0.206095
vt 0.661341 0.204232
vt 0.631235 0.203717
vt 0.661682 0.201530
vt 0.631657 0.201026
vt 0.661934 0.198615
vt 0.631967 0.198123
vt 0.662087 0.195595
vt 0.632156 0.195114
vt 0.662136 0.192578
vt 0.632216 0.192108
vt 0.662080 0.189673
vt 0.632146 0.189214
vt 0.661919 0.186984
vt 0.631949 0.186534
vt 0.661661 0.184610
vt 0.631630 0.184168
vt 0.661313 0.182638
vt 0.631201 0.182202
vt 0.660888 0.181145
vt 0.630677 0.180713
vt 0.660400 0.180190
vt 0.630075 0.179760
vt 0.659867 0.179815
vt 0.629419 0.179385
vt 0.659310 0.180042
vt 0.628731 0.179609
vt 0.658747 0.180870
vt 0.628038 0.180432
vt 0.658203 0.182274
vt 0.627367 0.181829
vt 0.657698 0.184207
vt 0.626745 0.183752
vt 0.657254 0.186596
vt 0.626196 0.186131
vt 0.656887 0.189352
vt 0.625745 0.188875
vt 0.656615 0.192364
vt 0.625409 0.191875
vt 0.656448 0.195511
vt 0.625204 0.195010
s 1
usemtl atlas
f 897/606/761 898/607/761 900/608/762 899/609/762
f 899/609/762 900/608/762 902/610/763 901/611/763
f 901/611/763 902/610/763 904/612/764 903/613/764
f 903/613/764 904/612/764 906/614/765 905/615/765
f 905/615/765 906/614/765 908/616/766 907/617/766
f 907/617/766 908/616/766 910/618/767 909/619/767
f 909/619/767 910/618/767 912/620/768 911/621/768
f 911/621/768 912/620/768 914/622/769 913/623/769
f 913/623/769 914/622/769 916/624/770 915/625/770
f 915/625/770 916/624/770 918/626/771 917/627/771
f 917/627/771 918/626/771 920/628/772 919/629/772
f 919/629/772 920/628/772 922/630/773 921/631/773
f 921/631/773 922/630/773 924/632/774 923/633/774
f 923/633/774 924/632/774 926/634/775 925/635/775
f 925/635/775 926/634/775 928/636/776 927/637/776
f 927/637/776 928/636/776 930/638/777 929/639/777
f 929/639/777 930/638/777 932/640/778 931/641/778
f 931/641/778 932/640/778 934/642/779 933/643/779
f 933/643/779 934/642/779 936/644/780 935/645/780
f 935/645/780 936/644/780 938/646/781 937/647/781
f 937/647/781 938/646/781 940/648/782 939/649/782
f 939/649/782 940/648/782 942/650/783 941/651/783
f 941/651/783 942/650/783 944/652/784 943/653/784
f 943/653/784 944/652/784 946/654/785 945/655/785
f 945/655/785 946/654/785 948/656/786 947/657/786
f 947/657/786 948/656/786 950/658/787 949/659/787
f 949/659/787 950/658/787 952/660/788 951/661/788
f 951/661/788 952/660/788 954/662/789 953/663/789
f 953/663/789 954/662/789 956/664/790 955/665/790
f 955/665/790 956/664/790 958/666/791 957/667/791
f 900/608/792 898/607/792 960/668/792 958/666/792 956/664/792 954/662/792 952/660/792 950/658/792 948/656/792 946/654/792 944/652/792 942/650/792 940/648/792 938/646/792 936/644/792 934/642/792 932/640/792 930/638/792 928/636/792 926/634/792 924/632/792 922/630/792 920/628/792 918/626/792 916/624/792 914/622/792 912/620/792 910/618/792 908/616/792 906/614/792 904/612/792 902/610/792
f 957/667/791 958/666/791 960/668/793 959/669/793
f 959/669/793 960/668/793 898/607/761 897/606/761
f 897/606/794 899/609/794 901/611/794 903/613/794 905/615/794 907/617/794 909/619/794 911/621/794 913/623/794 915/625/794 917/627/794 919/629/794 921/631/794 923/633/794 925/635/794 927/637/794 929/639/794 931/641/794 933/643/794 935/645/794 937/647/794 939/649/794 941/651/794 943/653/794 945/655/794 947/657/794 949/659/794 951/661/794 953/663/794 955/665/794 957/667/794 959/669/794
o Cylinder.053
v 1.224391 -0.038443 1.426027
v 1.224391 -0.038443 1.449640
v 1.226694 -0.038669 1.426027
v 1.226694 -0.038669 1.449640
v 1.228909 -0.039341 1.426027
v 1.228909 -0.039341 1.449640
v 1.230950 -0.040432 1.426027
v 1.230950 -0.040432 1.449640
v 1.232739 -0.041901 1.426027
v 1.232739 -0.041901 1.449640
v 1.234208 -0.043690 1.426027
v 1.234208 -0.043690 1.449640
v 1.235299 -0.045731 1.426027
v 1.235299 -0.045731 1.449640
v 1.235971 -0.047946 1.426027
v 1.235971 -0.047946 1.449640
v 1.236197 -0.050249 1.426027
v 1.236197 -0.050249 1.449640
v 1.235971 -0.052552 1.426027
v 1.235971 -0.052552 1.449640
v 1.235299 -0.054767 1.426027
v 1.235299 -0.054767 1.449640
v 1.234208 -0.056808 1.426027
v 1.234208 -0.056808 1.449640
v 1.232739 -0.058597 1.426027
v 1.232739 -0.058597 1.449640
v 1.230950 -0.060065 1.426027
v 1.230950 -0.060065 1.449640
v 1.228909 -0.061157 1.426027
v 1.228909 -0.061157 1.449640
v 1.226694 -0.061828 1.426027
v 1.226694 -0.061828 1.449640
v 1.224391 -0.062055 1.426027
v 1.224391 -0.062055 1.449640
v 1.222088 -0.061828 1.426027
v 1.222088 -0.061828 1.449640
v 1.219873 -0.061157 1.426027
v 1.219873 -0.061157 1.449640
v 1.217832 -0.060065 1.426027
v 1.217832 -0.060065 1.449640
v 1.216043 -0.058597 1.426027
v 1.216043 -0.058597 1.449640
v 1.214575 -0.056808 1.426027
v 1.214575 -0.056808 1.449640
v 1.213484 -0.054767 1.426027
v 1.213484 -0.054767 1.449640
v 1.212812 -0.052552 1.426027
v 1.212812 -0.052552 1.449640
v 1.212585 -0.050249 1.426027
v 1.212585 -0.050249 1.449640
v 1.212812 -0.047946 1.426027
v 1.212812 -0.047946 1.449640
v 1.213484 -0.045731 1.426027
v 1.213484 -0.045731 1.449640
v 1.214575 -0.043690 1.426027
v 1.214575 -0.043690 1.449640
v 1.216043 -0.041901 1.426027
v 1.216043 -0.041901 1.449640
v 1.217832 -0.040432 1.426027
v 1.217832 -0.040432 1.449640
v 1.219873 -0.039341 1.426027
v 1.219873 -0.039341 1.449640
v 1.222088 -0.038669 1.426027
v 1.222088 -0.038669 1.449640
vn -0.0000 1.0000 -0.0000
vn 0.1951 0.9808 -0.0000
vn 0.3827 0.9239 -0.0000
vn 0.5556 0.8315 -0.0000
vn 0.7071 0.7071 -0.0000
vn 0.8315 0.5556 -0.0000
vn 0.9239 0.3827 -0.0000
vn 0.9808 0.1951 -0.0000
vn 1.0000 -0.0000 -0.0000
vn 0.9808 -0.1951 -0.0000
vn 0.9239 -0.3827 -0.0000
vn 0.8315 -0.5556 -0.0000
vn 0.7071 -0.7071 -0.0000
vn 0.5556 -0.8315 -0.0000
vn 0.3827 -0.9239 -0.0000
vn 0.1951 -0.9808 -0.0000
vn -0.0000 -1.0000 -0.0000
vn -0.1951 -0.9808 -0.0000
vn -0.3827 -0.9239 -0.0000
vn -0.5556 -0.8315 -0.0000
vn -0.7071 -0.7071 -0.0000
vn -0.8315 -0.5556 -0.0000
vn -0.9239 -0.3827 -0.0000
vn -0.9808 -0.1951 -0.0000
vn -1.0000 -0.0000 -0.0000
vn -0.9808 0.1951 -0.0000
vn -0.9239 0.3827 -0.0000
vn -0.8315 0.5556 -0.0000
vn -0.7071 0.7071 -0.0000
vn -0.5556 0.8315 -0.0000
vn -0.3827 0.9239 -0.0000
vn -0.0000 -0.0000 1.0000
vn -0.1951 0.9808 -0.0000
vn -0.0000 -0.0000 -1.0000
vt 0.626320 0.096237
vt 0.657598 0.096481
vt 0.657660 0.099548
vt 0.626396 0.099292
vt 0.657835 0.102429
vt 0.626611 0.102163
vt 0.658115 0.105008
vt 0.626956 0.104732
vt 0.658488 0.107180
vt 0.627416 0.106897
vt 0.658938 0.108864
vt 0.627971 0.108575
vt 0.659447 0.109995
vt 0.628599 0.109704
vt 0.659994 0.110537
vt 0.629273 0.110244
vt 0.660557 0.110474
vt 0.629967 0.110183
vt 0.661115 0.109819
vt 0.630655 0.109531
vt 0.661646 0.108602
vt 0.631309 0.108320
vt 0.662130 0.106876
vt 0.631907 0.106602
vt 0.662551 0.104711
vt 0.632425 0.104446
vt 0.662893 0.102191
vt 0.632848 0.101936
vt 0.663145 0.099410
vt 0.633158 0.099166
vt 0.663299 0.096470
vt 0.633347 0.096236
vt 0.663348 0.093477
vt 0.633408 0.093255
vt 0.663291 0.090540
vt 0.633338 0.090328
vt 0.663131 0.087763
vt 0.633140 0.087561
vt 0.662872 0.085248
vt 0.632821 0.085055
vt 0.662523 0.083088
vt 0.632392 0.082902
vt 0.662098 0.081365
vt 0.631866 0.081185
vt 0.661609 0.080147
vt 0.631264 0.079970
vt 0.661076 0.079485
vt 0.630607 0.079311
vt 0.660517 0.079412
vt 0.629918 0.079237
vt 0.659954 0.079938
vt 0.629224 0.079761
vt 0.659409 0.081051
vt 0.628552 0.080868
vt 0.658904 0.082713
vt 0.627929 0.082523
vt 0.658458 0.084865
vt 0.627380 0.084666
vt 0.658091 0.087425
vt 0.626928 0.087216
vt 0.657819 0.090293
vt 0.626592 0.090072
vt 0.657652 0.093353
vt 0.626386 0.093121
s 1
usemtl atlas
f 961/670/795 962/671/795 964/672/796 963/673/796
f 963/673/796 964/672/796 966/674/797 965/675/797
f 965/675/797 966/674/797 968/676/798 967/677/798
f 967/677/798 968/676/798 970/678/799 969/679/799
f 969/679/799 970/678/799 972/680/800 971/681/800
f 971/681/800 972/680/800 974/682/801 973/683/801
f 973/683/801 974/682/801 976/684/802 975/685/802
f 975/685/802 976/684/802 978/686/803 977/687/803
f 977/687/803 978/686/803 980/688/804 979/689/804
f 979/689/804 980/688/804 982/690/805 981/691/805
f 981/691/805 982/690/805 984/692/806 983/693/806
f 983/693/806 984/692/806 986/694/807 985/695/807
f 985/695/807 986/694/807 988/696/808 987/697/808
f 987/697/808 988/696/808 990/698/809 989/699/809
f 989/699/809 990/698/809 992/700/810 991/701/810
f 991/701/810 992/700/810 994/702/811 993/703/811
f 993/703/811 994/702/811 996/704/812 995/705/812
f 995/705/812 996/704/812 998/706/813 997/707/813
f 997/707/813 998/706/813 1000/708/814 999/709/814
f 999/709/814 1000/708/814 1002/710/815 1001/711/815
f 1001/711/815 1002/710/815 1004/712/816 1003/713/816
f 1003/713/816 1004/712/816 1006/714/817 1005/715/817
f 1005/715/817 1006/714/817 1008/716/818 1007/717/818
f 1007/717/818 1008/716/818 1010/718/819 1009/719/819
f 1009/719/819 1010/718/819 1012/720/820 1011/721/820
f 1011/721/820 1012/720/820 1014/722/821 1013/723/821
f 1013/723/821 1014/722/821 1016/724/822 1015/725/822
f 1015/725/822 1016/724/822 1018/726/823 1017/727/823
f 1017/727/823 1018/726/823 1020/728/824 1019/729/824
f 1019/729/824 1020/728/824 1022/730/825 1021/731/825
f 964/672/826 962/671/826 1024/732/826 1022/730/826 1020/728/826 1018/726/826 1016/724/826 1014/722/826 1012/720/826 1010/718/826 1008/716/826 1006/714/826 1004/712/826 1002/710/826 1000/708/826 998/706/826 996/704/826 994/702/826 992/700/826 990/698/826 988/696/826 986/694/826 984/692/826 982/690/826 980/688/826 978/686/826 976/684/826 974/682/826 972/680/826 970/678/826 968/676/826 966/674/826
f 1021/731/825 1022/730/825 1024/732/827 1023/733/827
f 1023/733/827 1024/732/827 962/671/795 961/670/795
f 961/670/828 963/673/828 965/675/828 967/677/828 969/679/828 971/681/828 973/683/828 975/685/828 977/687/828 979/689/828 981/691/828 983/693/828 985/695/828 987/697/828 989/699/828 991/701/828 993/703/828 995/705/828 997/707/828 999/709/828 1001/711/828 1003/713/828 1005/715/828 1007/717/828 1009/719/828 1011/721/828 1013/723/828 1015/725/828 1017/727/828 1019/729/828 1021/731/828 1023/733/828
o Cylinder.054
v 1.213819 -0.053190 1.422656
v 1.213819 -0.053190 1.453012
v 1.274263 -0.054824 1.426450
v 1.274263 -0.054824 1.449218
v 1.213819 -0.066261 1.422656
v 1.213819 -0.066261 1.453012
v 1.274263 -0.064627 1.449218
v 1.274263 -0.064627 1.426450
v 1.194150 -0.050052 1.426450
v 1.194150 -0.050052 1.449218
v 1.194150 -0.063049 1.426450
v 1.194150 -0.063049 1.449218
vn 0.0270 0.9996 -0.0000
vn 0.0896 0.9960 -0.0000
vn 0.0270 -0.9996 -0.0000
vn -0.0633 -0.9980 -0.0000
vn 0.7234 -0.0000 0.6904
vn -0.0710 -0.0000 0.9975
vn -0.0582 -0.0000 0.9983
vn 0.7234 -0.0000 -0.6904
vn -0.0710 -0.0000 -0.9975
vn -0.0582 -0.0000 -0.9983
vn -0.7978 -0.0000 0.6029
vn -0.7453 -0.0000 0.6668
vn -0.7978 -0.0000 -0.6029
vn -0.7453 -0.0000 -0.6668
vn -0.1612 -0.9869 -0.0000
vn 0.1575 0.9875 -0.0000
vt 0.890023 0.695652
vt 0.706309 0.684119
vt 0.706309 0.776384
vt 0.890023 0.764851
vt 0.646527 0.764851
vt 0.646527 0.695652
s 1
usemtl atlas
f 1027/734/829 1025/735/830 1026/736/830 1028/737/829
f 1032/734/831 1031/737/831 1030/736/832 1029/735/832
f 1028/737/833 1026/736/834 1030/736/835 1031/737/833
f 1027/734/836 1028/737/833 1031/737/833 1032/734/836
f 1025/735/837 1027/734/836 1032/734/836 1029/735/838
f 1030/736/835 1026/736/834 1034/738/839 1036/738/840
f 1034/738/839 1033/739/841 1035/739/842 1036/738/840
f 1029/735/832 1030/736/832 1036/738/843 1035/739/843
f 1026/736/830 1025/735/830 1033/739/844 1034/738/844
f 1025/735/837 1029/735/838 1035/739/842 1033/739/841
o Cylinder.055
v 1.284842 -0.047871 1.420980
v 1.284842 -0.047871 1.454687
v 1.284842 -0.060942 1.454687
v 1.284842 -0.060942 1.420980
v 1.316557 -0.047871 1.447983
v 1.316557 -0.047871 1.427685
v 1.316557 -0.060942 1.447983
v 1.316557 -0.060942 1.427685
vn -1.0000 -0.0000 -0.0000
vn 1.0000 -0.0000 -0.0000
vn 0.2068 -0.0000 0.9784
vn -0.0000 1.0000 -0.0000
vn 0.2068 -0.0000 -0.9784
vn -0.0000 -1.0000 -0.0000
vt 0.715144 0.575512
vt 0.715144 0.677959
vt 0.811538 0.595889
vt 0.811538 0.657583
s 0
usemtl atlas
f 1037/740/845 1040/740/845 1039/741/845 1038/741/845
f 1042/742/846 1041/743/846 1043/743/846 1044/742/846
f 1038/741/847 1039/741/847 1043/743/847 1041/743/847
f 1037/740/848 1038/741/848 1041/743/848 1042/742/848
f 1040/740/849 1037/740/849 1042/742/849 1044/742/849
f 1039/741/850 1040/740/850 1044/742/850 1043/743/850
o Cylinder.056
v 1.057033 -0.058943 1.487893
v 1.045741 -0.058943 1.506632
v 1.057033 -0.041555 1.487893
v 1.045741 -0.041555 1.506632
v 1.102834 -0.058943 1.528679
v 1.091542 -0.058943 1.547418
v 1.102834 -0.041555 1.528679
v 1.091542 -0.041555 1.547418
vn -0.8565 -0.0000 -0.5161
vn -0.0000 1.0000 -0.0000
vn 0.8565 -0.0000 0.5161
vn -0.0000 -1.0000 -0.0000
vn 0.6650 -0.0000 -0.7468
vn -0.6650 -0.0000 0.7468
vt 0.410101 0.170212
vt 0.427187 0.198566
vt 0.357885 0.260281
vt 0.340798 0.231927
s 0
usemtl atlas
f 1045/744/851 1046/745/851 1048/745/851 1047/744/851
f 1047/744/852 1048/745/852 1052/746/852 1051/747/852
f 1051/747/853 1052/746/853 1050/746/853 1049/747/853
f 1049/747/854 1050/746/854 1046/745/854 1045/744/854
f 1047/744/855 1051/747/855 1049/747/855 1045/744/855
f 1052/746/856 1048/745/856 1046/745/856 1050/746/856
o Cylinder.057
v 1.107381 -0.058943 1.531419
v 1.096089 -0.058943 1.550158
v 1.107381 -0.041555 1.531419
v 1.096089 -0.041555 1.550158
v 1.147823 -0.058943 1.555790
v 1.136531 -0.058943 1.574528
v 1.147823 -0.041555 1.555790
v 1.136531 -0.041555 1.574528
vn -0.8565 -0.0000 -0.5161
vn -0.0000 1.0000 -0.0000
vn 0.8565 -0.0000 0.5161
vn -0.0000 -1.0000 -0.0000
vn 0.5161 -0.0000 -0.8565
vn -0.5161 -0.0000 0.8565
vt 0.333918 0.236073
vt 0.351004 0.264427
vt 0.289809 0.301303
vt 0.272723 0.272949
s 0
usemtl atlas
f 1053/748/857 1054/749/857 1056/749/857 1055/748/857
f 1055/748/858 1056/749/858 1060/750/858 1059/751/858
f 1059/751/859 1060/750/859 1058/750/859 1057/751/859
f 1057/751/860 1058/750/860 1054/749/860 1053/748/860
f 1055/748/861 1059/751/861 1057/751/861 1053/748/861
f 1060/750/862 1056/749/862 1054/749/862 1058/750/862
o Cylinder.058
v 1.152592 -0.058943 1.558663
v 1.141300 -0.058943 1.577402
v 1.152592 -0.041555 1.558663
v 1.141300 -0.041555 1.577402
v 1.176290 -0.058943 1.572943
v 1.164998 -0.058943 1.591682
v 1.176290 -0.041555 1.572943
v 1.164998 -0.041555 1.591682
vn -0.8565 -0.0000 -0.5161
vn 0.8565 -0.0000 0.5161
vn -0.0000 -1.0000 -0.0000
vn 0.5161 -0.0000 -0.8565
vn -0.5161 -0.0000 0.8565
vn -0.0000 1.0000 -0.0000
vt 0.265507 0.277297
vt 0.282593 0.305651
vt 0.229649 0.298905
vt 0.246735 0.327260
s 0
usemtl atlas
f 1061/752/863 1062/753/863 1064/753/863 1063/752/863
f 1067/754/864 1068/755/864 1066/755/864 1065/754/864
f 1065/754/865 1066/755/865 1062/753/865 1061/752/865
f 1063/752/866 1067/754/866 1065/754/866 1061/752/866
f 1068/755/867 1064/753/867 1062/753/867 1066/755/867
f 1063/752/868 1064/753/868 1068/755/868 1067/754/868
o Cylinder.059
v 1.150655 -0.038443 1.556484
v 1.138468 -0.038443 1.576708
v 1.152628 -0.038670 1.557673
v 1.140441 -0.038670 1.577897
v 1.154525 -0.039341 1.558816
v 1.142338 -0.039341 1.579040
v 1.156273 -0.040432 1.559869
v 1.144086 -0.040432 1.580094
v 1.157806 -0.041901 1.560793
v 1.145618 -0.041901 1.581017
v 1.159063 -0.043690 1.561550
v 1.146876 -0.043690 1.581775
v 1.159998 -0.045731 1.562114
v 1.147811 -0.045731 1.582338
v 1.160573 -0.047946 1.562460
v 1.148386 -0.047946 1.582685
v 1.160767 -0.050249 1.562577
v 1.148580 -0.050249 1.582802
v 1.160573 -0.052552 1.562460
v 1.148386 -0.052552 1.582685
v 1.159998 -0.054767 1.562114
v 1.147811 -0.054767 1.582338
v 1.159063 -0.056808 1.561550
v 1.146876 -0.056808 1.581775
v 1.157806 -0.058597 1.560793
v 1.145618 -0.058597 1.581017
v 1.156273 -0.060065 1.559869
v 1.144086 -0.060065 1.580094
v 1.154525 -0.061157 1.558816
v 1.142338 -0.061157 1.579040
v 1.152628 -0.061828 1.557673
v 1.140441 -0.061828 1.577897
v 1.150655 -0.062055 1.556484
v 1.138468 -0.062055 1.576708
v 1.148682 -0.061828 1.555295
v 1.136495 -0.061828 1.575519
v 1.146785 -0.061157 1.554152
v 1.134598 -0.061157 1.574376
v 1.145037 -0.060065 1.553098
v 1.132850 -0.060065 1.573323
v 1.143505 -0.058597 1.552175
v 1.131318 -0.058597 1.572399
v 1.142247 -0.056808 1.551417
v 1.130060 -0.056808 1.571642
v 1.141313 -0.054767 1.550854
v 1.129125 -0.054767 1.571078
v 1.140737 -0.052552 1.550507
v 1.128550 -0.052552 1.570732
v 1.140543 -0.050249 1.550390
v 1.128356 -0.050249 1.570615
v 1.140737 -0.047946 1.550507
v 1.128550 -0.047946 1.570732
v 1.141313 -0.045731 1.550854
v 1.129125 -0.045731 1.571078
v 1.142247 -0.043690 1.551417
v 1.130060 -0.043690 1.571642
v 1.143505 -0.041901 1.552175
v 1.131318 -0.041901 1.572399
v 1.145037 -0.040432 1.553098
v 1.132850 -0.040432 1.573323
v 1.146785 -0.039341 1.554152
v 1.134598 -0.039341 1.574376
v 1.148682 -0.038670 1.555295
v 1.136495 -0.038670 1.575519
vn -0.0000 1.0000 -0.0000
vn 0.1671 0.9808 0.1007
vn 0.3278 0.9239 0.1975
vn 0.4758 0.8315 0.2867
vn 0.6057 0.7071 0.3650
vn 0.7121 0.5556 0.4291
vn 0.7913 0.3827 0.4768
vn 0.8401 0.1951 0.5062
vn 0.8565 -0.0000 0.5161
vn 0.8401 -0.1951 0.5062
vn 0.7913 -0.3827 0.4768
vn 0.7121 -0.5556 0.4291
vn 0.6057 -0.7071 0.3650
vn 0.4758 -0.8315 0.2867
vn 0.4759 -0.8315 0.2867
vn 0.3278 -0.9239 0.1975
vn 0.1671 -0.9808 0.1007
vn -0.0000 -1.0000 -0.0000
vn -0.1671 -0.9808 -0.1007
vn -0.3278 -0.9239 -0.1975
vn -0.4758 -0.8315 -0.2867
vn -0.6056 -0.7071 -0.3650
vn -0.7122 -0.5556 -0.4291
vn -0.7913 -0.3827 -0.4768
vn -0.8400 -0.1951 -0.5062
vn -0.8565 -0.0000 -0.5161
vn -0.8400 0.1951 -0.5062
vn -0.7913 0.3827 -0.4768
vn -0.7122 0.5556 -0.4291
vn -0.6056 0.7071 -0.3650
vn -0.4758 0.8315 -0.2867
vn -0.3278 0.9239 -0.1975
vn -0.5161 -0.0000 0.8565
vn -0.1671 0.9808 -0.1007
vn 0.5161 -0.0000 -0.8565
vt 0.629409 0.161631
vt 0.662094 0.161970
vt 0.662046 0.165147
vt 0.629370 0.164797
vt 0.661947 0.168212
vt 0.629309 0.167851
vt 0.661800 0.171040
vt 0.629228 0.170670
vt 0.661612 0.173517
vt 0.629130 0.173139
vt 0.661391 0.175546
vt 0.629019 0.175162
vt 0.661146 0.177051
vt 0.628901 0.176664
vt 0.660886 0.177979
vt 0.628779 0.177590
vt 0.660623 0.178299
vt 0.628658 0.177911
vt 0.660366 0.178008
vt 0.628544 0.177623
vt 0.660125 0.177126
vt 0.628440 0.176745
vt 0.659909 0.175691
vt 0.628350 0.175316
vt 0.659726 0.173765
vt 0.628277 0.173398
vt 0.659581 0.171423
vt 0.628224 0.171065
vt 0.659481 0.168753
vt 0.628193 0.168406
vt 0.659427 0.165855
vt 0.628185 0.165518
vt 0.659423 0.162833
vt 0.628199 0.162506
vt 0.659468 0.159797
vt 0.628235 0.159480
vt 0.659560 0.156855
vt 0.628292 0.156547
vt 0.659697 0.154113
vt 0.628368 0.153814
vt 0.659873 0.151672
vt 0.628461 0.151381
vt 0.660082 0.149624
vt 0.628566 0.149338
vt 0.660318 0.148048
vt 0.628681 0.147767
vt 0.660571 0.147009
vt 0.628801 0.146730
vt 0.660833 0.146552
vt 0.628921 0.146273
vt 0.661093 0.146703
vt 0.629038 0.146422
vt 0.661340 0.147463
vt 0.629146 0.147179
vt 0.661566 0.148811
vt 0.629241 0.148521
vt 0.661762 0.150701
vt 0.629319 0.150403
vt 0.661918 0.153062
vt 0.629377 0.152755
vt 0.662028 0.155802
vt 0.629412 0.155485
vt 0.662087 0.158812
vt 0.629423 0.158484
s 1
usemtl atlas
f 1069/756/869 1070/757/869 1072/758/870 1071/759/870
f 1071/759/870 1072/758/870 1074/760/871 1073/761/871
f 1073/761/871 1074/760/871 1076/762/872 1075/763/872
f 1075/763/872 1076/762/872 1078/764/873 1077/765/873
f 1077/765/873 1078/764/873 1080/766/874 1079/767/874
f 1079/767/874 1080/766/874 1082/768/875 1081/769/875
f 1081/769/875 1082/768/875 1084/770/876 1083/771/876
f 1083/771/876 1084/770/876 1086/772/877 1085/773/877
f 1085/773/877 1086/772/877 1088/774/878 1087/775/878
f 1087/775/878 1088/774/878 1090/776/879 1089/777/879
f 1089/777/879 1090/776/879 1092/778/880 1091/779/880
f 1091/779/880 1092/778/880 1094/780/881 1093/781/881
f 1093/781/881 1094/780/881 1096/782/882 1095/783/883
f 1095/783/883 1096/782/882 1098/784/884 1097/785/884
f 1097/785/884 1098/784/884 1100/786/885 1099/787/885
f 1099/787/885 1100/786/885 1102/788/886 1101/789/886
f 1101/789/886 1102/788/886 1104/790/887 1103/791/887
f 1103/791/887 1104/790/887 1106/792/888 1105/793/888
f 1105/793/888 1106/792/888 1108/794/889 1107/795/889
f 1107/795/889 1108/794/889 1110/796/890 1109/797/890
f 1109/797/890 1110/796/890 1112/798/891 1111/799/891
f 1111/799/891 1112/798/891 1114/800/892 1113/801/892
f 1113/801/892 1114/800/892 1116/802/893 1115/803/893
f 1115/803/893 1116/802/893 1118/804/894 1117/805/894
f 1117/805/894 1118/804/894 1120/806/895 1119/807/895
f 1119/807/895 1120/806/895 1122/808/896 1121/809/896
f 1121/809/896 1122/808/896 1124/810/897 1123/811/897
f 1123/811/897 1124/810/897 1126/812/898 1125/813/898
f 1125/813/898 1126/812/898 1128/814/899 1127/815/899
f 1127/815/899 1128/814/899 1130/816/900 1129/817/900
f 1072/758/901 1070/757/901 1132/818/901 1130/816/901 1128/814/901 1126/812/901 1124/810/901 1122/808/901 1120/806/901 1118/804/901 1116/802/901 1114/800/901 1112/798/901 1110/796/901 1108/794/901 1106/792/901 1104/790/901 1102/788/901 1100/786/901 1098/784/901 1096/782/901 1094/780/901 1092/778/901 1090/776/901 1088/774/901 1086/772/901 1084/770/901 1082/768/901 1080/766/901 1078/764/901 1076/762/901 1074/760/901
f 1129/817/900 1130/816/900 1132/818/902 1131/819/902
f 1131/819/902 1132/818/902 1070/757/869 1069/756/869
f 1069/756/903 1071/759/903 1073/761/903 1075/763/903 1077/765/903 1079/767/903 1081/769/903 1083/771/903 1085/773/903 1087/775/903 1089/777/903 1091/779/903 1093/781/903 1095/783/903 1097/785/903 1099/787/903 1101/789/903 1103/791/903 1105/793/903 1107/795/903 1109/797/903 1111/799/903 1113/801/903 1115/803/903 1117/805/903 1119/807/903 1121/809/903 1123/811/903 1125/813/903 1127/815/903 1129/817/903 1131/819/903
o Cylinder.060
v 1.105555 -0.038443 1.529306
v 1.093368 -0.038443 1.549530
v 1.107528 -0.038669 1.530494
v 1.095341 -0.038669 1.550719
v 1.109425 -0.039341 1.531638
v 1.097238 -0.039341 1.551862
v 1.111173 -0.040432 1.532691
v 1.098986 -0.040432 1.552915
v 1.112705 -0.041901 1.533615
v 1.100518 -0.041901 1.553839
v 1.113963 -0.043690 1.534372
v 1.101776 -0.043690 1.554597
v 1.114898 -0.045731 1.534935
v 1.102710 -0.045731 1.555160
v 1.115473 -0.047946 1.535282
v 1.103286 -0.047946 1.555507
v 1.115667 -0.050249 1.535399
v 1.103480 -0.050249 1.555624
v 1.115473 -0.052552 1.535282
v 1.103286 -0.052552 1.555507
v 1.114898 -0.054767 1.534935
v 1.102710 -0.054767 1.555160
v 1.113963 -0.056808 1.534372
v 1.101776 -0.056808 1.554597
v 1.112705 -0.058597 1.533615
v 1.100518 -0.058597 1.553839
v 1.111173 -0.060065 1.532691
v 1.098986 -0.060065 1.552915
v 1.109425 -0.061157 1.531638
v 1.097238 -0.061157 1.551862
v 1.107528 -0.061828 1.530494
v 1.095341 -0.061828 1.550719
v 1.105555 -0.062055 1.529306
v 1.093368 -0.062055 1.549530
v 1.103582 -0.061828 1.528117
v 1.091395 -0.061828 1.548341
v 1.101685 -0.061157 1.526974
v 1.089498 -0.061157 1.547198
v 1.099937 -0.060065 1.525920
v 1.087750 -0.060065 1.546145
v 1.098405 -0.058597 1.524997
v 1.086218 -0.058597 1.545221
v 1.097147 -0.056808 1.524239
v 1.084960 -0.056808 1.544463
v 1.096213 -0.054767 1.523676
v 1.084026 -0.054767 1.543900
v 1.095637 -0.052552 1.523329
v 1.083450 -0.052552 1.543554
v 1.095443 -0.050249 1.523212
v 1.083256 -0.050249 1.543437
v 1.095637 -0.047946 1.523329
v 1.083450 -0.047946 1.543554
v 1.096213 -0.045731 1.523676
v 1.084026 -0.045731 1.543900
v 1.097147 -0.043690 1.524239
v 1.084960 -0.043690 1.544463
v 1.098405 -0.041901 1.524997
v 1.086218 -0.041901 1.545221
v 1.099937 -0.040432 1.525920
v 1.087750 -0.040432 1.546145
v 1.101685 -0.039341 1.526974
v 1.089498 -0.039341 1.547198
v 1.103582 -0.038669 1.528117
v 1.091395 -0.038669 1.548341
vn -0.0000 1.0000 -0.0000
vn 0.1671 0.9808 0.1007
vn 0.3278 0.9239 0.1975
vn 0.4759 0.8315 0.2868
vn 0.6057 0.7071 0.3650
vn 0.7121 0.5556 0.4291
vn 0.7913 0.3827 0.4768
vn 0.8401 0.1951 0.5062
vn 0.8565 -0.0000 0.5161
vn 0.8401 -0.1951 0.5062
vn 0.7913 -0.3827 0.4768
vn 0.7121 -0.5556 0.4291
vn 0.6057 -0.7071 0.3650
vn 0.4759 -0.8315 0.2868
vn 0.3278 -0.9239 0.1975
vn 0.1671 -0.9808 0.1007
vn -0.0000 -1.0000 -0.0000
vn -0.1671 -0.9808 -0.1007
vn -0.3278 -0.9239 -0.1975
vn -0.4758 -0.8315 -0.2867
vn -0.6057 -0.7071 -0.3650
vn -0.7122 -0.5556 -0.4292
vn -0.7913 -0.3827 -0.4768
vn -0.8401 -0.1951 -0.5062
vn -0.8565 -0.0000 -0.5161
vn -0.8401 0.1951 -0.5062
vn -0.7913 0.3827 -0.4768
vn -0.7122 0.5556 -0.4292
vn -0.6057 0.7071 -0.3650
vn -0.4758 0.8315 -0.2867
vn -0.3278 0.9239 -0.1975
vn -0.5161 -0.0000 0.8565
vn -0.1671 0.9808 -0.1007
vn 0.5161 -0.0000 -0.8565
vt 0.878690 0.343355
vt 0.911250 0.343441
vt 0.911203 0.346625
vt 0.878651 0.346528
vt 0.911103 0.349762
vt 0.878590 0.349654
vt 0.910956 0.352722
vt 0.878508 0.352604
vt 0.910768 0.355386
vt 0.878409 0.355260
vt 0.910546 0.357650
vt 0.878297 0.357516
vt 0.910300 0.359428
vt 0.878176 0.359288
vt 0.910039 0.360653
vt 0.878052 0.360510
vt 0.909775 0.361286
vt 0.877929 0.361140
vt 0.909517 0.361309
vt 0.877813 0.361165
vt 0.909275 0.360730
vt 0.877707 0.360588
vt 0.909058 0.359578
vt 0.877615 0.359441
vt 0.908874 0.357902
vt 0.877540 0.357771
vt 0.908728 0.355771
vt 0.877486 0.355647
vt 0.908627 0.353263
vt 0.877454 0.353148
vt 0.908574 0.350474
vt 0.877444 0.350368
vt 0.908569 0.347504
vt 0.877458 0.347408
vt 0.908614 0.344460
vt 0.877494 0.344375
vt 0.908706 0.341453
vt 0.877552 0.341377
vt 0.908843 0.338589
vt 0.877629 0.338523
vt 0.909019 0.335974
vt 0.877723 0.335916
vt 0.909230 0.333705
vt 0.877829 0.333656
vt 0.909467 0.331870
vt 0.877946 0.331827
vt 0.909721 0.330543
vt 0.878068 0.330503
vt 0.909983 0.329778
vt 0.878190 0.329741
vt 0.910244 0.329615
vt 0.878309 0.329578
vt 0.910493 0.330065
vt 0.878419 0.330027
vt 0.910720 0.331120
vt 0.878516 0.331078
vt 0.910916 0.332746
vt 0.878596 0.332698
vt 0.911073 0.334882
vt 0.878655 0.334827
vt 0.911184 0.337447
vt 0.878691 0.337383
vt 0.911244 0.340339
vt 0.878703 0.340264
s 1
usemtl atlas
f 1133/820/904 1134/821/904 1136/822/905 1135/823/905
f 1135/823/905 1136/822/905 1138/824/906 1137/825/906
f 1137/825/906 1138/824/906 1140/826/907 1139/827/907
f 1139/827/907 1140/826/907 1142/828/908 1141/829/908
f 1141/829/908 1142/828/908 1144/830/909 1143/831/909
f 1143/831/909 1144/830/909 1146/832/910 1145/833/910
f 1145/833/910 1146/832/910 1148/834/911 1147/835/911
f 1147/835/911 1148/834/911 1150/836/912 1149/837/912
f 1149/837/912 1150/836/912 1152/838/913 1151/839/913
f 1151/839/913 1152/838/913 1154/840/914 1153/841/914
f 1153/841/914 1154/840/914 1156/842/915 1155/843/915
f 1155/843/915 1156/842/915 1158/844/916 1157/845/916
f 1157/845/916 1158/844/916 1160/846/917 1159/847/917
f 1159/847/917 1160/846/917 1162/848/918 1161/849/918
f 1161/849/918 1162/848/918 1164/850/919 1163/851/919
f 1163/851/919 1164/850/919 1166/852/920 1165/853/920
f 1165/853/920 1166/852/920 1168/854/921 1167/855/921
f 1167/855/921 1168/854/921 1170/856/922 1169/857/922
f 1169/857/922 1170/856/922 1172/858/923 1171/859/923
f 1171/859/923 1172/858/923 1174/860/924 1173/861/924
f 1173/861/924 1174/860/924 1176/862/925 1175/863/925
f 1175/863/925 1176/862/925 1178/864/926 1177/865/926
f 1177/865/926 1178/864/926 1180/866/927 1179/867/927
f 1179/867/927 1180/866/927 1182/868/928 1181/869/928
f 1181/869/928 1182/868/928 1184/870/929 1183/871/929
f 1183/871/929 1184/870/929 1186/872/930 1185/873/930
f 1185/873/930 1186/872/930 1188/874/931 1187/875/931
f 1187/875/931 1188/874/931 1190/876/932 1189/877/932
f 1189/877/932 1190/876/932 1192/878/933 1191/879/933
f 1191/879/933 1192/878/933 1194/880/934 1193/881/934
f 1136/822/935 1134/821/935 1196/882/935 1194/880/935 1192/878/935 1190/876/935 1188/874/935 1186/872/935 1184/870/935 1182/868/935 1180/866/935 1178/864/935 1176/862/935 1174/860/935 1172/858/935 1170/856/935 1168/854/935 1166/852/935 1164/850/935 1162/848/935 1160/846/935 1158/844/935 1156/842/935 1154/840/935 1152/838/935 1150/836/935 1148/834/935 1146/832/935 1144/830/935 1142/828/935 1140/826/935 1138/824/935
f 1193/881/934 1194/880/934 1196/882/936 1195/883/936
f 1195/883/936 1196/882/936 1134/821/904 1133/820/904
f 1133/820/937 1135/823/937 1137/825/937 1139/827/937 1141/829/937 1143/831/937 1145/833/937 1147/835/937 1149/837/937 1151/839/937 1153/841/937 1155/843/937 1157/845/937 1159/847/937 1161/849/937 1163/851/937 1165/853/937 1167/855/937 1169/857/937 1171/859/937 1173/861/937 1175/863/937 1177/865/937 1179/867/937 1181/869/937 1183/871/937 1185/873/937 1187/875/937 1189/877/937 1191/879/937 1193/881/937 1195/883/937
o Cylinder.061
v 1.098240 -0.053190 1.520961
v 1.082572 -0.053190 1.546962
v 1.148053 -0.054824 1.555409
v 1.136302 -0.054824 1.574909
v 1.098240 -0.066261 1.520961
v 1.082572 -0.066261 1.546962
v 1.136302 -0.064627 1.574909
v 1.148053 -0.064627 1.555409
v 1.079435 -0.050052 1.514059
v 1.067684 -0.050052 1.533560
v 1.079435 -0.059856 1.514059
v 1.067684 -0.059856 1.533560
vn 0.0231 0.9996 0.0139
vn 0.0768 0.9960 0.0463
vn 0.0231 -0.9996 0.0139
vn -0.1168 -0.9907 -0.0704
vn 0.2633 -0.0000 0.9647
vn -0.5756 -0.0000 0.8177
vn -0.5592 -0.0000 0.8290
vn 0.9760 -0.0000 -0.2179
vn 0.4540 -0.0000 -0.8910
vn 0.4717 -0.0000 -0.8818
vn -0.9945 -0.0000 0.1047
vn -0.9755 -0.0000 0.2199
vn -0.3721 -0.0000 -0.9282
vn -0.2614 -0.0000 -0.9652
vn -0.2652 -0.9509 -0.1598
vn 0.1349 0.9875 0.0813
vt 0.810308 0.890112
vt 0.816262 0.669301
vt 0.705615 0.673258
vt 0.727322 0.893079
vt 0.716882 0.601071
vt 0.799868 0.598104
s 1
usemtl atlas
f 1199/884/938 1197/885/939 1198/886/939 1200/887/938
f 1204/884/940 1203/887/940 1202/886/941 1201/885/941
f 1200/887/942 1198/886/943 1202/886/944 1203/887/942
f 1199/884/945 1200/887/942 1203/887/942 1204/884/945
f 1197/885/946 1199/884/945 1204/884/945 1201/885/947
f 1202/886/944 1198/886/943 1206/888/948 1208/888/949
f 1206/888/948 1205/889/950 1207/889/951 1208/888/949
f 1201/885/941 1202/886/941 1208/888/952 1207/889/952
f 1198/886/939 1197/885/939 1205/889/953 1206/888/953
f 1197/885/946 1201/885/947 1207/889/951 1205/889/950
o Cylinder.062
v 1.159937 -0.053190 1.556184
v 1.142540 -0.053190 1.585054
v 1.142540 -0.066261 1.585054
v 1.159937 -0.066261 1.556184
v 1.173164 -0.053190 1.595681
v 1.183641 -0.053190 1.578295
v 1.173164 -0.066261 1.595681
v 1.183641 -0.066261 1.578295
vn -0.8565 -0.0000 -0.5161
vn 0.8565 -0.0000 0.5161
vn -0.3278 -0.0000 0.9447
vn -0.0000 1.0000 -0.0000
vn 0.6821 -0.0000 -0.7312
vn -0.0000 -1.0000 -0.0000
vt 0.808083 0.716482
vt 0.705641 0.717508
vt 0.788674 0.813074
vt 0.726982 0.813693
s 0
usemtl atlas
f 1209/890/954 1212/890/954 1211/891/954 1210/891/954
f 1214/892/955 1213/893/955 1215/893/955 1216/892/955
f 1210/891/956 1211/891/956 1215/893/956 1213/893/956
f 1209/890/957 1210/891/957 1213/893/957 1214/892/957
f 1212/890/958 1209/890/958 1214/892/958 1216/892/958
f 1211/891/959 1212/890/959 1216/892/959 1215/893/959
o Cylinder.063
v 1.135601 -0.044229 1.428845
v 1.135601 -0.044229 1.515984
v 1.167036 -0.044229 1.428845
v 1.167036 -0.044229 1.515984
v 1.139212 -0.036852 1.515984
v 1.139212 -0.036852 1.428845
v 1.163426 -0.036852 1.428845
v 1.163426 -0.036852 1.515984
vn -0.0000 -1.0000 -0.0000
vn -0.0000 -0.0000 1.0000
vn -0.8982 0.4396 -0.0000
vn 0.8982 0.4396 -0.0000
vn -0.0000 -0.0000 -1.0000
vn -0.0000 1.0000 -0.0000
vt 0.291216 0.080865
vt 0.243651 0.080865
vt 0.243651 0.212718
vt 0.291216 0.212718
vt 0.249114 0.212718
vt 0.285753 0.212718
vt 0.285753 0.080865
vt 0.249114 0.080865
s 0
usemtl atlas
f 1217/894/960 1219/895/960 1220/896/960 1218/897/960
f 1218/897/961 1220/896/961 1224/898/961 1221/899/961
f 1217/894/962 1218/897/962 1221/899/962 1222/900/962
f 1220/896/963 1219/895/963 1223/901/963 1224/898/963
f 1219/895/964 1217/894/964 1222/900/964 1223/901/964
f 1222/900/965 1221/899/965 1224/898/965 1223/901/965
o Cylinder.064
v 1.146256 -0.035334 1.576770
v 1.154349 -0.035334 1.563340
v 1.171334 -0.035334 1.573575
v 1.163241 -0.035334 1.587005
v 1.146256 -0.041800 1.576770
v 1.154349 -0.041800 1.563340
v 1.171334 -0.041800 1.573575
v 1.163241 -0.041800 1.587005
vn -0.0000 1.0000 -0.0000
vn -0.0000 -1.0000 -0.0000
vn 0.8565 -0.0000 0.5161
vn 0.5161 -0.0000 -0.8565
vn -0.5161 -0.0000 0.8565
vn -0.8565 -0.0000 -0.5161
vt 0.262848 0.284374
vt 0.275094 0.304696
vt 0.249394 0.320183
vt 0.237148 0.299861
s 0
usemtl atlas
f 1226/902/966 1225/903/966 1228/904/966 1227/905/966
f 1230/902/967 1231/905/967 1232/904/967 1229/903/967
f 1228/904/968 1232/904/968 1231/905/968 1227/905/968
f 1227/905/969 1231/905/969 1230/902/969 1226/902/969
f 1225/903/970 1229/903/970 1232/904/970 1228/904/970
f 1226/902/971 1230/902/971 1229/903/971 1225/903/971
o Cylinder.065
v 1.283750 -0.033363 1.480255
v 1.283750 -0.033363 1.464575
v 1.303580 -0.033363 1.464575
v 1.303580 -0.033363 1.480255
v 1.283750 -0.039830 1.480255
v 1.283750 -0.039830 1.464575
v 1.303580 -0.039830 1.464575
v 1.303580 -0.039830 1.480255
vn -0.0000 1.0000 -0.0000
vn -0.0000 -1.0000 -0.0000
vn 1.0000 -0.0000 -0.0000
vn -0.0000 -0.0000 -1.0000
vn -0.0000 -0.0000 1.0000
vn -1.0000 -0.0000 -0.0000
vt 0.067047 0.134928
vt 0.067047 0.158655
vt 0.037042 0.158655
vt 0.037042 0.134928
s 0
usemtl atlas
f 1234/906/972 1233/907/972 1236/908/972 1235/909/972
f 1238/906/973 1239/909/973 1240/908/973 1237/907/973
f 1236/908/974 1240/908/974 1239/909/974 1235/909/974
f 1235/909/975 1239/909/975 1238/906/975 1234/906/975
f 1233/907/976 1237/907/976 1240/908/976 1236/908/976
f 1234/906/977 1238/906/977 1237/907/977 1233/907/977
o Cylinder.066
v 1.283750 -0.033363 1.514715
v 1.283750 -0.033363 1.499035
v 1.303580 -0.033363 1.499035
v 1.303580 -0.033363 1.514715
v 1.283750 -0.039830 1.514715
v 1.283750 -0.039830 1.499035
v 1.303580 -0.039830 1.499035
v 1.303580 -0.039830 1.514715
vn -0.0000 1.0000 -0.0000
vn -0.0000 -1.0000 -0.0000
vn -0.0000 -0.0000 1.0000
vn -1.0000 -0.0000 -0.0000
vn 1.0000 -0.0000 -0.0000
vn -0.0000 -0.0000 -1.0000
vt 0.067047 0.187071
vt 0.067047 0.210798
vt 0.037042 0.210798
vt 0.037042 0.187071
s 0
usemtl atlas
f 1242/910/978 1241/911/978 1244/912/978 1243/913/978
f 1246/910/979 1247/913/979 1248/912/979 1245/911/979
f 1241/911/980 1245/911/980 1248/912/980 1244/912/980
f 1242/910/981 1246/910/981 1245/911/981 1241/911/981
f 1244/912/982 1248/912/982 1247/913/982 1243/913/982
f 1243/913/983 1247/913/983 1246/910/983 1242/910/983
o Cylinder.067
v 1.283750 -0.033363 1.445674
v 1.283750 -0.033363 1.429994
v 1.303580 -0.033363 1.429994
v 1.303580 -0.033363 1.445674
v 1.283750 -0.039830 1.445674
v 1.283750 -0.039830 1.429994
v 1.303580 -0.039830 1.429994
v 1.303580 -0.039830 1.445674
vn -0.0000 1.0000 -0.0000
vn -0.0000 -1.0000 -0.0000
vn -0.0000 -0.0000 1.0000
vn -1.0000 -0.0000 -0.0000
vn 1.0000 -0.0000 -0.0000
vn -0.0000 -0.0000 -1.0000
vt 0.067047 0.082603
vt 0.067047 0.106329
vt 0.037042 0.106329
vt 0.037042 0.082603
s 0
usemtl atlas
f 1250/914/984 1249/915/984 1252/916/984 1251/917/984
f 1254/914/985 1255/917/985 1256/916/985 1253/915/985
f 1249/915/986 1253/915/986 1256/916/986 1252/916/986
f 1250/914/987 1254/914/987 1253/915/987 1249/915/987
f 1252/916/988 1256/916/988 1255/917/988 1251/917/988
f 1251/917/989 1255/917/989 1254/914/989 1250/914/989
o Cylinder.002
v 1.141743 -0.038259 1.506874
v 1.141743 -0.038259 1.437955
v 1.160894 -0.038259 1.437955
v 1.160894 -0.038259 1.506874
v 1.141743 -0.027748 1.506874
v 1.141743 -0.027748 1.437955
v 1.160894 -0.027748 1.437955
v 1.160894 -0.027748 1.506874
vn -0.0000 -0.0000 1.0000
vn -0.0000 1.0000 -0.0000
vn -1.0000 -0.0000 -0.0000
vn 1.0000 -0.0000 -0.0000
vn -0.0000 -0.0000 -1.0000
vn -0.0000 -1.0000 -0.0000
vt 0.281923 0.198933
vt 0.252945 0.198933
vt 0.281923 0.094650
vt 0.252945 0.094650
s 0
usemtl atlas
f 1257/918/990 1260/919/990 1264/919/990 1261/918/990
f 1262/920/991 1261/918/991 1264/919/991 1263/921/991
f 1258/920/992 1257/918/992 1261/918/992 1262/920/992
f 1260/919/993 1259/921/993 1263/921/993 1264/919/993
f 1259/921/994 1258/920/994 1262/920/994 1263/921/994
f 1258/920/995 1259/921/995 1260/919/995 1257/918/995
o Plane.002
v 1.012137 -0.037792 1.470582
v 0.983650 -0.033419 1.465663
v 1.010197 -0.047603 1.470582
v 0.982575 -0.043360 1.465811
v 1.012199 -0.042902 1.465694
v 0.983709 -0.038527 1.460775
v 1.010135 -0.042493 1.475470
v 0.982516 -0.038251 1.470699
v 1.010135 -0.042493 1.475470
v 0.982516 -0.038251 1.470699
v 1.012199 -0.042902 1.465694
v 0.983709 -0.038527 1.460775
v 1.010197 -0.047603 1.470582
v 0.982575 -0.043360 1.465811
v 1.012137 -0.037792 1.470582
v 0.983650 -0.033419 1.465663
v 0.983650 -0.033419 1.465663
v 0.954160 -0.032213 1.464043
v 0.982575 -0.043360 1.465811
v 0.954708 -0.042196 1.464254
v 0.983709 -0.038527 1.460775
v 0.954229 -0.037321 1.459154
v 0.982516 -0.038251 1.470699
v 0.954639 -0.037087 1.469143
v 0.982516 -0.038251 1.470699
v 0.954639 -0.037087 1.469143
v 0.983709 -0.038527 1.460775
v 0.954229 -0.037321 1.459154
v 0.982575 -0.043360 1.465811
v 0.954708 -0.042196 1.464254
v 0.983650 -0.033419 1.465663
v 0.954160 -0.032213 1.464043
v 0.954160 -0.032213 1.464043
v 0.925203 -0.037479 1.468957
v 0.954708 -0.042196 1.464254
v 0.928074 -0.047057 1.468793
v 0.954229 -0.037321 1.459154
v 0.925350 -0.042571 1.464054
v 0.954639 -0.037087 1.469143
v 0.927927 -0.041964 1.473697
v 0.954639 -0.037087 1.469143
v 0.927927 -0.041964 1.473697
v 0.954229 -0.037321 1.459154
v 0.925350 -0.042571 1.464054
v 0.954708 -0.042196 1.464254
v 0.928074 -0.047057 1.468793
v 0.954160 -0.032213 1.464043
v 0.925203 -0.037479 1.468957
v 0.925203 -0.037479 1.468957
v 0.899180 -0.046499 1.477090
v 0.928074 -0.047057 1.468793
v 0.901894 -0.056123 1.476955
v 0.925350 -0.042571 1.464054
v 0.899476 -0.051541 1.472142
v 0.927927 -0.041964 1.473697
v 0.901598 -0.051080 1.481903
v 0.927927 -0.041964 1.473697
v 0.901598 -0.051080 1.481903
v 0.925350 -0.042571 1.464054
v 0.899476 -0.051541 1.472142
v 0.928074 -0.047057 1.468793
v 0.901894 -0.056123 1.476955
v 0.925203 -0.037479 1.468957
v 0.899180 -0.046499 1.477090
v 0.899180 -0.046499 1.477090
v 0.872136 -0.050638 1.479359
v 0.901894 -0.056123 1.476955
v 0.872556 -0.060629 1.479435
v 0.899476 -0.051541 1.472142
v 0.872523 -0.055664 1.474401
v 0.901598 -0.051080 1.481903
v 0.872169 -0.055603 1.484394
v 0.901598 -0.051080 1.481903
v 0.872169 -0.055603 1.484394
v 0.899476 -0.051541 1.472142
v 0.872523 -0.055664 1.474401
v 0.901894 -0.056123 1.476955
v 0.872556 -0.060629 1.479435
v 0.899180 -0.046499 1.477090
v 0.872136 -0.050638 1.479359
v 0.872136 -0.050638 1.479359
v 0.844427 -0.049570 1.476007
v 0.872556 -0.060629 1.479435
v 0.843212 -0.059495 1.475909
v 0.872523 -0.055664 1.474401
v 0.844600 -0.054579 1.471020
v 0.872169 -0.055603 1.484394
v 0.843039 -0.054486 1.480897
v 0.872169 -0.055603 1.484394
v 0.843039 -0.054486 1.480897
v 0.872523 -0.055664 1.474401
v 0.844600 -0.054579 1.471020
v 0.872556 -0.060629 1.479435
v 0.843212 -0.059495 1.475909
v 0.872136 -0.050638 1.479359
v 0.844427 -0.049570 1.476007
v 0.844427 -0.049570 1.476007
v 0.817778 -0.043445 1.472239
v 0.843212 -0.059495 1.475909
v 0.814410 -0.052853 1.471869
v 0.844600 -0.054579 1.471020
v 0.816480 -0.048091 1.467069
v 0.843039 -0.054486 1.480897
v 0.815709 -0.048207 1.477039
v 0.843039 -0.054486 1.480897
v 0.815709 -0.048207 1.477039
v 0.844600 -0.054579 1.471020
v 0.816480 -0.048091 1.467069
v 0.843212 -0.059495 1.475909
v 0.814410 -0.052853 1.471869
v 0.844427 -0.049570 1.476007
v 0.817778 -0.043445 1.472239
v 0.817778 -0.043445 1.472239
v 0.794007 -0.030557 1.473070
v 0.814410 -0.052853 1.471869
v 0.787985 -0.038536 1.472796
v 0.816480 -0.048091 1.467069
v 0.790479 -0.033987 1.467992
v 0.815709 -0.048207 1.477039
v 0.791513 -0.035106 1.477875
v 0.815709 -0.048207 1.477039
v 0.791513 -0.035106 1.477875
v 0.816480 -0.048091 1.467069
v 0.790479 -0.033987 1.467992
v 0.814410 -0.052853 1.471869
v 0.787985 -0.038536 1.472796
v 0.817778 -0.043445 1.472239
v 0.794007 -0.030557 1.473070
v 0.794007 -0.030557 1.473070
v 0.772895 -0.012615 1.480503
v 0.787985 -0.038536 1.472796
v 0.766778 -0.020519 1.480166
v 0.790479 -0.033987 1.467992
v 0.768615 -0.015421 1.475623
v 0.791513 -0.035106 1.477875
v 0.771058 -0.017714 1.485045
v 0.791513 -0.035106 1.477875
v 0.771058 -0.017714 1.485045
v 0.790479 -0.033987 1.467992
v 0.768615 -0.015421 1.475623
v 0.787985 -0.038536 1.472796
v 0.766778 -0.020519 1.480166
v 0.794007 -0.030557 1.473070
v 0.772895 -0.012615 1.480503
v 0.772895 -0.012615 1.480503
v 0.746235 -0.000892 1.490897
v 0.766778 -0.020519 1.480166
v 0.744459 -0.010536 1.488937
v 0.768615 -0.015421 1.475623
v 0.744162 -0.004538 1.485204
v 0.771058 -0.017714 1.485045
v 0.746532 -0.006890 1.494630
v 0.771058 -0.017714 1.485045
v 0.746532 -0.006890 1.494630
v 0.768615 -0.015421 1.475623
v 0.744162 -0.004538 1.485204
v 0.766778 -0.020519 1.480166
v 0.744459 -0.010536 1.488937
v 0.772895 -0.012615 1.480503
v 0.746235 -0.000892 1.490897
v 0.746235 -0.000892 1.490897
v 0.716421 -0.003349 1.496431
v 0.744459 -0.010536 1.488937
v 0.718166 -0.012827 1.493764
v 0.744162 -0.004538 1.485204
v 0.716492 -0.006889 1.490310
v 0.746532 -0.006890 1.494630
v 0.718096 -0.009288 1.499885
v 0.746532 -0.006890 1.494630
v 0.718096 -0.009288 1.499885
v 0.744162 -0.004538 1.485204
v 0.716492 -0.006889 1.490310
v 0.744459 -0.010536 1.488937
v 0.718166 -0.012827 1.493764
v 0.746235 -0.000892 1.490897
v 0.716421 -0.003349 1.496431
v 0.716421 -0.003349 1.496431
v 0.688144 -0.011770 1.498307
v 0.718166 -0.012827 1.493764
v 0.691390 -0.020813 1.495535
v 0.716492 -0.006889 1.490310
v 0.689191 -0.015026 1.492118
v 0.718096 -0.009288 1.499885
v 0.690343 -0.017557 1.501724
v 0.718096 -0.009288 1.499885
v 0.690343 -0.017557 1.501724
v 0.716492 -0.006889 1.490310
v 0.689191 -0.015026 1.492118
v 0.718166 -0.012827 1.493764
v 0.691390 -0.020813 1.495535
v 0.716421 -0.003349 1.496431
v 0.688144 -0.011770 1.498307
vn -0.1652 0.0326 0.9857
vn 0.1533 0.9881 -0.0090
vn -0.1533 -0.9881 0.0090
vn 0.1652 -0.0326 -0.9857
vn -0.0545 0.0194 0.9983
vn 0.0426 0.9988 -0.0239
vn -0.0426 -0.9988 0.0239
vn 0.0545 -0.0194 -0.9983
vn 0.1621 0.0307 0.9863
vn -0.1816 0.9833 -0.0145
vn 0.1816 -0.9833 0.0145
vn -0.1621 -0.0307 -0.9863
vn 0.2766 0.0655 0.9588
vn -0.3202 0.9470 0.0254
vn 0.3202 -0.9470 -0.0254
vn -0.2766 -0.0655 -0.9588
vn 0.0824 0.0102 0.9965
vn -0.1526 0.9882 -0.0125
vn 0.1526 -0.9882 0.0125
vn -0.0824 -0.0102 -0.9965
vn -0.1196 0.0036 0.9928
vn 0.0390 0.9992 -0.0040
vn -0.0390 -0.9992 0.0040
vn 0.1196 -0.0036 -0.9928
vn -0.1375 0.0086 0.9905
vn 0.2207 0.9750 0.0271
vn -0.2207 -0.9750 -0.0271
vn 0.1375 -0.0086 -0.9905
vn 0.0116 -0.0433 0.9990
vn 0.4772 0.8774 0.0483
vn -0.4772 -0.8774 -0.0483
vn -0.0116 0.0433 -0.9990
vn 0.1857 -0.1791 0.9661
vn 0.6508 0.7590 0.0169
vn -0.6508 -0.7590 -0.0169
vn -0.1857 0.1791 -0.9661
vn 0.2600 -0.2394 0.9355
vn 0.4379 0.8925 0.1081
vn -0.4379 -0.8925 -0.1081
vn -0.2600 0.2394 -0.9355
vn 0.1955 -0.2309 0.9531
vn -0.0358 0.9677 0.2495
vn 0.0358 -0.9677 -0.2495
vn -0.1955 0.2309 -0.9531
vn 0.1366 -0.2451 0.9598
vn -0.2578 0.9262 0.2751
vn 0.2578 -0.9262 -0.2751
vn -0.1366 0.2451 -0.9598
vt 0.529298 0.500826
vt 0.529298 0.561899
vt 0.502994 0.561899
vt 0.502994 0.500826
s 0
usemtl atlas
f 1265/922/996 1266/923/996 1268/924/996 1267/925/996
f 1269/922/997 1270/923/997 1272/924/997 1271/925/997
f 1273/922/998 1274/923/998 1276/924/998 1275/925/998
f 1277/922/999 1278/923/999 1280/924/999 1279/925/999
f 1281/922/1000 1282/923/1000 1284/924/1000 1283/925/1000
f 1285/922/1001 1286/923/1001 1288/924/1001 1287/925/1001
f 1289/922/1002 1290/923/1002 1292/924/1002 1291/925/1002
f 1293/922/1003 1294/923/1003 1296/924/1003 1295/925/1003
f 1297/922/1004 1298/923/1004 1300/924/1004 1299/925/1004
f 1301/922/1005 1302/923/1005 1304/924/1005 1303/925/1005
f 1305/922/1006 1306/923/1006 1308/924/1006 1307/925/1006
f 1309/922/1007 1310/923/1007 1312/924/1007 1311/925/1007
f 1313/922/1008 1314/923/1008 1316/924/1008 1315/925/1008
f 1317/922/1009 1318/923/1009 1320/924/1009 1319/925/1009
f 1321/922/1010 1322/923/1010 1324/924/1010 1323/925/1010
f 1325/922/1011 1326/923/1011 1328/924/1011 1327/925/1011
f 1329/922/1012 1330/923/1012 1332/924/1012 1331/925/1012
f 1333/922/1013 1334/923/1013 1336/924/1013 1335/925/1013
f 1337/922/1014 1338/923/1014 1340/924/1014 1339/925/1014
f 1341/922/1015 1342/923/1015 1344/924/1015 1343/925/1015
f 1345/922/1016 1346/923/1016 1348/924/1016 1347/925/1016
f 1349/922/1017 1350/923/1017 1352/924/1017 1351/925/1017
f 1353/922/1018 1354/923/1018 1356/924/1018 1355/925/1018
f 1357/922/1019 1358/923/1019 1360/924/1019 1359/925/1019
f 1361/922/1020 1362/923/1020 1364/924/1020 1363/925/1020
f 1365/922/1021 1366/923/1021 1368/924/1021 1367/925/1021
f 1369/922/1022 1370/923/1022 1372/924/1022 1371/925/1022
f 1373/922/1023 1374/923/1023 1376/924/1023 1375/925/1023
f 1377/922/1024 1378/923/1024 1380/924/1024 1379/925/1024
f 1381/922/1025 1382/923/1025 1384/924/1025 1383/925/1025
f 1385/922/1026 1386/923/1026 1388/924/1026 1387/925/1026
f 1389/922/1027 1390/923/1027 1392/924/1027 1391/925/1027
f 1393/922/1028 1394/923/1028 1396/924/1028 1395/925/1028
f 1397/922/1029 1398/923/1029 1400/924/1029 1399/925/1029
f 1401/922/1030 1402/923/1030 1404/924/1030 1403/925/1030
f 1405/922/1031 1406/923/1031 1408/924/1031 1407/925/1031
f 1409/922/1032 1410/923/1032 1412/924/1032 1411/925/1032
f 1413/922/1033 1414/923/1033 1416/924/1033 1415/925/1033
f 1417/922/1034 1418/923/1034 1420/924/1034 1419/925/1034
f 1421/922/1035 1422/923/1035 1424/924/1035 1423/925/1035
f 1425/922/1036 1426/923/1036 1428/924/1036 1427/925/1036
f 1429/922/1037 1430/923/1037 1432/924/1037 1431/925/1037
f 1433/922/1038 1434/923/1038 1436/924/1038 1435/925/1038
f 1437/922/1039 1438/923/1039 1440/924/1039 1439/925/1039
f 1441/922/1040 1442/923/1040 1444/924/1040 1443/925/1040
f 1445/922/1041 1446/923/1041 1448/924/1041 1447/925/1041
f 1449/922/1042 1450/923/1042 1452/924/1042 1451/925/1042
f 1453/922/1043 1454/923/1043 1456/924/1043 1455/925/1043
