# Blender 5.1.2
# www.blender.org
mtllib thruster_v2.mtl
o Cylinder
v 0.000000 0.701869 0.435534
v 0.000000 0.476753 0.435534
v 0.084968 0.701869 0.427165
v 0.084968 0.476753 0.427165
v 0.166672 0.701869 0.402381
v 0.166672 0.476753 0.402381
v 0.241970 0.701869 0.362133
v 0.241970 0.476753 0.362133
v 0.307969 0.701869 0.307969
v 0.307969 0.476753 0.307969
v 0.362133 0.701869 0.241970
v 0.362133 0.476753 0.241970
v 0.402381 0.701869 0.166672
v 0.402381 0.476753 0.166672
v 0.427165 0.701869 0.084969
v 0.427165 0.476753 0.084968
v 0.435534 0.701869 0.000000
v 0.435534 0.476753 0.000000
v 0.427165 0.701869 -0.084968
v 0.427165 0.476753 -0.084968
v 0.402381 0.701869 -0.166672
v 0.402381 0.476753 -0.166672
v 0.362133 0.701869 -0.241970
v 0.362133 0.476753 -0.241970
v 0.307969 0.701869 -0.307969
v 0.307969 0.476753 -0.307969
v 0.241970 0.701869 -0.362133
v 0.241970 0.476753 -0.362133
v 0.166672 0.701869 -0.402381
v 0.166672 0.476753 -0.402381
v 0.084968 0.701869 -0.427165
v 0.084968 0.476753 -0.427165
v 0.000000 0.701869 -0.435534
v 0.000000 0.476753 -0.435534
v -0.084968 0.701869 -0.427165
v -0.084968 0.476753 -0.427165
v -0.166672 0.701869 -0.402381
v -0.166672 0.476753 -0.402381
v -0.241970 0.701869 -0.362133
v -0.241970 0.476753 -0.362133
v -0.307969 0.701869 -0.307969
v -0.307969 0.476753 -0.307969
v -0.362133 0.701869 -0.241970
v -0.362133 0.476753 -0.241970
v -0.402381 0.701869 -0.166672
v -0.402381 0.476753 -0.166672
v -0.427165 0.701869 -0.084968
v -0.427165 0.476753 -0.084968
v -0.435534 0.701869 0.000000
v -0.435534 0.476753 0.000000
v -0.427165 0.701869 0.084969
v -0.427165 0.476753 0.084968
v -0.402381 0.701869 0.166672
v -0.402381 0.476753 0.166672
v -0.362133 0.701869 0.241970
v -0.362133 0.476753 0.241970
v -0.307969 0.701869 0.307969
v -0.307969 0.476753 0.307969
v -0.241970 0.701869 0.362133
v -0.241970 0.476753 0.362133
v -0.166672 0.701869 0.402381
v -0.166672 0.476753 0.402381
v -0.084968 0.701869 0.427165
v -0.084968 0.476753 0.427165
v 0.000000 0.786018 0.435534
v 0.084968 0.786018 0.427165
v 0.166672 0.786018 0.402381
v 0.241970 0.786018 0.362133
v 0.307969 0.786018 0.307969
v 0.362133 0.786018 0.241970
v 0.402381 0.786018 0.166672
v 0.427165 0.786018 0.084969
v 0.435534 0.786018 0.000000
v 0.427165 0.786018 -0.084968
v 0.402381 0.786018 -0.166672
v 0.362133 0.786018 -0.241970
v 0.307969 0.786018 -0.307969
v 0.241970 0.786018 -0.362133
v 0.166672 0.786018 -0.402381
v 0.084968 0.786018 -0.427165
v 0.000000 0.786018 -0.435534
v -0.084968 0.786018 -0.427165
v -0.166672 0.786018 -0.402381
v -0.241970 0.786018 -0.362133
v -0.307969 0.786018 -0.307969
v -0.362133 0.786018 -0.241970
v -0.402381 0.786018 -0.166672
v -0.427165 0.786018 -0.084968
v -0.435534 0.786018 0.000000
v -0.427165 0.786018 0.084969
v -0.402381 0.786018 0.166672
v -0.362133 0.786018 0.241970
v -0.307969 0.786018 0.307969
v -0.241970 0.786018 0.362133
v -0.166672 0.786018 0.402381
v -0.084968 0.786018 0.427165
v 0.000000 0.786018 0.500295
v 0.097603 0.786018 0.490682
v 0.191455 0.786018 0.462212
v 0.277949 0.786018 0.415980
v 0.353762 0.786018 0.353762
v 0.415980 0.786018 0.277949
v 0.462212 0.786018 0.191455
v 0.490682 0.786018 0.097603
v 0.500295 0.786018 0.000000
v 0.490682 0.786018 -0.097603
v 0.462212 0.786018 -0.191454
v 0.415980 0.786018 -0.277949
v 0.353762 0.786018 -0.353762
v 0.277949 0.786018 -0.415980
v 0.191455 0.786018 -0.462212
v 0.097603 0.786018 -0.490682
v 0.000000 0.786018 -0.500295
v -0.097603 0.786018 -0.490682
v -0.191455 0.786018 -0.462212
v -0.277949 0.786018 -0.415980
v -0.353762 0.786018 -0.353762
v -0.415980 0.786018 -0.277949
v -0.462212 0.786018 -0.191454
v -0.490682 0.786018 -0.097603
v -0.500295 0.786018 0.000000
v -0.490682 0.786018 0.097603
v -0.462212 0.786018 0.191455
v -0.415980 0.786018 0.277949
v -0.353762 0.786018 0.353762
v -0.277949 0.786018 0.415980
v -0.191455 0.786018 0.462212
v -0.097603 0.786018 0.490682
v 0.000000 1.159838 0.366604
v 0.071521 1.159838 0.359560
v 0.140293 1.159838 0.338698
v 0.203674 1.159838 0.304820
v 0.259228 1.159838 0.259228
v 0.304820 1.159838 0.203674
v 0.338698 1.159838 0.140293
v 0.359560 1.159838 0.071521
v 0.366604 1.159838 0.000000
v 0.359560 1.159838 -0.071521
v 0.338698 1.159838 -0.140293
v 0.304820 1.159838 -0.203674
v 0.259228 1.159838 -0.259228
v 0.203674 1.159838 -0.304820
v 0.140293 1.159838 -0.338698
v 0.071521 1.159838 -0.359560
v 0.000000 1.159838 -0.366604
v -0.071521 1.159838 -0.359560
v -0.140293 1.159838 -0.338698
v -0.203674 1.159838 -0.304820
v -0.259228 1.159838 -0.259228
v -0.304820 1.159838 -0.203674
v -0.338698 1.159838 -0.140293
v -0.359560 1.159838 -0.071521
v -0.366604 1.159838 0.000000
v -0.359560 1.159838 0.071521
v -0.338698 1.159838 0.140293
v -0.304820 1.159838 0.203674
v -0.259228 1.159838 0.259228
v -0.203674 1.159838 0.304820
v -0.140293 1.159838 0.338698
v -0.071521 1.159838 0.359560
v 0.297774 1.098179 -0.297774
v 0.350145 1.098179 -0.233959
v 0.389060 1.098179 -0.161154
v 0.413024 1.098179 -0.082156
v 0.421116 1.098179 0.000000
v 0.413024 1.098179 0.082156
v 0.389060 1.098179 0.161154
v 0.000000 1.098179 0.421116
v 0.350145 1.098179 0.233959
v -0.082156 1.098179 0.413024
v 0.297774 1.098179 0.297774
v -0.161154 1.098179 0.389060
v 0.233959 1.098179 0.350145
v 0.161154 1.098179 0.389060
v -0.233959 1.098179 0.350145
v -0.297774 1.098179 0.297774
v 0.082156 1.098179 0.413024
v 0.233959 1.098179 -0.350145
v 0.161154 1.098179 -0.389060
v 0.082156 1.098179 -0.413024
v 0.000000 1.098179 -0.421116
v -0.082156 1.098179 -0.413024
v -0.161154 1.098179 -0.389060
v -0.233959 1.098179 -0.350145
v -0.297774 1.098179 -0.297774
v -0.350145 1.098179 -0.233959
v -0.389060 1.098179 -0.161154
v -0.413024 1.098179 -0.082156
v -0.421116 1.098179 0.000000
v -0.413024 1.098179 0.082156
v -0.389060 1.098179 0.161154
v -0.350145 1.098179 0.233959
v 0.000000 0.786018 0.344854
v 0.067278 0.786018 0.338228
v 0.131970 0.786018 0.318604
v 0.191591 0.786018 0.286736
v 0.243849 0.786018 0.243849
v 0.286736 0.786018 0.191591
v 0.318604 0.786018 0.131970
v 0.338228 0.786018 0.067278
v 0.344854 0.786018 0.000000
v 0.338228 0.786018 -0.067278
v 0.318604 0.786018 -0.131970
v 0.286736 0.786018 -0.191591
v 0.243849 0.786018 -0.243849
v 0.191591 0.786018 -0.286736
v 0.131970 0.786018 -0.318603
v 0.067278 0.786018 -0.338228
v 0.000000 0.786018 -0.344854
v -0.067278 0.786018 -0.338228
v -0.131970 0.786018 -0.318603
v -0.191591 0.786018 -0.286736
v -0.243849 0.786018 -0.243849
v -0.286736 0.786018 -0.191591
v -0.318604 0.786018 -0.131970
v -0.338228 0.786018 -0.067278
v -0.344854 0.786018 0.000000
v -0.338228 0.786018 0.067278
v -0.318604 0.786018 0.131970
v -0.286736 0.786018 0.191591
v -0.243849 0.786018 0.243849
v -0.191591 0.786018 0.286736
v -0.131970 0.786018 0.318604
v -0.067278 0.786018 0.338228
v 0.000000 1.278643 0.319779
v 0.062386 1.278643 0.313634
v 0.122374 1.278643 0.295437
v 0.177659 1.278643 0.265886
v 0.226118 1.278643 0.226118
v 0.265886 1.278643 0.177660
v 0.295437 1.278643 0.122374
v 0.313634 1.278643 0.062386
v 0.319778 1.278643 0.000000
v 0.313634 1.278643 -0.062386
v 0.295437 1.278643 -0.122374
v 0.265886 1.278643 -0.177659
v 0.226118 1.278643 -0.226117
v 0.177659 1.278643 -0.265886
v 0.122374 1.278643 -0.295437
v 0.062386 1.278643 -0.313634
v 0.000000 1.278643 -0.319778
v -0.062386 1.278643 -0.313634
v -0.122374 1.278643 -0.295437
v -0.177659 1.278643 -0.265886
v -0.226118 1.278643 -0.226117
v -0.265886 1.278643 -0.177659
v -0.295437 1.278643 -0.122374
v -0.313634 1.278643 -0.062386
v -0.319778 1.278643 0.000000
v -0.313634 1.278643 0.062386
v -0.295437 1.278643 0.122374
v -0.265886 1.278643 0.177660
v -0.226118 1.278643 0.226118
v -0.177659 1.278643 0.265886
v -0.122374 1.278643 0.295437
v -0.062386 1.278643 0.313634
v 0.000000 1.340302 0.273835
v 0.053423 1.340302 0.268574
v 0.104792 1.340302 0.252991
v 0.152135 1.340302 0.227686
v 0.193631 1.340302 0.193631
v 0.227686 1.340302 0.152135
v 0.252991 1.340302 0.104792
v 0.268574 1.340302 0.053423
v 0.273835 1.340302 0.000000
v 0.268574 1.340302 -0.053423
v 0.252991 1.340302 -0.104792
v 0.227686 1.340302 -0.152135
v 0.193631 1.340302 -0.193631
v 0.152135 1.340302 -0.227686
v 0.104792 1.340302 -0.252991
v 0.053423 1.340302 -0.268573
v 0.000000 1.340302 -0.273835
v -0.053423 1.340302 -0.268573
v -0.104792 1.340302 -0.252991
v -0.152135 1.340302 -0.227686
v -0.193631 1.340302 -0.193631
v -0.227686 1.340302 -0.152135
v -0.252991 1.340302 -0.104792
v -0.268574 1.340302 -0.053423
v -0.273835 1.340302 0.000000
v -0.268574 1.340302 0.053423
v -0.252991 1.340302 0.104792
v -0.227686 1.340302 0.152135
v -0.193631 1.340302 0.193631
v -0.152135 1.340302 0.227686
v -0.104792 1.340302 0.252991
v -0.053423 1.340302 0.268574
v 0.000000 1.098264 0.273835
v 0.053423 1.098264 0.268574
v 0.104792 1.098264 0.252991
v 0.152135 1.098264 0.227686
v 0.193631 1.098264 0.193631
v 0.227686 1.098264 0.152135
v 0.252991 1.098264 0.104792
v 0.268574 1.098264 0.053423
v 0.273835 1.098264 0.000000
v 0.268574 1.098264 -0.053423
v 0.252991 1.098264 -0.104792
v 0.227686 1.098264 -0.152135
v 0.193631 1.098264 -0.193631
v 0.152135 1.098264 -0.227686
v 0.104792 1.098264 -0.252991
v 0.053423 1.098264 -0.268573
v 0.000000 1.098264 -0.273835
v -0.053423 1.098264 -0.268573
v -0.104792 1.098264 -0.252991
v -0.152135 1.098264 -0.227686
v -0.193631 1.098264 -0.193631
v -0.227686 1.098264 -0.152135
v -0.252991 1.098264 -0.104792
v -0.268574 1.098264 -0.053423
v -0.273835 1.098264 0.000000
v -0.268574 1.098264 0.053423
v -0.252991 1.098264 0.104792
v -0.227686 1.098264 0.152135
v -0.193631 1.098264 0.193631
v -0.152135 1.098264 0.227686
v -0.104792 1.098264 0.252991
v -0.053423 1.098264 0.268574
v 0.000000 1.098264 0.115163
v 0.022467 1.098264 0.112950
v 0.044071 1.098264 0.106396
v 0.063981 1.098264 0.095754
v 0.081432 1.098264 0.081432
v 0.095754 1.098264 0.063981
v 0.106396 1.098264 0.044071
v 0.112950 1.098264 0.022467
v 0.115162 1.098264 0.000000
v 0.112950 1.098264 -0.022467
v 0.106396 1.098264 -0.044071
v 0.095754 1.098264 -0.063981
v 0.081432 1.098264 -0.081432
v 0.063981 1.098264 -0.095754
v 0.044071 1.098264 -0.106396
v 0.022467 1.098264 -0.112950
v 0.000000 1.098264 -0.115162
v -0.022467 1.098264 -0.112950
v -0.044071 1.098264 -0.106396
v -0.063981 1.098264 -0.095754
v -0.081432 1.098264 -0.081432
v -0.095754 1.098264 -0.063981
v -0.106396 1.098264 -0.044071
v -0.112950 1.098264 -0.022467
v -0.115162 1.098264 0.000000
v -0.112950 1.098264 0.022467
v -0.106396 1.098264 0.044071
v -0.095754 1.098264 0.063981
v -0.081432 1.098264 0.081432
v -0.063981 1.098264 0.095754
v -0.044071 1.098264 0.106396
v -0.022467 1.098264 0.112950
v 0.000000 1.369712 0.115163
v 0.022467 1.369712 0.112950
v 0.044071 1.369712 0.106396
v 0.063981 1.369712 0.095754
v 0.081432 1.369712 0.081432
v 0.095754 1.369713 0.063981
v 0.106396 1.369713 0.044071
v 0.112950 1.369713 0.022467
v 0.115162 1.369713 0.000000
v 0.112950 1.369713 -0.022467
v 0.106396 1.369713 -0.044071
v 0.095754 1.369713 -0.063981
v 0.081432 1.369713 -0.081432
v 0.063981 1.369712 -0.095754
v 0.044071 1.369713 -0.106396
v 0.022467 1.369713 -0.112950
v 0.000000 1.369713 -0.115162
v -0.022467 1.369713 -0.112950
v -0.044071 1.369713 -0.106396
v -0.063981 1.369712 -0.095754
v -0.081432 1.369713 -0.081432
v -0.095754 1.369713 -0.063981
v -0.106396 1.369713 -0.044071
v -0.112950 1.369713 -0.022467
v -0.115162 1.369713 0.000000
v -0.112950 1.369713 0.022467
v -0.106396 1.369713 0.044071
v -0.095754 1.369713 0.063981
v -0.081432 1.369712 0.081432
v -0.063981 1.369712 0.095754
v -0.044071 1.369712 0.106396
v -0.022467 1.369712 0.112950
v 0.000000 1.398212 0.104059
v 0.020301 1.398212 0.102059
v 0.039822 1.398212 0.096138
v 0.057812 1.398212 0.086522
v 0.073581 1.398212 0.073581
v 0.086522 1.398212 0.057812
v 0.096138 1.398212 0.039822
v 0.102059 1.398212 0.020301
v 0.104059 1.398212 0.000000
v 0.102059 1.398212 -0.020301
v 0.096138 1.398212 -0.039821
v 0.086522 1.398212 -0.057812
v 0.073581 1.398212 -0.073581
v 0.057812 1.398212 -0.086522
v 0.039822 1.398212 -0.096138
v 0.020301 1.398212 -0.102059
v 0.000000 1.398212 -0.104059
v -0.020301 1.398212 -0.102059
v -0.039822 1.398212 -0.096138
v -0.057812 1.398212 -0.086522
v -0.073581 1.398212 -0.073581
v -0.086522 1.398212 -0.057812
v -0.096138 1.398212 -0.039821
v -0.102059 1.398212 -0.020301
v -0.104059 1.398212 0.000000
v -0.102059 1.398212 0.020301
v -0.096138 1.398212 0.039822
v -0.086522 1.398212 0.057812
v -0.073581 1.398212 0.073581
v -0.057812 1.398212 0.086522
v -0.039822 1.398212 0.096138
v -0.020301 1.398212 0.102059
v 0.000000 1.462523 0.064095
v 0.012504 1.462523 0.062863
v 0.024528 1.462524 0.059216
v 0.035609 1.462523 0.053293
v 0.045322 1.462523 0.045322
v 0.053293 1.462524 0.035609
v 0.059216 1.462524 0.024528
v 0.062863 1.462524 0.012504
v 0.064095 1.462524 0.000000
v 0.062863 1.462524 -0.012504
v 0.059216 1.462524 -0.024528
v 0.053293 1.462524 -0.035609
v 0.045322 1.462524 -0.045322
v 0.035609 1.462523 -0.053293
v 0.024528 1.462524 -0.059216
v 0.012504 1.462524 -0.062863
v 0.000000 1.462524 -0.064095
v -0.012504 1.462524 -0.062863
v -0.024528 1.462524 -0.059216
v -0.035609 1.462523 -0.053293
v -0.045322 1.462524 -0.045322
v -0.053293 1.462524 -0.035609
v -0.059216 1.462524 -0.024528
v -0.062863 1.462524 -0.012504
v -0.064095 1.462524 0.000000
v -0.062863 1.462524 0.012504
v -0.059216 1.462524 0.024528
v -0.053293 1.462524 0.035609
v -0.045322 1.462524 0.045322
v -0.035609 1.462524 0.053293
v -0.024528 1.462524 0.059216
v -0.012504 1.462523 0.062863
v 0.000000 1.520332 0.024012
v 0.004684 1.520332 0.023550
v 0.009189 1.520332 0.022184
v 0.013340 1.520332 0.019965
v 0.016979 1.520332 0.016979
v 0.019965 1.520332 0.013340
v 0.022184 1.520332 0.009189
v 0.023550 1.520332 0.004685
v 0.024012 1.520332 0.000000
v 0.023550 1.520332 -0.004684
v 0.022184 1.520332 -0.009189
v 0.019965 1.520332 -0.013340
v 0.016979 1.520332 -0.016979
v 0.013340 1.520332 -0.019965
v 0.009189 1.520332 -0.022184
v 0.004684 1.520332 -0.023550
v 0.000000 1.520332 -0.024012
v -0.004684 1.520332 -0.023550
v -0.009189 1.520332 -0.022184
v -0.013340 1.520332 -0.019965
v -0.016979 1.520332 -0.016979
v -0.019965 1.520332 -0.013340
v -0.022184 1.520332 -0.009189
v -0.023550 1.520332 -0.004684
v -0.024012 1.520332 0.000000
v -0.023550 1.520332 0.004685
v -0.022184 1.520332 0.009189
v -0.019965 1.520332 0.013340
v -0.016979 1.520332 0.016979
v -0.013340 1.520332 0.019965
v -0.009189 1.520332 0.022184
v -0.004684 1.520332 0.023550
v 0.197622 0.476753 0.477102
v 0.206908 -0.254365 0.499521
v 0.477102 0.476753 0.197622
v 0.499521 -0.254365 0.206908
v 0.477102 0.476753 -0.197622
v 0.499521 -0.254365 -0.206908
v 0.197622 0.476753 -0.477102
v 0.206908 -0.254365 -0.499521
v -0.197622 0.476753 -0.477102
v -0.206908 -0.254365 -0.499521
v -0.477102 0.476753 -0.197622
v -0.499521 -0.254365 -0.206908
v -0.477102 0.476753 0.197622
v -0.499521 -0.254365 0.206908
v -0.197622 0.476753 0.477102
v -0.206908 -0.254365 0.499521
v 0.000000 -0.499697 0.435534
v 0.084968 -0.499697 0.427165
v 0.166672 -0.499697 0.402381
v 0.241970 -0.499697 0.362133
v 0.307969 -0.499697 0.307969
v 0.362133 -0.499697 0.241970
v 0.402381 -0.499697 0.166672
v 0.427165 -0.499697 0.084968
v 0.435534 -0.499697 0.000000
v 0.427165 -0.499697 -0.084968
v 0.402381 -0.499697 -0.166672
v 0.362133 -0.499697 -0.241970
v 0.307969 -0.499697 -0.307969
v 0.241970 -0.499697 -0.362133
v 0.166672 -0.499697 -0.402381
v 0.084968 -0.499697 -0.427165
v 0.000000 -0.499697 -0.435534
v -0.084968 -0.499697 -0.427165
v -0.166672 -0.499697 -0.402381
v -0.241970 -0.499697 -0.362133
v -0.307969 -0.499697 -0.307969
v -0.362133 -0.499697 -0.241970
v -0.402381 -0.499697 -0.166672
v -0.427165 -0.499697 -0.084968
v -0.435534 -0.499697 0.000000
v -0.427165 -0.499697 0.084968
v -0.402381 -0.499697 0.166672
v -0.362133 -0.499697 0.241970
v -0.307969 -0.499697 0.307969
v -0.241970 -0.499697 0.362133
v -0.166672 -0.499697 0.402381
v -0.084968 -0.499697 0.427165
v 0.000000 0.763480 0.500295
v 0.000000 0.720353 0.473311
v 0.092338 0.720353 0.464217
v 0.097603 0.763480 0.490682
v 0.181128 0.720353 0.437283
v 0.191455 0.763480 0.462212
v 0.262958 0.720353 0.393544
v 0.277949 0.763480 0.415980
v 0.334682 0.720353 0.334682
v 0.353762 0.763480 0.353762
v 0.393544 0.720353 0.262958
v 0.415980 0.763480 0.277949
v 0.437283 0.720353 0.181128
v 0.462212 0.763480 0.191455
v 0.464217 0.720353 0.092339
v 0.490682 0.763480 0.097603
v 0.473311 0.720353 0.000000
v 0.500295 0.763480 0.000000
v 0.464217 0.720353 -0.092338
v 0.490682 0.763480 -0.097603
v 0.437282 0.720353 -0.181128
v 0.462212 0.763480 -0.191454
v 0.393544 0.720353 -0.262958
v 0.415980 0.763480 -0.277949
v 0.334682 0.720353 -0.334681
v 0.353762 0.763480 -0.353762
v 0.262958 0.720353 -0.393544
v 0.277949 0.763480 -0.415980
v 0.181128 0.720353 -0.437282
v 0.191455 0.763480 -0.462212
v 0.092338 0.720353 -0.464217
v 0.097603 0.763480 -0.490682
v 0.000000 0.720353 -0.473311
v 0.000000 0.763480 -0.500295
v -0.092338 0.720353 -0.464217
v -0.097603 0.763480 -0.490682
v -0.181128 0.720353 -0.437282
v -0.191455 0.763480 -0.462212
v -0.262958 0.720353 -0.393544
v -0.277949 0.763480 -0.415980
v -0.334682 0.720353 -0.334681
v -0.353762 0.763480 -0.353762
v -0.393544 0.720353 -0.262958
v -0.415980 0.763480 -0.277949
v -0.437282 0.720353 -0.181128
v -0.462212 0.763480 -0.191454
v -0.464217 0.720353 -0.092338
v -0.490682 0.763480 -0.097603
v -0.473311 0.720353 0.000000
v -0.500295 0.763480 0.000000
v -0.464217 0.720353 0.092339
v -0.490682 0.763480 0.097603
v -0.437283 0.720353 0.181128
v -0.462212 0.763480 0.191455
v -0.393544 0.720353 0.262958
v -0.415980 0.763480 0.277949
v -0.334682 0.720353 0.334682
v -0.353762 0.763480 0.353762
v -0.262958 0.720353 0.393544
v -0.277949 0.763480 0.415980
v -0.181128 0.720353 0.437283
v -0.191455 0.763480 0.462212
v -0.092338 0.720353 0.464217
v -0.097603 0.763480 0.490682
v 0.206908 0.476753 0.499521
v 0.499521 0.476753 0.206908
v 0.499521 0.476753 -0.206908
v 0.206908 0.476753 -0.499521
v -0.206908 0.476753 -0.499521
v -0.499521 0.476753 -0.206908
v -0.499521 0.476753 0.206908
v -0.206908 0.476753 0.499521
v 0.084968 0.440226 0.427165
v 0.000000 0.440226 0.435534
v 0.166672 0.440226 0.402381
v 0.241970 0.440226 0.362133
v 0.307969 0.440226 0.307969
v 0.362133 0.440226 0.241970
v 0.402381 0.440226 0.166672
v 0.427165 0.440226 0.084968
v 0.435534 0.440226 0.000000
v 0.427165 0.440226 -0.084968
v 0.402381 0.440226 -0.166672
v 0.362133 0.440226 -0.241970
v 0.307969 0.440226 -0.307969
v 0.241970 0.440226 -0.362133
v 0.166672 0.440226 -0.402381
v 0.084968 0.440226 -0.427165
v 0.000000 0.440226 -0.435534
v -0.084968 0.440226 -0.427165
v -0.166672 0.440226 -0.402381
v -0.241970 0.440226 -0.362133
v -0.307969 0.440226 -0.307969
v -0.362133 0.440226 -0.241970
v -0.402381 0.440226 -0.166672
v -0.427165 0.440226 -0.084968
v -0.435534 0.440226 0.000000
v -0.427165 0.440226 0.084968
v -0.402381 0.440226 0.166672
v -0.362133 0.440226 0.241970
v -0.307969 0.440226 0.307969
v -0.241970 0.440226 0.362133
v -0.166672 0.440226 0.402381
v -0.084968 0.440226 0.427165
v 0.197622 0.440226 0.477102
v 0.477102 0.440226 0.197622
v 0.477102 0.440226 -0.197622
v 0.197622 0.440226 -0.477102
v -0.197622 0.440226 -0.477102
v -0.477102 0.440226 -0.197622
v -0.477102 0.440226 0.197622
v -0.197622 0.440226 0.477103
v 0.000000 0.632980 0.435534
v 0.084968 0.632980 0.427165
v 0.166672 0.632980 0.402381
v 0.241970 0.632980 0.362133
v 0.307969 0.632980 0.307969
v 0.362133 0.632980 0.241970
v 0.402381 0.632980 0.166672
v 0.427165 0.632980 0.084969
v 0.435534 0.632980 0.000000
v 0.427165 0.632980 -0.084968
v 0.402381 0.632980 -0.166672
v 0.362133 0.632980 -0.241970
v 0.307969 0.632980 -0.307969
v 0.241970 0.632980 -0.362133
v 0.166672 0.632980 -0.402381
v 0.084968 0.632980 -0.427165
v 0.000000 0.632980 -0.435534
v -0.084968 0.632980 -0.427165
v -0.166672 0.632980 -0.402381
v -0.241970 0.632980 -0.362133
v -0.307969 0.632980 -0.307969
v -0.362133 0.632980 -0.241970
v -0.402381 0.632980 -0.166672
v -0.427165 0.632980 -0.084968
v -0.435534 0.632980 0.000000
v -0.427165 0.632980 0.084969
v -0.402381 0.632980 0.166672
v -0.362133 0.632980 0.241970
v -0.307969 0.632980 0.307969
v -0.241970 0.632980 0.362133
v -0.166672 0.632980 0.402381
v -0.084968 0.632980 0.427165
v 0.079900 0.476753 0.401683
v 0.000000 0.476753 0.409553
v 0.000000 0.632980 0.409553
v 0.156729 0.476753 0.378377
v 0.227535 0.476753 0.340531
v 0.289597 0.476753 0.289597
v 0.340531 0.476753 0.227535
v 0.378377 0.476753 0.156729
v 0.401683 0.476753 0.079900
v 0.409553 0.476753 0.000000
v 0.401683 0.476753 -0.079900
v 0.378377 0.476753 -0.156729
v 0.340531 0.476753 -0.227535
v 0.289597 0.476753 -0.289597
v 0.227535 0.476753 -0.340531
v 0.156729 0.476753 -0.378377
v 0.079900 0.476753 -0.401683
v 0.000000 0.476753 -0.409553
v -0.079900 0.476753 -0.401683
v -0.156729 0.476753 -0.378377
v -0.227535 0.476753 -0.340531
v -0.289597 0.476753 -0.289597
v -0.340531 0.476753 -0.227535
v -0.378377 0.476753 -0.156729
v -0.401683 0.476753 -0.079900
v -0.409553 0.476753 0.000000
v -0.401683 0.476753 0.079900
v -0.378377 0.476753 0.156729
v -0.340531 0.476753 0.227535
v -0.289597 0.476753 0.289597
v -0.227535 0.476753 0.340531
v -0.156729 0.476753 0.378377
v -0.079900 0.476753 0.401683
v 0.079900 0.632980 0.401683
v 0.156729 0.632980 0.378377
v 0.227535 0.632980 0.340531
v 0.289597 0.632980 0.289598
v 0.340531 0.632980 0.227535
v 0.378377 0.632980 0.156729
v 0.401683 0.632980 0.079900
v 0.409553 0.632980 0.000000
v 0.401683 0.632980 -0.079900
v 0.378377 0.632980 -0.156729
v 0.340531 0.632980 -0.227535
v 0.289597 0.632980 -0.289597
v 0.227535 0.632980 -0.340531
v 0.156729 0.632980 -0.378377
v 0.079900 0.632980 -0.401683
v 0.000000 0.632980 -0.409553
v -0.079900 0.632980 -0.401683
v -0.156729 0.632980 -0.378377
v -0.227535 0.632980 -0.340531
v -0.289597 0.632980 -0.289597
v -0.340531 0.632980 -0.227535
v -0.378377 0.632980 -0.156729
v -0.401683 0.632980 -0.079900
v -0.409553 0.632980 0.000000
v -0.401683 0.632980 0.079900
v -0.378377 0.632980 0.156729
v -0.340531 0.632980 0.227535
v -0.289597 0.632980 0.289598
v -0.227535 0.632980 0.340531
v -0.156729 0.632980 0.378377
v -0.079900 0.632980 0.401683
vn -0.0000 1.0000 -0.0000
vn -0.0000 -1.0000 -0.0000
vn -0.5564 0.6172 -0.5564
vn -0.5464 -0.1813 -0.8177
vn -0.6954 -0.1813 -0.6954
vn 0.5564 0.6172 0.5564
vn -0.3694 0.7469 -0.5529
vn 0.4371 0.6172 0.6542
vn 0.4371 0.6172 -0.6542
vn 0.3763 -0.1813 -0.9086
vn 0.3011 0.6172 -0.7269
vn 0.7017 0.1229 -0.7017
vn 0.7377 0.4613 -0.4929
vn 0.8252 0.1229 -0.5514
vn -0.3011 0.6172 -0.7269
vn -0.4371 0.6172 -0.6542
vn 0.5564 0.6172 -0.5564
vn 0.5464 -0.1813 -0.8177
vn 0.8197 0.4613 -0.3395
vn 0.9169 0.1229 -0.3798
vn -0.1919 -0.1813 -0.9645
vn -0.3763 -0.1813 -0.9086
vn 0.6542 0.6172 -0.4371
vn 0.6954 -0.1813 -0.6954
vn 0.8702 0.4613 -0.1731
vn 0.9733 0.1229 -0.1936
vn -0.0000 0.6172 -0.7868
vn -0.1535 0.6172 -0.7717
vn 0.7269 0.6172 -0.3011
vn 0.8177 -0.1813 -0.5464
vn 0.9924 0.1229 -0.0000
vn 0.8873 0.4613 -0.0000
vn 0.9645 -0.1813 -0.1919
vn 0.9086 -0.1813 -0.3763
vn 0.8702 0.4613 0.1731
vn 0.9733 0.1229 0.1936
vn 0.7717 0.6172 -0.1535
vn 0.9834 -0.1813 -0.0000
vn 0.8197 0.4613 0.3395
vn 0.9169 0.1229 0.3798
vn 0.7717 0.6172 0.1535
vn 0.7868 0.6172 -0.0000
vn 0.8252 0.1229 0.5514
vn 0.7377 0.4613 0.4929
vn -0.0000 0.1229 0.9924
vn -0.1731 0.4613 0.8702
vn -0.1936 0.1229 0.9733
vn 0.7269 0.6172 0.3011
vn 0.9645 -0.1813 0.1919
vn 0.6274 0.4613 0.6274
vn 0.7017 0.1229 0.7017
vn -0.3395 0.4613 0.8197
vn -0.3798 0.1229 0.9169
vn 0.6542 0.6172 0.4371
vn 0.9086 -0.1813 0.3763
vn 0.4929 0.4613 0.7377
vn 0.5514 0.1229 0.8252
vn -0.4929 0.4613 0.7377
vn -0.5514 0.1229 0.8252
vn 0.8177 -0.1813 0.5464
vn 0.3798 0.1229 0.9169
vn 0.3395 0.4613 0.8197
vn -0.6274 0.4613 0.6274
vn -0.7017 0.1229 0.7017
vn 0.5464 -0.1813 0.8177
vn 0.6954 -0.1813 0.6954
vn 0.1731 0.4613 0.8702
vn 0.1936 0.1229 0.9733
vn -0.8252 0.1229 0.5514
vn -0.7377 0.4613 0.4929
vn 0.3011 0.6172 0.7269
vn 0.2867 0.6624 -0.6922
vn 0.1731 0.4613 -0.8702
vn 0.1462 0.6624 -0.7348
vn 0.4162 0.6624 -0.6229
vn 0.3395 0.4613 -0.8197
vn 0.6274 0.4613 -0.6274
vn 0.4929 0.4613 -0.7377
vn 0.6229 0.6624 -0.4162
vn 0.5298 0.6624 -0.5298
vn 0.7348 0.6624 -0.1462
vn 0.6922 0.6624 -0.2867
vn 0.7492 0.6624 -0.0000
vn 0.7348 0.6624 0.1462
vn 0.6922 0.6624 0.2867
vn -0.1462 0.6624 0.7348
vn -0.0000 0.4613 0.8872
vn -0.0000 0.6623 0.7492
vn 0.5298 0.6624 0.5298
vn 0.6229 0.6624 0.4162
vn -0.2867 0.6624 0.6922
vn -0.4162 0.6624 0.6229
vn 0.4162 0.6624 0.6229
vn -0.5298 0.6624 0.5298
vn -0.0000 0.4613 -0.8872
vn -0.0000 0.6624 -0.7492
vn -0.1731 0.4613 -0.8702
vn -0.1462 0.6624 -0.7348
vn -0.2867 0.6624 -0.6922
vn -0.3395 0.4613 -0.8197
vn -0.4162 0.6624 -0.6229
vn -0.4929 0.4613 -0.7377
vn -0.6274 0.4613 -0.6274
vn -0.5298 0.6624 -0.5298
vn -0.6229 0.6624 -0.4162
vn -0.7377 0.4613 -0.4929
vn -0.8197 0.4613 -0.3395
vn -0.6922 0.6624 -0.2867
vn -0.7348 0.6624 -0.1462
vn -0.8702 0.4613 -0.1731
vn -0.8872 0.4613 -0.0000
vn -0.7492 0.6624 -0.0000
vn -0.7348 0.6624 0.1462
vn -0.8702 0.4613 0.1731
vn -0.8197 0.4613 0.3395
vn -0.6922 0.6624 0.2867
vn -0.6229 0.6624 0.4162
vn 0.1462 0.6624 0.7348
vn 0.2867 0.6623 0.6922
vn 0.1535 0.6172 -0.7717
vn 0.1919 -0.1813 -0.9645
vn -0.6542 0.6172 -0.4371
vn -0.8177 -0.1813 -0.5464
vn 0.3798 0.1229 -0.9169
vn 0.5514 0.1229 -0.8252
vn -0.0000 -0.1813 -0.9834
vn -0.9086 -0.1813 -0.3763
vn -0.7269 0.6172 -0.3011
vn 0.1936 0.1229 -0.9733
vn -0.9645 -0.1813 -0.1919
vn -0.7717 0.6172 -0.1535
vn -0.0000 0.1229 -0.9924
vn -0.9834 -0.1813 -0.0000
vn -0.7868 0.6172 -0.0000
vn -0.1936 0.1229 -0.9733
vn -0.7717 0.6172 0.1535
vn -0.9645 -0.1813 0.1919
vn -0.3798 0.1229 -0.9169
vn -0.9086 -0.1813 0.3763
vn -0.7269 0.6172 0.3011
vn -0.8177 -0.1813 0.5464
vn -0.6542 0.6172 0.4371
vn -0.7017 0.1229 -0.7017
vn -0.5514 0.1229 -0.8252
vn -0.6954 -0.1813 0.6954
vn -0.5564 0.6172 0.5564
vn -0.5464 -0.1813 0.8177
vn -0.4371 0.6172 0.6542
vn -0.9169 0.1229 -0.3798
vn -0.8252 0.1229 -0.5514
vn -0.3011 0.6172 0.7269
vn -0.3763 -0.1813 0.9086
vn -0.9733 0.1229 -0.1936
vn -0.1535 0.6172 0.7717
vn -0.1919 -0.1813 0.9645
vn -0.9924 0.1229 -0.0000
vn -0.0000 -0.1813 0.9834
vn -0.0000 0.6172 0.7868
vn -0.9733 0.1229 0.1936
vn 0.1919 -0.1813 0.9645
vn 0.1535 0.6172 0.7717
vn -0.9169 0.1229 0.3798
vn 0.3763 -0.1813 0.9086
vn 0.6649 0.7469 -0.0000
vn 0.9248 0.3331 0.1839
vn 0.6521 0.7469 0.1297
vn 0.6143 0.7469 0.2545
vn -0.5528 0.7469 -0.3694
vn -0.4702 0.7469 -0.4702
vn -0.6143 0.7469 -0.2545
vn 0.6521 0.7469 -0.1297
vn -0.6521 0.7469 -0.1297
vn 0.6143 0.7469 -0.2545
vn -0.6649 0.7469 -0.0000
vn 0.5529 0.7469 -0.3694
vn -0.6521 0.7469 0.1297
vn 0.4702 0.7469 -0.4702
vn -0.5528 0.7469 0.3694
vn -0.6143 0.7469 0.2545
vn 0.3694 0.7469 -0.5529
vn 0.1297 0.7469 0.6521
vn -0.0000 0.7469 0.6649
vn 0.2545 0.7469 -0.6143
vn -0.3694 0.7469 0.5528
vn -0.4702 0.7469 0.4702
vn 0.1297 0.7469 -0.6521
vn 0.2545 0.7469 0.6143
vn -0.0000 0.7469 -0.6649
vn 0.3694 0.7469 0.5529
vn -0.1297 0.7469 0.6521
vn -0.2545 0.7469 0.6143
vn -0.1297 0.7469 -0.6521
vn 0.5528 0.7469 0.3694
vn 0.4702 0.7469 0.4702
vn -0.2545 0.7469 -0.6143
vn 0.3608 0.3331 0.8711
vn 0.1564 0.5975 0.7865
vn 0.1839 0.3331 0.9248
vn -0.7840 0.3331 -0.5238
vn 0.9429 0.3331 -0.0000
vn -0.9248 0.3331 -0.1839
vn -0.8711 0.3331 -0.3608
vn 0.9248 0.3331 -0.1839
vn -0.9429 0.3331 -0.0000
vn 0.8711 0.3331 -0.3608
vn 0.7840 0.3331 -0.5238
vn -0.9248 0.3331 0.1839
vn 0.5238 0.3331 -0.7840
vn 0.6667 0.3331 -0.6667
vn -0.7840 0.3331 0.5238
vn -0.8711 0.3331 0.3608
vn -0.0000 0.3331 0.9429
vn -0.6667 0.3331 0.6667
vn 0.3608 0.3331 -0.8711
vn -0.5238 0.3331 0.7840
vn 0.1839 0.3331 -0.9248
vn 0.5238 0.3331 0.7840
vn -0.3608 0.3331 0.8711
vn -0.0000 0.3331 -0.9429
vn 0.6667 0.3331 0.6667
vn -0.1839 0.3331 0.9248
vn -0.1839 0.3331 -0.9248
vn -0.5238 0.3331 -0.7840
vn -0.3608 0.3331 -0.8711
vn 0.7840 0.3331 0.5238
vn 0.8711 0.3331 0.3608
vn -0.6667 0.3331 -0.6667
vn -0.7071 -0.0000 -0.7071
vn -0.6052 0.6857 -0.4044
vn -0.5147 0.6857 -0.5147
vn -0.4455 0.5975 0.6667
vn -0.5670 0.5975 0.5670
vn 0.1564 0.5975 -0.7865
vn 0.3069 0.5975 0.7408
vn -0.3069 0.5975 0.7408
vn -0.0000 0.5975 -0.8019
vn 0.4455 0.5975 0.6667
vn -0.1564 0.5975 -0.7865
vn 0.5670 0.5975 0.5670
vn -0.1564 0.5975 0.7865
vn -0.4455 0.5975 -0.6667
vn -0.3069 0.5975 -0.7408
vn 0.6667 0.5975 0.4455
vn 0.7865 0.5975 0.1564
vn 0.7408 0.5975 0.3069
vn -0.5670 0.5975 -0.5670
vn -0.6667 0.5975 -0.4455
vn 0.7865 0.5975 -0.1564
vn 0.8019 0.5975 -0.0000
vn -0.7865 0.5975 -0.1564
vn -0.7408 0.5975 -0.3069
vn 0.7408 0.5975 -0.3069
vn -0.7865 0.5975 0.1564
vn -0.8019 0.5975 -0.0000
vn 0.5670 0.5975 -0.5670
vn 0.6667 0.5975 -0.4455
vn -0.7408 0.5975 0.3069
vn 0.3069 0.5975 -0.7408
vn 0.4455 0.5975 -0.6667
vn -0.0000 0.5975 0.8019
vn -0.6667 0.5975 0.4455
vn -0.7279 0.6857 -0.0000
vn -0.7139 0.6857 -0.1420
vn -0.0000 -0.0000 -1.0000
vn 0.1420 0.6857 -0.7139
vn 0.1951 -0.0000 -0.9808
vn 0.5556 -0.0000 0.8315
vn 0.2785 0.6857 0.6725
vn 0.3827 -0.0000 0.9239
vn -0.9239 -0.0000 -0.3827
vn -0.8315 -0.0000 -0.5556
vn 0.5147 0.6857 0.5147
vn 0.4044 0.6857 0.6052
vn -0.9808 -0.0000 -0.1951
vn -0.6725 0.6857 -0.2786
vn 0.7071 -0.0000 0.7071
vn 0.6052 0.6857 0.4044
vn -1.0000 -0.0000 -0.0000
vn 0.8315 -0.0000 0.5556
vn 0.6725 0.6857 0.2785
vn -0.9808 -0.0000 0.1951
vn 0.9808 -0.0000 0.1951
vn 0.9239 -0.0000 0.3827
vn -0.9239 -0.0000 0.3827
vn -0.7139 0.6857 0.1420
vn 1.0000 -0.0000 -0.0000
vn 0.7139 0.6857 0.1420
vn -0.8315 -0.0000 0.5556
vn -0.6725 0.6857 0.2785
vn 0.9808 -0.0000 -0.1951
vn 0.7279 0.6857 -0.0000
vn -0.7071 -0.0000 0.7071
vn -0.6052 0.6857 0.4044
vn 0.9239 -0.0000 -0.3827
vn 0.7139 0.6857 -0.1420
vn -0.5556 -0.0000 0.8315
vn -0.5147 0.6857 0.5147
vn 0.6052 0.6857 -0.4044
vn 0.6725 0.6857 -0.2786
vn -0.2785 0.6857 0.6725
vn -0.4044 0.6857 0.6052
vn -0.1420 0.6857 -0.7139
vn -0.0000 0.6857 -0.7279
vn 0.7071 -0.0000 -0.7071
vn 0.8315 -0.0000 -0.5556
vn -0.1951 -0.0000 0.9808
vn -0.3827 -0.0000 0.9239
vn -0.3827 -0.0000 -0.9239
vn -0.1951 -0.0000 -0.9808
vn 0.5556 -0.0000 -0.8315
vn 0.5147 0.6857 -0.5147
vn -0.0000 -0.0000 1.0000
vn -0.1420 0.6857 0.7139
vn -0.5556 -0.0000 -0.8315
vn -0.2785 0.6857 -0.6725
vn 0.3827 -0.0000 -0.9239
vn 0.4044 0.6857 -0.6052
vn 0.1420 0.6857 0.7139
vn -0.0000 0.6857 0.7279
vn -0.4044 0.6857 -0.6052
vn 0.2785 0.6857 -0.6725
vn 0.1951 -0.0000 0.9808
vn 0.8175 0.1826 -0.5462
vn 0.9083 0.1826 -0.3762
vn 0.3762 0.1826 -0.9083
vn 0.4975 0.4450 -0.7446
vn 0.5462 0.1826 -0.8175
vn -0.9832 0.1826 -0.0000
vn -0.9643 0.1826 0.1918
vn 0.6952 0.1826 -0.6952
vn -0.9083 0.1826 0.3762
vn 0.1918 0.1826 0.9643
vn -0.0000 0.1826 0.9832
vn -0.6952 0.1826 0.6952
vn -0.8175 0.1826 0.5462
vn 0.3762 0.1826 0.9083
vn 0.1918 0.1826 -0.9643
vn -0.5462 0.1826 0.8175
vn -0.0000 0.1826 -0.9832
vn 0.5462 0.1826 0.8175
vn -0.3762 0.1826 0.9083
vn -0.1918 0.1826 -0.9643
vn 0.6952 0.1826 0.6952
vn -0.1918 0.1826 0.9643
vn -0.5462 0.1826 -0.8175
vn -0.3762 0.1826 -0.9083
vn 0.8175 0.1826 0.5462
vn 0.9083 0.1826 0.3762
vn -0.6952 0.1826 -0.6952
vn 0.9643 0.1826 0.1918
vn -0.8175 0.1826 -0.5462
vn 0.9832 0.1826 -0.0000
vn -0.9083 0.1826 -0.3762
vn 0.9643 0.1826 -0.1918
vn -0.9643 0.1826 -0.1918
vn -0.0000 0.4450 -0.8955
vn -0.1632 0.5483 -0.8202
vn -0.0000 0.5483 -0.8363
vn -0.0000 0.4450 0.8955
vn -0.6332 0.4450 0.6332
vn -0.7446 0.4450 0.4975
vn 0.3427 0.4450 -0.8273
vn 0.1747 0.4450 0.8783
vn -0.4975 0.4450 0.7446
vn 0.1747 0.4450 -0.8783
vn 0.3427 0.4450 0.8273
vn -0.1747 0.4450 -0.8783
vn 0.4975 0.4450 0.7446
vn -0.1747 0.4450 0.8783
vn -0.3427 0.4450 0.8273
vn -0.3427 0.4450 -0.8273
vn 0.6332 0.4450 0.6332
vn -0.4975 0.4450 -0.7446
vn 0.7446 0.4450 0.4975
vn 0.8783 0.4450 0.1747
vn 0.8273 0.4450 0.3427
vn -0.7446 0.4450 -0.4975
vn -0.6332 0.4450 -0.6332
vn 0.8955 0.4450 -0.0000
vn 0.8783 0.4450 -0.1747
vn -0.8783 0.4450 -0.1747
vn -0.8273 0.4450 -0.3427
vn 0.7446 0.4450 -0.4975
vn 0.8273 0.4450 -0.3427
vn -0.8955 0.4450 -0.0000
vn -0.8783 0.4450 0.1747
vn 0.6332 0.4450 -0.6332
vn -0.8273 0.4450 0.3427
vn -0.5914 0.5483 -0.5914
vn -0.2700 0.8740 -0.4040
vn -0.4646 0.5483 -0.6954
vn 0.4646 0.5483 0.6954
vn -0.1632 0.5483 0.8202
vn -0.3200 0.5483 0.7726
vn -0.3201 0.5483 -0.7726
vn 0.5914 0.5483 0.5914
vn 0.6954 0.5483 0.4646
vn 0.8202 0.5483 0.1632
vn 0.7726 0.5483 0.3200
vn -0.6954 0.5483 -0.4646
vn 0.8363 0.5483 -0.0000
vn -0.8202 0.5483 -0.1632
vn -0.7726 0.5483 -0.3200
vn 0.7726 0.5483 -0.3200
vn 0.8202 0.5483 -0.1632
vn -0.8363 0.5483 -0.0000
vn -0.8202 0.5483 0.1632
vn 0.5914 0.5483 -0.5914
vn 0.6954 0.5483 -0.4646
vn 0.4646 0.5483 -0.6954
vn -0.6954 0.5483 0.4646
vn -0.7726 0.5483 0.3200
vn 0.1632 0.5483 0.8202
vn -0.0000 0.5483 0.8363
vn -0.5914 0.5483 0.5914
vn 0.3201 0.5483 -0.7726
vn 0.1632 0.5483 -0.8202
vn 0.3200 0.5483 0.7726
vn -0.4646 0.5483 0.6954
vn 0.0948 0.8740 -0.4766
vn -0.4766 0.8740 -0.0948
vn -0.0948 0.8740 0.4766
vn 0.4766 0.8740 0.0948
vn 0.4489 0.8740 0.1860
vn -0.3436 0.8740 -0.3436
vn 0.4859 0.8740 -0.0000
vn -0.4040 0.8740 -0.2700
vn 0.4766 0.8740 -0.0948
vn -0.4489 0.8740 -0.1860
vn 0.4489 0.8740 -0.1860
vn -0.4859 0.8740 -0.0000
vn 0.3436 0.8740 -0.3436
vn 0.4040 0.8740 -0.2700
vn -0.4766 0.8740 0.0948
vn 0.2700 0.8740 -0.4040
vn -0.4489 0.8740 0.1860
vn -0.0000 0.8741 0.4858
vn -0.3436 0.8740 0.3436
vn -0.4040 0.8740 0.2700
vn 0.1860 0.8740 -0.4488
vn 0.0948 0.8740 0.4766
vn -0.2700 0.8740 0.4040
vn -0.0000 0.8741 -0.4857
vn 0.2700 0.8740 0.4040
vn 0.1860 0.8740 0.4488
vn -0.1860 0.8741 0.4488
vn -0.0948 0.8740 -0.4766
vn 0.3436 0.8740 0.3436
vn -0.1860 0.8741 -0.4487
vn 0.4040 0.8740 0.2700
vn 0.5657 0.6000 0.5657
vn 0.8000 0.6000 -0.0000
vn 0.5657 0.6000 -0.5657
vn -0.0000 0.6000 -0.8000
vn -0.5657 0.6000 -0.5657
vn -0.8000 0.6000 -0.0000
vn -0.5657 0.6000 0.5657
vn -0.0000 0.6000 0.8000
vn 0.8492 -0.3939 0.3517
vn 0.8782 -0.3106 0.3638
vn 0.7654 -0.3516 0.5391
vn 0.5391 -0.3516 0.7654
vn 0.6758 -0.2942 0.6758
vn 0.3638 -0.3106 0.8782
vn 0.3517 -0.3939 0.8492
vn 0.1600 -0.3516 0.9224
vn -0.0000 -0.2942 0.9558
vn -0.3638 -0.3106 0.8782
vn -0.1600 -0.3516 0.9224
vn -0.3517 -0.3939 0.8492
vn 0.9224 -0.3516 0.1600
vn 0.9558 -0.2942 -0.0000
vn 0.8782 -0.3106 -0.3638
vn 0.9224 -0.3516 -0.1600
vn 0.8492 -0.3939 -0.3517
vn 0.7654 -0.3516 -0.5391
vn 0.6758 -0.2942 -0.6758
vn 0.3638 -0.3106 -0.8782
vn 0.5391 -0.3516 -0.7654
vn 0.3517 -0.3939 -0.8492
vn 0.1600 -0.3516 -0.9224
vn -0.0000 -0.2942 -0.9558
vn -0.3638 -0.3106 -0.8782
vn -0.1600 -0.3516 -0.9224
vn -0.3517 -0.3939 -0.8492
vn -0.5391 -0.3516 -0.7654
vn -0.6758 -0.2942 -0.6758
vn -0.8782 -0.3106 -0.3638
vn -0.7654 -0.3516 -0.5391
vn -0.8492 -0.3939 -0.3517
vn -0.9224 -0.3516 -0.1600
vn -0.9558 -0.2942 -0.0000
vn -0.8782 -0.3106 0.3638
vn -0.9224 -0.3516 0.1600
vn -0.8492 -0.3939 0.3517
vn -0.7654 -0.3516 0.5391
vn -0.6758 -0.2942 0.6758
vn -0.5391 -0.3516 0.7654
vn 0.1324 -0.7345 0.6656
vn -0.0000 -0.2715 0.9625
vn -0.0000 -0.7345 0.6786
vn 0.2597 -0.7345 0.6270
vn 0.1878 -0.2715 0.9440
vn 0.3770 -0.7345 0.5643
vn 0.3683 -0.2715 0.8892
vn 0.4799 -0.7345 0.4799
vn 0.5347 -0.2715 0.8002
vn 0.8002 -0.2715 0.5347
vn 0.6806 -0.2715 0.6806
vn 0.5643 -0.7345 0.3770
vn 0.8892 -0.2715 0.3683
vn 0.6270 -0.7345 0.2597
vn 0.9440 -0.2715 0.1878
vn 0.6786 -0.7345 -0.0000
vn 0.6656 -0.7345 0.1324
vn 0.6656 -0.7345 -0.1324
vn 0.9624 -0.2715 -0.0000
vn 0.8892 -0.2715 -0.3683
vn 0.9440 -0.2715 -0.1878
vn 0.5643 -0.7345 -0.3770
vn 0.6270 -0.7345 -0.2597
vn 0.4799 -0.7345 -0.4799
vn 0.8002 -0.2715 -0.5347
vn 0.5347 -0.2715 -0.8002
vn 0.6806 -0.2715 -0.6806
vn 0.2597 -0.7345 -0.6270
vn 0.3770 -0.7345 -0.5643
vn 0.1324 -0.7345 -0.6656
vn 0.3683 -0.2715 -0.8892
vn -0.0000 -0.7345 -0.6786
vn 0.1878 -0.2715 -0.9440
vn -0.1324 -0.7345 -0.6656
vn -0.0000 -0.2715 -0.9625
vn -0.3683 -0.2715 -0.8892
vn -0.1878 -0.2715 -0.9440
vn -0.3770 -0.7345 -0.5643
vn -0.2597 -0.7345 -0.6270
vn -0.4799 -0.7345 -0.4799
vn -0.5347 -0.2715 -0.8002
vn -0.8002 -0.2715 -0.5347
vn -0.6806 -0.2715 -0.6806
vn -0.5643 -0.7345 -0.3770
vn -0.8892 -0.2715 -0.3683
vn -0.6656 -0.7345 -0.1324
vn -0.6270 -0.7345 -0.2597
vn -0.6786 -0.7345 -0.0000
vn -0.9440 -0.2715 -0.1878
vn -0.6656 -0.7345 0.1324
vn -0.9624 -0.2715 -0.0000
vn -0.6270 -0.7345 0.2597
vn -0.9440 -0.2715 0.1878
vn -0.5643 -0.7345 0.3770
vn -0.8892 -0.2715 0.3683
vn -0.4799 -0.7345 0.4799
vn -0.8002 -0.2715 0.5347
vn -0.3770 -0.7345 0.5643
vn -0.6806 -0.2715 0.6806
vn -0.2597 -0.7345 0.6270
vn -0.5347 -0.2715 0.8002
vn -0.1878 -0.2715 0.9440
vn -0.3683 -0.2715 0.8892
vn -0.1324 -0.7345 0.6656
vn -0.0000 -0.8982 0.4395
vn -0.0857 -0.8982 0.4311
vn 0.0857 -0.8982 0.4311
vn 0.1682 -0.8982 0.4061
vn 0.2442 -0.8982 0.3654
vn 0.3108 -0.8982 0.3108
vn 0.3654 -0.8982 0.2442
vn 0.4061 -0.8982 0.1682
vn 0.4395 -0.8982 -0.0000
vn 0.4311 -0.8982 0.0857
vn 0.4311 -0.8982 -0.0857
vn 0.3654 -0.8982 -0.2442
vn 0.4061 -0.8982 -0.1682
vn 0.2442 -0.8982 -0.3654
vn 0.3108 -0.8982 -0.3108
vn 0.0857 -0.8982 -0.4311
vn 0.1682 -0.8982 -0.4061
vn -0.0857 -0.8982 -0.4311
vn -0.0000 -0.8982 -0.4395
vn -0.2442 -0.8982 -0.3654
vn -0.1682 -0.8982 -0.4061
vn -0.3654 -0.8982 -0.2442
vn -0.3108 -0.8982 -0.3108
vn -0.4311 -0.8982 -0.0857
vn -0.4061 -0.8982 -0.1682
vn -0.4395 -0.8982 -0.0000
vn -0.4311 -0.8982 0.0857
vn -0.4061 -0.8982 0.1682
vn -0.3654 -0.8982 0.2442
vn -0.3108 -0.8982 0.3108
vn -0.2442 -0.8982 0.3654
vn -0.1682 -0.8982 0.4061
vt 0.375864 0.956499
vt 0.393662 0.945089
vt 0.395868 0.951107
vt 0.392239 0.906517
vt 0.382333 0.916032
vt 0.380868 0.912279
vt 0.462244 0.873241
vt 0.456655 0.852045
vt 0.463274 0.851889
vt 0.420877 0.852844
vt 0.424007 0.866275
vt 0.419956 0.865543
vt 0.368594 0.915746
vt 0.369322 0.919694
vt 0.354751 0.747500
vt 0.335390 0.755307
vt 0.334353 0.749031
vt 0.420270 0.879283
vt 0.416435 0.877747
vt 0.355882 0.920801
vt 0.355896 0.916799
vt 0.257232 0.894691
vt 0.256406 0.873253
vt 0.263014 0.891919
vt 0.413865 0.891208
vt 0.410445 0.888929
vt 0.414856 0.941844
vt 0.411422 0.936339
vt 0.342474 0.919359
vt 0.343251 0.915447
vt 0.453763 0.832261
vt 0.460064 0.830716
vt 0.402258 0.898651
vt 0.405123 0.901551
vt 0.329574 0.915469
vt 0.331071 0.911782
vt 0.316553 0.760438
vt 0.314349 0.754420
vt 0.317627 0.909255
vt 0.319782 0.905900
vt 0.272917 0.908749
vt 0.267791 0.912518
vt 0.307034 0.900922
vt 0.309792 0.898023
vt 0.447159 0.813600
vt 0.452939 0.810828
vt 0.431935 0.928924
vt 0.427307 0.924191
vt 0.298187 0.890728
vt 0.301466 0.888407
vt 0.298788 0.769185
vt 0.295357 0.763679
vt 0.295086 0.877372
vt 0.291410 0.879019
vt 0.281328 0.927866
vt 0.285689 0.923263
vt 0.287014 0.866190
vt 0.290964 0.865297
vt 0.437261 0.796776
vt 0.442387 0.793006
vt 0.285201 0.852744
vt 0.289278 0.852664
vt 0.282896 0.781331
vt 0.278268 0.776595
vt 0.286157 0.839244
vt 0.290204 0.839977
vt 0.300917 0.935066
vt 0.297534 0.940310
vt 0.289902 0.826243
vt 0.293736 0.827779
vt 0.039256 0.936182
vt 0.037547 0.964302
vt 0.024379 0.947037
vt 0.182236 0.828681
vt 0.160560 0.826903
vt 0.170322 0.816042
vt 0.149524 0.962857
vt 0.139871 0.987747
vt 0.133039 0.968789
vt 0.940339 0.607004
vt 0.902295 0.637491
vt 0.925110 0.596515
vt 0.065330 0.959349
vt 0.051255 0.948829
vt 0.164475 0.953767
vt 0.159785 0.979411
vt 0.893953 0.633696
vt 0.908174 0.589026
vt 0.074734 0.987643
vt 0.055505 0.976607
vt 0.177593 0.941981
vt 0.177521 0.967436
vt 0.884968 0.631613
vt 0.890118 0.585098
vt 0.098225 0.970496
vt 0.081374 0.966470
vt 0.187928 0.927665
vt 0.192475 0.952361
vt 0.871664 0.584889
vt 0.875809 0.631634
vt 0.212127 0.915506
vt 0.204134 0.934818
vt 0.866864 0.633142
vt 0.853636 0.588198
vt 0.195174 0.911687
vt 0.216231 0.895173
vt 0.858332 0.636388
vt 0.836639 0.594916
vt 0.199881 0.877320
vt 0.199119 0.894691
vt 0.821358 0.605100
vt 0.850583 0.641238
vt 0.787008 0.684799
vt 0.834205 0.689897
vt 0.790046 0.702237
vt 0.197118 0.860157
vt 0.216365 0.874570
vt 0.843933 0.647486
vt 0.808280 0.617949
vt 0.837329 0.698344
vt 0.796297 0.719032
vt 0.191338 0.843713
vt 0.212587 0.854452
vt 0.838638 0.654895
vt 0.798163 0.632964
vt 0.842087 0.706116
vt 0.805818 0.734483
vt 0.205087 0.835530
vt 0.791214 0.649557
vt 0.834891 0.663185
vt 0.848346 0.712895
vt 0.818357 0.747793
vt 0.181050 0.802605
vt 0.194188 0.818478
vt 0.832823 0.672060
vt 0.787552 0.667080
vt 0.833327 0.758379
vt 0.855993 0.718111
vt 0.156569 0.805631
vt 0.913020 0.660951
vt 0.924084 0.665446
vt 0.915641 0.667796
vt 0.909081 0.654725
vt 0.920709 0.657024
vt 0.909660 0.642828
vt 0.916009 0.649307
vt 0.897992 0.645132
vt 0.904004 0.649409
vt 0.883990 0.640447
vt 0.891229 0.642093
vt 0.876583 0.640302
vt 0.869269 0.641575
vt 0.862324 0.644225
vt 0.842538 0.687671
vt 0.832789 0.681090
vt 0.841326 0.680401
vt 0.850579 0.653200
vt 0.856009 0.648169
vt 0.845172 0.694556
vt 0.849107 0.700817
vt 0.846258 0.659187
vt 0.854210 0.706178
vt 0.925733 0.674461
vt 0.916899 0.675082
vt 0.925347 0.683603
vt 0.916656 0.682435
vt 0.915001 0.689608
vt 0.923191 0.692426
vt 0.911974 0.696385
vt 0.919625 0.700773
vt 0.914249 0.708186
vt 0.907626 0.702356
vt 0.902254 0.707468
vt 0.907557 0.714407
vt 0.899806 0.719182
vt 0.895915 0.711321
vt 0.888950 0.713873
vt 0.891240 0.722372
vt 0.882261 0.723828
vt 0.881667 0.715166
vt 0.874263 0.714927
vt 0.873289 0.723487
vt 0.864447 0.721682
vt 0.867052 0.713337
vt 0.860291 0.710357
vt 0.841539 0.673070
vt 0.843207 0.665897
vt 0.115688 0.971404
vt 0.118515 0.992042
vt 0.029569 0.921210
vt 0.014887 0.928240
vt 0.962492 0.636311
vt 0.952863 0.620584
vt 0.096519 0.992042
vt 0.007388 0.908927
vt 0.023580 0.904266
vt 0.968794 0.653410
vt 0.003701 0.888340
vt 0.021174 0.886634
vt 0.971416 0.671301
vt 0.004064 0.867233
vt 0.022286 0.869145
vt 0.971008 0.689279
vt 0.026517 0.852242
vt 0.008564 0.846397
vt 0.966992 0.706764
vt 0.019104 0.827939
vt 0.033897 0.836217
vt 0.031097 0.810875
vt 0.044626 0.822179
vt 0.949300 0.737983
vt 0.959614 0.723175
vt 0.046286 0.796314
vt 0.057648 0.810651
vt 0.064181 0.784866
vt 0.072415 0.801785
vt 0.921073 0.760504
vt 0.936218 0.750523
vt 0.088592 0.795612
vt 0.084618 0.779252
vt 0.904141 0.767129
vt 0.106063 0.792618
vt 0.105123 0.777354
vt 0.886063 0.770336
vt 0.125388 0.777968
vt 0.123842 0.793610
vt 0.867750 0.770169
vt 0.145296 0.782472
vt 0.140828 0.797991
vt 0.849988 0.765997
vt 0.164093 0.790768
vt 0.036218 0.871340
vt 0.069303 0.883921
vt 0.035301 0.886145
vt 0.037267 0.900873
vt 0.178187 0.849938
vt 0.170813 0.837305
vt 0.183064 0.863725
vt 0.039721 0.856970
vt 0.185373 0.878175
vt 0.046169 0.843668
vt 0.185128 0.892838
vt 0.055196 0.831994
vt 0.181781 0.907139
vt 0.065972 0.822003
vt 0.167113 0.932561
vt 0.175726 0.920574
vt 0.078796 0.814870
vt 0.085893 0.953101
vt 0.100240 0.956543
vt 0.092443 0.809421
vt 0.143326 0.949823
vt 0.156127 0.942411
vt 0.106955 0.806931
vt 0.072393 0.947081
vt 0.121644 0.807953
vt 0.060571 0.938201
vt 0.114939 0.957415
vt 0.129494 0.955050
vt 0.135937 0.811403
vt 0.042475 0.914833
vt 0.050341 0.927460
vt 0.149025 0.817961
vt 0.089684 0.917491
vt 0.102426 0.905893
vt 0.096892 0.921297
vt 0.149468 0.863585
vt 0.069310 0.875633
vt 0.153324 0.879892
vt 0.152669 0.871414
vt 0.071654 0.867736
vt 0.152956 0.888202
vt 0.074807 0.860194
vt 0.079486 0.853238
vt 0.150580 0.896117
vt 0.092936 0.843398
vt 0.085831 0.847785
vt 0.142109 0.909887
vt 0.146928 0.903438
vt 0.104982 0.923203
vt 0.136182 0.915406
vt 0.100792 0.840523
vt 0.129105 0.919754
vt 0.108918 0.839679
vt 0.082878 0.912826
vt 0.121283 0.922498
vt 0.117173 0.839751
vt 0.077519 0.906489
vt 0.113208 0.923352
vt 0.125071 0.842169
vt 0.139348 0.850423
vt 0.132625 0.845418
vt 0.073188 0.899515
vt 0.070806 0.891850
vt 0.144933 0.856624
vt 0.111128 0.522524
vt 0.140458 0.528683
vt 0.119004 0.537104
vt 0.122098 0.905149
vt 0.126334 0.902446
vt 0.109711 0.855920
vt 0.097851 0.903782
vt 0.117297 0.906716
vt 0.114781 0.856125
vt 0.093768 0.900822
vt 0.119745 0.857272
vt 0.090367 0.897101
vt 0.112317 0.907495
vt 0.128628 0.862339
vt 0.124402 0.859400
vt 0.087975 0.892680
vt 0.085423 0.883051
vt 0.086245 0.887989
vt 0.131965 0.866266
vt 0.134555 0.870707
vt 0.086705 0.873109
vt 0.085591 0.878029
vt 0.137063 0.880622
vt 0.136216 0.875569
vt 0.088795 0.868496
vt 0.135353 0.890609
vt 0.136585 0.885699
vt 0.095517 0.860923
vt 0.091765 0.864367
vt 0.133068 0.895088
vt 0.104696 0.856691
vt 0.099829 0.858206
vt 0.107272 0.907315
vt 0.129946 0.898991
vt 0.208829 0.530581
vt 0.183390 0.545678
vt 0.186320 0.525451
vt 0.044976 0.599608
vt 0.054991 0.627178
vt 0.039793 0.625071
vt 0.255942 0.752918
vt 0.260128 0.719454
vt 0.275844 0.733271
vt 0.161040 0.509421
vt 0.135852 0.514497
vt 0.223998 0.747352
vt 0.243354 0.735099
vt 0.186960 0.509299
vt 0.163239 0.524811
vt 0.231457 0.766140
vt 0.202486 0.755636
vt 0.212624 0.514242
vt 0.205463 0.774081
vt 0.179657 0.759570
vt 0.237026 0.524167
vt 0.152491 0.776347
vt 0.179017 0.776744
vt 0.259197 0.538771
vt 0.229911 0.540015
vt 0.127177 0.768762
vt 0.156544 0.758760
vt 0.278236 0.557581
vt 0.248690 0.553322
vt 0.102952 0.758325
vt 0.134018 0.753658
vt 0.293341 0.579947
vt 0.264528 0.570081
vt 0.082577 0.741735
vt 0.113072 0.744076
vt 0.303844 0.605073
vt 0.276787 0.589618
vt 0.078366 0.714043
vt 0.094268 0.730781
vt 0.289034 0.633846
vt 0.284967 0.611072
vt 0.069471 0.583784
vt 0.060209 0.604816
vt 0.052164 0.700499
vt 0.066160 0.721951
vt 0.306975 0.658675
vt 0.306975 0.631943
vt 0.071098 0.555382
vt 0.056824 0.576645
vt 0.042438 0.676424
vt 0.066208 0.694369
vt 0.301713 0.685159
vt 0.288338 0.657055
vt 0.089397 0.537079
vt 0.082850 0.565037
vt 0.039635 0.650740
vt 0.058181 0.672882
vt 0.273564 0.700751
vt 0.283123 0.679651
vt 0.099579 0.549280
vt 0.054241 0.650208
vt 0.291249 0.710364
vt 0.234936 0.568488
vt 0.212927 0.606040
vt 0.202836 0.596864
vt 0.197570 0.735747
vt 0.201992 0.549825
vt 0.178791 0.739036
vt 0.219360 0.557557
vt 0.159757 0.738587
vt 0.141158 0.734435
vt 0.248109 0.582265
vt 0.123735 0.726737
vt 0.265159 0.616090
vt 0.258342 0.598346
vt 0.095010 0.702021
vt 0.108141 0.715785
vt 0.086999 0.594396
vt 0.079311 0.611843
vt 0.268465 0.634876
vt 0.077976 0.668183
vt 0.084866 0.685943
vt 0.268034 0.653943
vt 0.097944 0.578795
vt 0.263887 0.672533
vt 0.111719 0.565635
vt 0.074683 0.649412
vt 0.256153 0.689918
vt 0.127792 0.555417
vt 0.075123 0.630386
vt 0.245205 0.705527
vt 0.145564 0.548526
vt 0.231422 0.718617
vt 0.164339 0.545239
vt 0.215343 0.728850
vt 0.225428 0.630786
vt 0.206994 0.627212
vt 0.221095 0.617987
vt 0.159106 0.695694
vt 0.147223 0.691362
vt 0.220094 0.616816
vt 0.136605 0.684306
vt 0.119847 0.623031
vt 0.116744 0.636581
vt 0.127138 0.674720
vt 0.128015 0.675096
vt 0.125519 0.611920
vt 0.226344 0.645791
vt 0.120806 0.663548
vt 0.223356 0.659596
vt 0.133698 0.602203
vt 0.117151 0.650072
vt 0.223167 0.661451
vt 0.143023 0.595158
vt 0.117097 0.636271
vt 0.215809 0.674712
vt 0.216490 0.673850
vt 0.153760 0.590199
vt 0.165760 0.587634
vt 0.206908 0.684366
vt 0.177845 0.587780
vt 0.195742 0.691649
vt 0.190162 0.590875
vt 0.183692 0.695882
vt 0.191315 0.590694
vt 0.170876 0.697175
vt 0.208892 0.648958
vt 0.189247 0.648057
vt 0.190025 0.644509
vt 0.133986 0.634901
vt 0.139796 0.663663
vt 0.144997 0.669256
vt 0.209005 0.634109
vt 0.136051 0.627529
vt 0.136209 0.656853
vt 0.209697 0.641673
vt 0.139332 0.620983
vt 0.207096 0.656274
vt 0.144201 0.615355
vt 0.133423 0.642246
vt 0.134084 0.649703
vt 0.203796 0.663146
vt 0.149967 0.610749
vt 0.199060 0.669483
vt 0.156592 0.607363
vt 0.171046 0.604379
vt 0.163572 0.604999
vt 0.186639 0.677684
vt 0.193244 0.673987
vt 0.178393 0.604816
vt 0.186094 0.606671
vt 0.171773 0.680538
vt 0.179319 0.679681
vt 0.198336 0.615044
vt 0.192605 0.610224
vt 0.164515 0.679656
vt 0.157344 0.677356
vt 0.203002 0.620729
vt 0.150600 0.673982
vt 0.182941 0.656892
vt 0.176394 0.646402
vt 0.185612 0.654403
vt 0.157621 0.629914
vt 0.152943 0.643342
vt 0.153606 0.646899
vt 0.187702 0.651402
vt 0.160250 0.627454
vt 0.163376 0.625565
vt 0.170386 0.623675
vt 0.166767 0.624286
vt 0.179833 0.658794
vt 0.174043 0.623756
vt 0.172743 0.660680
vt 0.176345 0.660065
vt 0.180803 0.626108
vt 0.177582 0.624597
vt 0.169119 0.660551
vt 0.165514 0.659686
vt 0.186307 0.630807
vt 0.183824 0.628183
vt 0.188262 0.633877
vt 0.159300 0.656013
vt 0.162248 0.658158
vt 0.153912 0.636172
vt 0.153095 0.639729
vt 0.156772 0.653411
vt 0.189531 0.637270
vt 0.190134 0.640893
vt 0.155420 0.632872
vt 0.154812 0.650315
vt 0.177993 0.641751
vt 0.171950 0.648551
vt 0.165103 0.642515
vt 0.171186 0.635735
vt 0.169911 0.635948
vt 0.175469 0.647259
vt 0.172441 0.635783
vt 0.174356 0.647918
vt 0.173707 0.636060
vt 0.173192 0.648356
vt 0.174818 0.636595
vt 0.170698 0.648484
vt 0.176690 0.638249
vt 0.175847 0.637326
vt 0.169429 0.648202
vt 0.177346 0.639333
vt 0.168317 0.647667
vt 0.165173 0.641256
vt 0.166443 0.646002
vt 0.167293 0.646930
vt 0.177759 0.640521
vt 0.165448 0.640038
vt 0.165752 0.644940
vt 0.177962 0.643005
vt 0.166707 0.637882
vt 0.166013 0.638888
vt 0.165292 0.643765
vt 0.177652 0.644233
vt 0.167672 0.637020
vt 0.177126 0.645378
vt 0.168785 0.636360
vt 0.539506 0.692008
vt 0.644947 0.631690
vt 0.644947 0.693579
vt 0.539506 0.628040
vt 0.644947 0.565302
vt 0.539506 0.562980
vt 0.644947 0.500188
vt 0.539506 0.999011
vt 0.644947 0.937959
vt 0.644947 0.999011
vt 0.539506 0.876337
vt 0.644947 0.873381
vt 0.539506 0.815988
vt 0.644947 0.810849
vt 0.644947 0.752256
vt 0.539506 0.754696
vt 0.690069 0.507246
vt 0.781598 0.545159
vt 0.743685 0.636688
vt 0.449802 0.787529
vt 0.461325 0.806776
vt 0.290405 0.755634
vt 0.275022 0.934551
vt 0.456567 0.894049
vt 0.472003 0.874904
vt 0.465960 0.897871
vt 0.375035 0.749910
vt 0.354906 0.738314
vt 0.376857 0.741048
vt 0.250105 0.874799
vt 0.237283 0.853911
vt 0.246896 0.853623
vt 0.887391 0.882573
vt 0.918719 0.908755
vt 0.917453 0.912700
vt 0.377349 0.965600
vt 0.500218 0.627909
vt 0.500218 0.643924
vt 0.500218 0.676099
vt 0.500218 0.659998
vt 0.500218 0.692220
vt 0.500218 0.708303
vt 0.500218 0.724314
vt 0.500218 0.740233
vt 0.500218 0.756058
vt 0.500218 0.611996
vt 0.500218 0.596240
vt 0.500218 0.580524
vt 0.500218 0.565051
vt 0.500218 0.549857
vt 0.500218 0.534876
vt 0.539506 0.500188
vt 0.500218 0.515208
vt 0.500218 0.500188
vt 0.500218 0.999011
vt 0.500218 0.982069
vt 0.500218 0.965665
vt 0.539506 0.937987
vt 0.500218 0.951291
vt 0.500218 0.936737
vt 0.500218 0.922029
vt 0.500218 0.907228
vt 0.500218 0.892578
vt 0.500218 0.877862
vt 0.500218 0.863092
vt 0.500218 0.848276
vt 0.500218 0.833202
vt 0.500218 0.818014
vt 0.500218 0.802709
vt 0.500218 0.787292
vt 0.500218 0.771750
vt 0.772829 0.665542
vt 0.782798 0.685116
vt 0.772582 0.685859
vt 0.776888 0.645190
vt 0.783331 0.666608
vt 0.784801 0.625852
vt 0.787127 0.648301
vt 0.796373 0.608291
vt 0.794364 0.630933
vt 0.818595 0.601717
vt 0.804918 0.615185
vt 0.811492 0.592942
vt 0.834600 0.591025
vt 0.829705 0.581433
vt 0.852419 0.584003
vt 0.870230 0.569358
vt 0.849329 0.573484
vt 0.891828 0.569875
vt 0.871266 0.580544
vt 0.909530 0.584820
vt 0.890602 0.580687
vt 0.932812 0.582788
vt 0.912925 0.574206
vt 0.950399 0.595423
vt 0.927250 0.592666
vt 0.956371 0.617927
vt 0.943258 0.603638
vt 0.976573 0.629588
vt 0.965186 0.611152
vt 0.983358 0.649757
vt 0.966406 0.634407
vt 0.986658 0.670358
vt 0.973002 0.652325
vt 0.985658 0.691153
vt 0.975699 0.671025
vt 0.971067 0.708127
vt 0.975273 0.689805
vt 0.972764 0.730514
vt 0.981223 0.711444
vt 0.960914 0.747811
vt 0.963349 0.725283
vt 0.938913 0.753886
vt 0.952590 0.740777
vt 0.945795 0.762555
vt 0.923083 0.764366
vt 0.908458 0.781818
vt 0.927969 0.773853
vt 0.887310 0.785889
vt 0.905344 0.771320
vt 0.865888 0.785169
vt 0.886432 0.774683
vt 0.845210 0.780547
vt 0.867237 0.774515
vt 0.825575 0.772015
vt 0.848604 0.770136
vt 0.808172 0.759458
vt 0.831151 0.762184
vt 0.793580 0.743719
vt 0.815493 0.751090
vt 0.782651 0.725496
vt 0.802367 0.737136
vt 0.785952 0.703343
vt 0.792429 0.720920
vt 0.775738 0.705920
vt 0.762803 0.686574
vt 0.765801 0.708385
vt 0.762597 0.664552
vt 0.766520 0.642030
vt 0.775815 0.621078
vt 0.787985 0.601609
vt 0.804376 0.584138
vt 0.824854 0.571815
vt 0.869198 0.558661
vt 0.846425 0.563635
vt 0.893110 0.558661
vt 0.938352 0.572975
vt 0.916122 0.564158
vt 0.974183 0.604251
vt 0.957358 0.587439
vt 0.993623 0.647259
vt 0.986388 0.625030
vt 0.996345 0.692546
vt 0.996701 0.669760
vt 0.982243 0.735793
vt 0.990837 0.714590
vt 0.952597 0.771142
vt 0.968760 0.754416
vt 0.911557 0.792082
vt 0.932652 0.782996
vt 0.888154 0.797095
vt 0.864503 0.795462
vt 0.841890 0.790681
vt 0.820249 0.781365
vt 0.801000 0.767628
vt 0.784585 0.750447
vt 0.773027 0.729942
vt 0.962005 0.800921
vt 0.989730 0.833089
vt 0.961114 0.803217
vt 0.917210 0.801464
vt 0.918361 0.803786
vt 0.885481 0.837226
vt 0.887910 0.838120
vt 0.885061 0.883563
vt 0.916619 0.915028
vt 0.959854 0.912149
vt 0.958764 0.909950
vt 0.992047 0.879343
vt 0.989631 0.878424
vt 0.438616 0.935841
vt 0.488278 0.906951
vt 0.406075 0.980204
vt 0.405635 0.728609
vt 0.480554 0.797126
vt 0.435160 0.770983
vt 0.221904 0.798547
vt 0.304153 0.725320
vt 0.271589 0.769673
vt 0.304565 0.976940
vt 0.229606 0.908397
vt 0.355307 0.967220
vt 0.472887 0.851600
vt 0.355461 0.958031
vt 0.891260 0.880799
vt 0.238172 0.830604
vt 0.247931 0.832270
vt 0.394517 0.755918
vt 0.397902 0.747603
vt 0.985080 0.876606
vt 0.985848 0.834767
vt 0.446096 0.912910
vt 0.454249 0.918534
vt 0.260372 0.917998
vt 0.311177 0.745661
vt 0.469225 0.828416
vt 0.333349 0.964491
vt 0.335171 0.955625
vt 0.892061 0.839536
vt 0.244223 0.807636
vt 0.253616 0.811462
vt 0.412657 0.765225
vt 0.417542 0.757610
vt 0.419809 0.949886
vt 0.957205 0.906673
vt 0.248844 0.898745
vt 0.332869 0.739931
vt 0.312296 0.957937
vt 0.315681 0.949618
vt 0.920501 0.808192
vt 0.255945 0.786976
vt 0.264096 0.792604
vt 0.428856 0.777666
vt 0.399042 0.959865
vt 0.240943 0.877099
vt 0.292648 0.947929
vt 0.959750 0.806550
vt 0.395653 0.891897
vt 0.402592 0.883654
vt 0.407650 0.874174
vt 0.410631 0.863837
vt 0.411414 0.853066
vt 0.409999 0.842309
vt 0.406489 0.831999
vt 0.419201 0.840207
vt 0.401043 0.822538
vt 0.415091 0.828135
vt 0.400396 0.807481
vt 0.393889 0.814270
vt 0.385295 0.807494
vt 0.375583 0.802434
vt 0.390399 0.799620
vt 0.365099 0.799274
vt 0.379122 0.793741
vt 0.354297 0.788718
vt 0.354214 0.798125
vt 0.343317 0.799049
vt 0.332808 0.802020
vt 0.341607 0.789788
vt 0.317981 0.799017
vt 0.323096 0.806945
vt 0.314571 0.813648
vt 0.307605 0.821892
vt 0.307965 0.806883
vt 0.302513 0.831363
vt 0.299519 0.841688
vt 0.298724 0.852435
vt 0.300161 0.863185
vt 0.303691 0.873499
vt 0.309152 0.882970
vt 0.316304 0.891240
vt 0.324896 0.898023
vt 0.334608 0.903085
vt 0.345091 0.906243
vt 0.355984 0.907392
vt 0.366890 0.906476
vt 0.377406 0.903507
vt 0.387135 0.898588
vt 0.394441 0.909914
vt 0.374826 0.950223
vt 0.355553 0.951694
vt 0.336410 0.949508
vt 0.318014 0.943884
vt 0.253516 0.853467
vt 0.254663 0.833469
vt 0.260087 0.814095
vt 0.296316 0.814327
vt 0.269738 0.796444
vt 0.305082 0.803994
vt 0.315775 0.795622
vt 0.327883 0.789500
vt 0.340898 0.785837
vt 0.354658 0.753839
vt 0.354331 0.784718
vt 0.367726 0.786162
vt 0.392185 0.761651
vt 0.380621 0.790057
vt 0.409275 0.770469
vt 0.392571 0.796276
vt 0.424498 0.782267
vt 0.403166 0.804597
vt 0.412001 0.814785
vt 0.418767 0.826489
vt 0.423154 0.839318
vt 0.424960 0.852767
vt 0.455511 0.872043
vt 0.450095 0.891419
vt 0.373793 0.756025
vt 0.408723 0.817102
vt 0.440453 0.909073
vt 0.366945 0.790073
vt 0.329346 0.793253
vt 0.299750 0.816594
vt 0.730544 0.640675
vt 0.716877 0.642021
vt 0.703210 0.640675
vt 0.690069 0.636688
vt 0.677957 0.630215
vt 0.667342 0.621503
vt 0.658630 0.610887
vt 0.652156 0.598776
vt 0.648170 0.585634
vt 0.646824 0.571967
vt 0.648170 0.558300
vt 0.652156 0.545159
vt 0.658630 0.533048
vt 0.667342 0.522432
vt 0.677957 0.513720
vt 0.703210 0.503260
vt 0.716877 0.501914
vt 0.730544 0.503260
vt 0.743685 0.507246
vt 0.755796 0.513720
vt 0.766412 0.522432
vt 0.775124 0.533048
vt 0.785584 0.558300
vt 0.786930 0.571967
vt 0.785584 0.585634
vt 0.781598 0.598776
vt 0.775124 0.610887
vt 0.766412 0.621503
vt 0.755796 0.630215
vt 0.992047 0.832142
s 1
usemtl Material
f 8/1/1 676/2/1 6/3/1
f 642/4/2 707/5/2 643/6/2
f 60/7/1 702/8/1 58/9/1
f 669/10/2 734/11/2 670/12/2
f 644/13/2 707/5/2 708/14/2
f 42/15/1 693/16/1 40/17/1
f 670/12/2 735/18/2 671/19/2
f 644/13/2 709/20/2 645/21/2
f 22/22/1 685/23/1 684/24/1
f 671/19/2 736/25/2 672/26/2
f 4/27/1 676/2/1 673/28/1
f 645/21/2 710/29/2 646/30/2
f 58/9/1 701/31/1 56/32/1
f 641/33/2 736/25/2 675/34/2
f 646/30/2 711/35/2 647/36/2
f 40/17/1 692/37/1 38/38/1
f 647/36/2 712/39/2 648/40/2
f 22/22/1 683/41/1 20/42/1
f 648/40/2 713/43/2 649/44/2
f 56/32/1 700/45/1 54/46/1
f 2/47/1 673/28/1 674/48/1
f 649/44/2 714/49/2 650/50/2
f 38/38/1 691/51/1 36/52/1
f 651/53/2 714/49/2 715/54/2
f 18/55/1 683/41/1 682/56/1
f 651/53/2 716/57/2 652/58/2
f 54/46/1 699/59/1 52/60/1
f 652/58/2 717/61/2 653/62/2
f 36/52/1 690/63/1 34/64/1
f 653/62/2 718/65/2 654/66/2
f 18/55/1 681/67/1 16/68/1
f 654/66/2 719/69/2 655/70/2
f 69/71/3 132/72/4 133/73/5
f 85/74/6 212/75/7 84/76/8
f 94/77/9 159/78/10 95/79/11
f 109/80/12 162/81/13 108/82/14
f 67/83/15 132/72/4 68/84/16
f 93/85/17 158/86/18 94/77/9
f 108/82/14 163/87/19 107/88/20
f 67/83/15 130/89/21 131/90/22
f 92/91/23 157/92/24 93/85/17
f 107/88/20 164/93/25 106/94/26
f 65/95/27 130/89/21 66/96/28
f 91/97/29 156/98/30 92/91/23
f 105/99/31 164/93/25 165/100/32
f 91/97/29 154/101/33 155/102/34
f 105/99/31 166/103/35 104/104/36
f 90/105/37 153/106/38 154/101/33
f 104/104/36 167/107/39 103/108/40
f 88/109/41 153/106/38 89/110/42
f 102/111/43 167/107/39 169/112/44
f 97/113/45 170/114/46 128/115/47
f 87/116/48 152/117/49 88/109/41
f 102/111/43 171/118/50 101/119/51
f 128/115/47 172/120/52 127/121/53
f 86/122/54 151/123/55 87/116/48
f 101/119/51 173/124/56 100/125/57
f 127/121/53 175/126/58 126/127/59
f 85/74/6 150/128/60 86/122/54
f 99/129/61 173/124/56 174/130/62
f 126/127/59 176/131/63 125/132/64
f 85/74/6 148/133/65 149/134/66
f 99/129/61 177/135/67 98/136/68
f 124/137/69 176/131/63 192/138/70
f 83/139/71 148/133/65 84/76/8
f 143/140/72 180/141/73 144/142/74
f 142/143/75 179/144/76 143/140/72
f 142/143/75 161/145/77 178/146/78
f 140/147/79 161/145/77 141/148/80
f 140/147/79 163/87/19 162/81/13
f 138/149/81 163/87/19 139/150/82
f 137/151/83 164/93/25 138/149/81
f 136/152/84 165/100/32 137/151/83
f 135/153/85 166/103/35 136/152/84
f 135/153/85 169/112/44 167/107/39
f 160/154/86 168/155/87 129/156/88
f 133/157/89 169/112/44 134/158/90
f 159/159/91 170/114/46 160/154/86
f 133/157/89 173/124/56 171/118/50
f 158/160/92 172/120/52 159/159/91
f 132/161/93 174/130/62 173/124/56
f 157/162/94 175/126/58 158/160/92
f 144/142/74 181/163/95 145/164/96
f 145/164/96 182/165/97 146/166/98
f 147/167/99 182/165/97 183/168/100
f 148/169/101 183/168/100 184/170/102
f 148/169/101 185/171/103 149/172/104
f 150/173/105 185/171/103 186/174/106
f 150/173/105 187/175/107 151/176/108
f 152/177/109 187/175/107 188/178/110
f 152/177/109 189/179/111 153/180/112
f 154/181/113 189/179/111 190/182/114
f 154/181/113 191/183/115 155/184/116
f 155/184/116 192/138/70 156/185/117
f 130/186/118 168/155/87 177/135/67
f 157/162/94 192/138/70 176/131/63
f 130/186/118 174/130/62 131/187/119
f 109/80/12 178/146/78 161/145/77
f 96/188/120 159/78/10 160/189/121
f 70/190/122 133/73/5 134/191/123
f 111/192/124 178/146/78 110/193/125
f 96/188/120 129/194/126 65/95/27
f 70/190/122 135/195/127 71/196/128
f 112/197/129 179/144/76 111/192/124
f 71/196/128 136/198/130 72/199/131
f 113/200/132 180/141/73 112/197/129
f 72/199/131 137/201/133 73/202/134
f 114/203/135 181/163/95 113/200/132
f 74/204/136 137/201/133 138/205/137
f 115/206/138 182/165/97 114/203/135
f 74/204/136 139/207/139 75/208/140
f 115/206/138 184/170/102 183/168/100
f 75/208/140 140/209/141 76/210/142
f 117/211/143 184/170/102 116/212/144
f 76/210/142 141/213/145 77/214/146
f 117/211/143 186/174/106 185/171/103
f 77/214/146 142/215/147 78/216/148
f 119/217/149 186/174/106 118/218/150
f 79/219/151 142/215/147 143/220/152
f 120/221/153 187/175/107 119/217/149
f 80/222/154 143/220/152 144/223/155
f 121/224/156 188/178/110 120/221/153
f 80/222/154 145/225/157 81/226/158
f 122/227/159 189/179/111 121/224/156
f 81/226/158 146/228/160 82/229/161
f 123/230/162 190/182/114 122/227/159
f 83/139/71 146/228/160 147/231/163
f 124/137/69 191/183/115 123/230/162
f 98/136/68 168/155/87 97/113/45
f 201/232/164 232/233/165 200/234/166
f 71/196/128 200/234/166 199/235/167
f 85/74/6 214/236/168 213/237/169
f 73/202/134 200/234/166 72/199/131
f 87/116/48 214/236/168 86/122/54
f 74/204/136 201/232/164 73/202/134
f 88/109/41 215/238/170 87/116/48
f 75/208/140 202/239/171 74/204/136
f 89/110/42 216/240/172 88/109/41
f 76/210/142 203/241/173 75/208/140
f 90/105/37 217/242/174 89/110/42
f 77/214/146 204/243/175 76/210/142
f 91/97/29 218/244/176 90/105/37
f 78/216/148 205/245/177 77/214/146
f 91/97/29 220/246/178 219/247/179
f 79/219/151 206/248/180 78/216/148
f 65/95/27 194/249/181 193/250/182
f 93/85/17 220/246/178 92/91/23
f 80/222/154 207/251/183 79/219/151
f 67/83/15 194/249/181 66/96/28
f 93/85/17 222/252/184 221/253/185
f 81/226/158 208/254/186 80/222/154
f 68/84/16 195/255/187 67/83/15
f 95/79/11 222/252/184 94/77/9
f 82/229/161 209/256/188 81/226/158
f 69/71/3 196/257/189 68/84/16
f 95/79/11 224/258/190 223/259/191
f 83/139/71 210/260/192 82/229/161
f 69/71/3 198/261/193 197/262/194
f 65/95/27 224/258/190 96/188/120
f 84/76/8 211/263/195 83/139/71
f 71/196/128 198/261/193 70/190/122
f 227/264/196 258/265/197 226/266/198
f 215/238/170 246/267/199 214/236/168
f 202/239/171 233/268/200 201/232/164
f 215/238/170 248/269/201 247/270/202
f 203/241/173 234/271/203 202/239/171
f 216/240/172 249/272/204 248/269/201
f 204/243/175 235/273/205 203/241/173
f 218/244/176 249/272/204 217/242/174
f 205/245/177 236/274/206 204/243/175
f 219/247/179 250/275/207 218/244/176
f 205/245/177 238/276/208 237/277/209
f 219/247/179 252/278/210 251/279/211
f 207/251/183 238/276/208 206/248/180
f 194/249/181 225/280/212 193/250/182
f 220/246/178 253/281/213 252/278/210
f 208/254/186 239/282/214 207/251/183
f 195/255/187 226/266/198 194/249/181
f 221/253/185 254/283/215 253/281/213
f 209/256/188 240/284/216 208/254/186
f 195/255/187 228/285/217 227/264/196
f 222/252/184 255/286/218 254/283/215
f 210/260/192 241/287/219 209/256/188
f 196/257/189 229/288/220 228/285/217
f 223/259/191 256/289/221 255/286/218
f 211/263/195 242/290/222 210/260/192
f 198/261/193 229/288/220 197/262/194
f 193/250/182 256/289/221 224/258/190
f 211/263/195 244/291/223 243/292/224
f 199/235/167 230/293/225 198/261/193
f 213/237/169 244/291/223 212/75/7
f 199/235/167 232/233/165 231/294/226
f 213/237/169 246/267/199 245/295/227
f 261/296/228 294/297/229 293/298/230
f 253/281/213 286/299/231 285/300/232
f 241/287/219 272/301/233 240/284/216
f 228/285/217 259/302/234 227/264/196
f 254/283/215 287/303/235 286/299/231
f 242/290/222 273/304/236 241/287/219
f 229/288/220 260/305/237 228/285/217
f 256/289/221 287/303/235 255/286/218
f 243/292/224 274/306/238 242/290/222
f 230/293/225 261/307/239 229/288/220
f 225/280/212 288/308/240 256/289/221
f 243/292/224 276/309/241 275/310/242
f 231/294/226 262/311/243 230/293/225
f 245/295/227 276/309/241 244/291/223
f 231/294/226 264/312/244 263/313/245
f 246/267/199 277/314/246 245/295/227
f 233/268/200 264/312/244 232/233/165
f 247/270/202 278/315/247 246/267/199
f 233/268/200 266/316/248 265/317/249
f 247/270/202 280/318/250 279/319/251
f 235/273/205 266/316/248 234/271/203
f 249/272/204 280/318/250 248/269/201
f 236/274/206 267/320/252 235/273/205
f 249/272/204 282/321/253 281/322/254
f 236/274/206 269/323/255 268/324/256
f 251/279/211 282/321/253 250/275/207
f 238/276/208 269/323/255 237/277/209
f 252/278/210 283/325/257 251/279/211
f 238/276/208 271/326/258 270/327/259
f 225/280/212 258/265/197 257/328/260
f 252/278/210 285/300/232 284/329/261
f 239/282/214 272/301/233 271/326/258
f 297/330/262 328/331/1 296/332/263
f 257/333/264 320/334/265 288/335/266
f 276/336/267 307/337/268 275/338/269
f 263/339/270 294/297/229 262/340/271
f 276/336/267 309/341/272 308/342/273
f 264/343/274 295/344/275 263/339/270
f 277/345/276 310/346/277 309/341/272
f 265/347/278 296/332/263 264/343/274
f 278/348/279 311/349/280 310/346/277
f 266/350/281 297/330/262 265/347/278
f 280/351/282 311/349/280 279/352/283
f 267/353/284 298/354/285 266/350/281
f 281/355/286 312/356/287 280/351/282
f 268/357/288 299/358/289 267/353/284
f 282/359/290 313/360/291 281/355/286
f 269/361/292 300/362/293 268/357/288
f 283/363/294 314/364/295 282/359/290
f 270/365/296 301/366/297 269/361/292
f 283/363/294 316/367/298 315/368/299
f 270/365/296 303/369/300 302/370/301
f 257/333/264 290/371/302 289/372/303
f 285/373/304 316/367/298 284/374/305
f 272/375/306 303/369/300 271/376/307
f 259/377/308 290/371/302 258/378/309
f 286/379/310 317/380/311 285/373/304
f 273/381/312 304/382/313 272/375/306
f 260/383/314 291/384/315 259/377/308
f 287/385/316 318/386/317 286/379/310
f 273/381/312 306/387/318 305/388/319
f 261/296/228 292/389/320 260/383/314
f 288/335/266 319/390/321 287/385/316
f 275/338/269 306/387/318 274/391/322
f 331/392/294 364/393/323 363/394/324
f 311/349/280 342/395/1 310/346/277
f 298/354/285 329/396/1 297/330/262
f 312/356/287 343/397/1 311/349/280
f 299/358/289 330/398/1 298/354/285
f 313/360/291 344/399/1 312/356/287
f 300/362/293 331/392/1 299/358/289
f 314/364/295 345/400/1 313/360/291
f 301/366/297 332/401/1 300/362/293
f 315/368/299 346/402/1 314/364/295
f 301/366/297 334/403/1 333/404/1
f 315/368/299 348/405/1 347/406/1
f 303/369/300 334/403/1 302/370/301
f 289/372/303 322/407/1 321/408/1
f 317/380/311 348/405/1 316/367/298
f 304/382/313 335/409/1 303/369/300
f 291/384/315 322/407/1 290/371/302
f 317/380/311 350/410/1 349/411/1
f 305/388/319 336/412/1 304/382/313
f 292/389/320 323/413/1 291/384/315
f 319/390/321 350/410/1 318/386/317
f 306/387/318 337/414/1 305/388/319
f 293/298/230 324/415/1 292/389/320
f 320/334/265 351/416/1 319/390/321
f 307/337/268 338/417/1 306/387/318
f 294/297/229 325/418/1 293/298/230
f 289/372/303 352/419/1 320/334/265
f 308/342/273 339/420/1 307/337/268
f 295/344/275 326/421/1 294/297/229
f 309/341/272 340/422/1 308/342/273
f 295/344/275 328/331/1 327/423/1
f 310/346/277 341/424/1 309/341/272
f 367/425/325 398/426/326 366/427/327
f 346/402/281 377/428/328 345/400/278
f 333/404/304 364/393/323 332/401/305
f 347/406/284 378/429/329 346/402/281
f 333/404/304 366/427/327 365/430/330
f 348/405/288 379/431/331 347/406/284
f 335/409/316 366/427/327 334/403/310
f 321/408/312 354/432/332 353/433/333
f 348/405/288 381/434/334 380/435/335
f 336/412/266 367/425/325 335/409/316
f 322/407/322 355/436/336 354/432/332
f 350/410/296 381/434/334 349/411/292
f 337/414/264 368/437/337 336/412/266
f 324/415/267 355/436/336 323/413/269
f 351/416/307 382/438/338 350/410/296
f 338/417/309 369/439/339 337/414/264
f 325/418/276 356/440/340 324/415/267
f 352/419/306 383/441/341 351/416/307
f 339/420/308 370/442/342 338/417/309
f 326/421/279 357/443/343 325/418/276
f 321/408/312 384/444/344 352/419/306
f 339/420/308 372/445/345 371/446/346
f 327/423/283 358/447/347 326/421/279
f 341/424/228 372/445/345 340/422/314
f 328/331/282 359/448/348 327/423/283
f 342/395/271 373/449/349 341/424/228
f 329/396/286 360/450/350 328/331/282
f 343/397/270 374/451/351 342/395/271
f 330/398/290 361/452/352 329/396/286
f 344/399/274 375/453/353 343/397/270
f 331/392/294 362/454/354 330/398/290
f 345/400/278 376/455/355 344/399/274
f 401/456/356 434/457/357 433/458/358
f 354/432/332 385/459/359 353/433/333
f 380/435/335 413/460/360 412/461/361
f 368/437/337 399/462/362 367/425/325
f 355/436/336 386/463/363 354/432/332
f 381/434/334 414/464/364 413/460/360
f 369/439/339 400/465/365 368/437/337
f 356/440/340 387/466/366 355/436/336
f 383/441/341 414/464/364 382/438/338
f 369/439/339 402/467/367 401/456/356
f 357/443/343 388/468/368 356/440/340
f 383/441/341 416/469/369 415/470/370
f 370/442/342 403/471/371 402/467/367
f 358/447/347 389/472/372 357/443/343
f 384/444/344 385/459/359 416/469/369
f 371/446/346 404/473/373 403/471/371
f 359/448/348 390/474/374 358/447/347
f 373/449/349 404/473/373 372/445/345
f 359/448/348 392/475/375 391/476/376
f 373/449/349 406/477/377 405/478/378
f 360/450/350 393/479/379 392/475/375
f 375/453/353 406/477/377 374/451/351
f 361/452/352 394/480/380 393/479/379
f 375/453/353 408/481/381 407/482/382
f 363/394/324 394/480/380 362/454/354
f 377/428/328 408/481/381 376/455/355
f 363/394/324 396/483/383 395/484/384
f 378/429/329 409/485/385 377/428/328
f 365/430/330 396/483/383 364/393/323
f 379/431/331 410/486/386 378/429/329
f 365/430/330 398/426/326 397/487/387
f 379/431/331 412/461/361 411/488/388
f 437/489/389 468/490/390 436/491/391
f 389/472/372 420/492/392 388/468/368
f 415/470/370 448/493/393 447/494/394
f 402/467/367 435/495/395 434/457/357
f 390/474/374 421/496/396 389/472/372
f 385/459/359 448/493/393 416/469/369
f 403/471/371 436/491/391 435/495/395
f 391/476/376 422/497/397 390/474/374
f 405/478/378 436/491/391 404/473/373
f 391/476/376 424/498/398 423/499/399
f 406/477/377 437/489/389 405/478/378
f 393/479/379 424/498/398 392/475/375
f 407/482/382 438/500/400 406/477/377
f 394/480/380 425/501/401 393/479/379
f 407/482/382 440/502/402 439/503/403
f 394/480/380 427/504/404 426/505/405
f 408/481/381 441/506/406 440/502/402
f 396/483/383 427/504/404 395/484/384
f 409/485/385 442/507/407 441/506/406
f 396/483/383 429/508/408 428/509/409
f 411/488/388 442/507/407 410/486/386
f 397/487/387 430/510/410 429/508/408
f 411/488/388 444/511/411 443/512/412
f 399/462/362 430/510/410 398/426/326
f 385/459/359 418/513/413 417/514/414
f 412/461/361 445/515/415 444/511/411
f 400/465/365 431/516/416 399/462/362
f 387/466/366 418/513/413 386/463/363
f 414/464/364 445/515/415 413/460/360
f 401/456/356 432/517/417 400/465/365
f 387/466/366 420/492/392 419/518/418
f 414/464/364 447/494/394 446/519/419
f 464/520/420 472/521/421 480/522/422
f 423/499/399 456/523/423 455/524/424
f 438/500/400 469/525/425 437/489/389
f 424/498/398 457/526/426 456/523/423
f 439/503/403 470/527/427 438/500/400
f 425/501/401 458/528/428 457/526/426
f 439/503/403 472/521/421 471/529/429
f 426/505/405 459/530/430 458/528/428
f 441/506/406 472/521/421 440/502/402
f 428/509/409 459/530/430 427/504/404
f 442/507/407 473/531/431 441/506/406
f 428/509/409 461/532/432 460/533/433
f 443/512/412 474/534/434 442/507/407
f 429/508/408 462/535/435 461/532/432
f 444/511/411 475/536/436 443/512/412
f 431/516/416 462/535/435 430/510/410
f 418/513/413 449/537/437 417/514/414
f 444/511/411 477/538/438 476/539/439
f 431/516/416 464/520/420 463/540/440
f 419/518/418 450/541/441 418/513/413
f 445/515/415 478/542/442 477/538/438
f 432/517/417 465/543/443 464/520/420
f 419/518/418 452/544/444 451/545/445
f 446/519/419 479/546/446 478/542/442
f 434/457/357 465/543/443 433/458/358
f 421/496/396 452/544/444 420/492/392
f 447/494/394 480/522/422 479/546/446
f 435/495/395 466/547/447 434/457/357
f 422/497/397 453/548/448 421/496/396
f 448/493/393 449/537/437 480/522/422
f 435/495/395 468/490/390 467/549/449
f 422/497/397 455/524/424 454/550/450
f 482/551/276 594/552/451 593/553/451
f 484/554/286 595/555/452 594/552/452
f 486/556/304 596/557/453 595/555/453
f 488/558/264 597/559/454 596/560/454
f 597/559/455 492/561/228 598/562/455
f 598/562/456 494/563/278 599/564/456
f 494/563/292 600/565/457 599/564/457
f 496/566/312 593/553/458 600/565/458
f 515/567/2 507/568/2 499/569/2
f 54/46/284 626/570/281 627/571/284
f 34/64/264 618/572/309 36/52/309
f 16/68/282 609/573/286 18/55/286
f 62/574/307 630/575/296 631/576/307
f 44/577/271 621/578/228 622/579/271
f 24/580/305 613/581/304 26/582/304
f 489/583/269 636/584/307 487/585/307
f 6/3/269 604/586/267 8/1/267
f 503/587/459 484/554/460 502/588/461
f 500/589/462 501/590/463 482/551/464
f 499/591/465 500/589/462 482/551/464
f 499/591/465 482/551/464 498/592/466
f 498/592/466 482/551/464 497/593/467
f 497/593/467 496/566/468 528/594/469
f 528/594/469 496/566/468 527/595/470
f 496/566/468 497/593/467 482/551/464
f 501/590/463 502/588/461 484/554/460
f 484/554/460 482/551/464 501/590/463
f 503/587/459 504/596/471 484/554/460
f 504/596/471 505/597/472 484/554/460
f 484/554/460 505/597/472 486/556/473
f 505/597/472 506/598/474 486/556/473
f 507/599/475 486/556/473 506/598/474
f 507/599/475 508/600/476 486/556/473
f 508/600/476 509/601/477 486/556/473
f 486/556/473 509/601/477 488/602/478
f 509/601/477 510/603/479 488/602/478
f 511/604/480 488/602/478 510/603/479
f 511/605/480 512/606/481 488/558/478
f 512/606/481 513/607/482 488/558/478
f 488/558/478 513/607/482 490/608/483
f 513/607/482 514/609/484 490/608/483
f 515/610/485 490/608/483 514/609/484
f 515/610/485 516/611/486 490/608/483
f 516/611/486 517/612/487 490/608/483
f 490/608/483 517/612/487 492/561/488
f 517/612/487 518/613/489 492/561/488
f 519/614/490 492/561/488 518/613/489
f 519/614/490 520/615/491 492/561/488
f 520/615/491 521/616/492 492/561/488
f 492/561/488 521/616/492 494/563/493
f 521/616/492 522/617/494 494/563/493
f 523/618/495 494/563/493 522/617/494
f 523/618/495 524/619/496 494/563/493
f 524/619/496 525/620/497 494/563/493
f 494/563/493 525/620/497 496/566/468
f 525/620/497 526/621/498 496/566/468
f 527/595/470 496/566/468 526/621/498
f 531/622/499 529/623/500 530/624/501
f 533/625/502 532/626/503 531/622/499
f 535/627/504 534/628/505 533/625/502
f 537/629/506 536/630/507 535/627/504
f 537/629/506 540/631/508 538/632/509
f 539/633/510 542/634/511 540/631/508
f 541/635/512 544/636/513 542/634/511
f 545/637/514 544/636/513 543/638/515
f 547/639/516 546/640/517 545/637/514
f 547/639/516 550/641/518 548/642/519
f 551/643/520 550/641/518 549/644/521
f 553/645/522 552/646/523 551/643/520
f 553/645/522 556/647/524 554/648/525
f 557/649/526 556/647/524 555/650/527
f 559/651/528 558/652/529 557/649/526
f 561/653/530 560/654/531 559/651/528
f 563/655/532 562/656/533 561/653/530
f 563/655/532 566/657/534 564/658/535
f 567/659/536 566/657/534 565/660/537
f 569/661/538 568/662/539 567/659/536
f 569/661/538 572/663/540 570/664/541
f 571/665/542 574/666/543 572/663/540
f 575/667/544 574/666/543 573/668/545
f 577/669/546 576/670/547 575/667/544
f 579/671/548 578/672/549 577/669/546
f 581/673/550 580/674/551 579/671/548
f 583/675/552 582/676/553 581/673/550
f 585/677/554 584/678/555 583/675/552
f 587/679/556 586/680/557 585/677/554
f 589/681/558 588/682/559 587/679/556
f 589/681/558 592/683/560 590/684/561
f 591/685/562 529/623/500 592/683/560
f 1/686/563 591/685/562 63/687/564
f 529/623/500 128/115/47 592/683/560
f 3/688/565 530/624/501 1/686/563
f 532/626/503 97/113/45 529/623/500
f 534/628/505 98/136/68 532/626/503
f 5/689/566 531/622/499 3/688/565
f 7/690/567 533/625/502 5/689/566
f 536/630/507 99/129/61 534/628/505
f 538/632/509 100/125/57 536/630/507
f 9/691/568 535/627/504 7/690/567
f 540/631/508 101/119/51 538/632/509
f 11/692/569 537/629/506 9/691/568
f 542/634/511 102/111/43 540/631/508
f 11/692/569 541/635/512 539/633/510
f 544/636/513 103/108/40 542/634/511
f 13/693/570 543/638/515 541/635/512
f 546/640/517 104/104/36 544/636/513
f 17/694/571 543/638/515 15/695/572
f 548/642/519 105/99/31 546/640/517
f 17/694/571 547/639/516 545/637/514
f 550/641/518 106/94/26 548/642/519
f 19/696/573 549/644/521 547/639/516
f 552/646/523 107/88/20 550/641/518
f 23/697/574 549/644/521 21/698/575
f 23/697/574 553/645/522 551/643/520
f 554/648/525 108/82/14 552/646/523
f 554/648/525 110/193/125 109/80/12
f 27/699/576 553/645/522 25/700/577
f 558/652/529 110/193/125 556/647/524
f 27/699/576 557/649/526 555/650/527
f 560/654/531 111/192/124 558/652/529
f 31/701/578 557/649/526 29/702/579
f 562/656/533 112/197/129 560/654/531
f 31/701/578 561/653/530 559/651/528
f 564/658/535 113/200/132 562/656/533
f 35/703/580 561/653/530 33/704/581
f 566/657/534 114/203/135 564/658/535
f 35/703/580 565/660/537 563/655/532
f 566/657/534 116/212/144 115/206/138
f 39/705/582 565/660/537 37/706/583
f 39/705/582 569/661/538 567/659/536
f 570/664/541 116/212/144 568/662/539
f 572/663/540 117/211/143 570/664/541
f 43/707/584 569/661/538 41/708/585
f 574/666/543 118/218/150 572/663/540
f 43/707/584 573/668/545 571/665/542
f 576/670/547 119/217/149 574/666/543
f 47/709/586 573/668/545 45/710/587
f 578/672/549 120/221/153 576/670/547
f 49/711/588 575/667/544 47/709/586
f 580/674/551 121/224/156 578/672/549
f 51/712/589 577/669/546 49/711/588
f 582/676/553 122/227/159 580/674/551
f 53/713/590 579/671/548 51/712/589
f 584/678/555 123/230/162 582/676/553
f 55/714/591 581/673/550 53/713/590
f 584/678/555 125/132/64 124/137/69
f 55/714/591 585/677/554 583/675/552
f 57/715/592 587/679/556 585/677/554
f 588/682/559 125/132/64 586/680/557
f 590/684/561 126/127/59 588/682/559
f 59/716/593 589/681/558 587/679/556
f 592/683/560 127/121/53 590/684/561
f 63/687/564 589/681/558 61/717/594
f 600/718/458 481/719/1 495/720/1
f 599/721/457 495/720/1 493/722/1
f 598/723/456 493/722/1 491/724/1
f 597/725/455 491/724/1 489/583/1
f 596/726/454 489/583/1 487/585/1
f 595/727/453 487/585/1 485/728/1
f 594/729/452 485/728/1 483/730/1
f 481/719/1 594/729/451 483/730/1
f 602/731/1 640/732/1 633/733/1
f 638/734/1 639/735/1 625/736/1
f 636/737/1 637/738/1 617/739/1
f 634/740/1 635/741/1 609/573/1
f 633/733/1 634/740/1 605/742/1
f 635/741/1 636/737/1 613/581/1
f 637/738/1 638/734/1 621/578/1
f 639/735/1 640/732/1 629/743/1
f 10/744/276 604/586/267 605/742/276
f 491/724/283 637/745/269 489/583/269
f 26/582/304 614/746/310 28/747/310
f 46/748/270 622/579/271 623/749/270
f 481/719/308 634/750/270 633/751/308
f 64/752/306 631/576/307 632/753/306
f 18/55/286 610/754/290 20/42/290
f 38/38/308 618/572/309 619/755/308
f 54/46/284 628/756/288 56/32/288
f 10/744/276 606/757/279 12/758/279
f 493/722/294 638/759/283 491/724/283
f 28/747/310 615/760/316 30/761/316
f 48/762/274 623/749/270 624/763/274
f 2/47/312 601/764/322 4/27/322
f 2/47/312 632/753/306 602/731/312
f 483/730/270 635/765/284 634/750/270
f 20/42/290 611/766/294 22/22/294
f 40/17/314 619/755/308 620/767/314
f 58/9/292 628/756/288 629/743/292
f 12/758/279 607/768/283 14/769/283
f 495/720/316 639/770/294 493/722/294
f 30/761/316 616/771/266 32/772/266
f 50/773/278 624/763/274 625/736/278
f 4/27/322 603/774/269 6/3/269
f 485/728/284 636/584/307 635/765/284
f 22/22/294 612/775/305 24/580/305
f 42/15/228 620/767/314 621/578/228
f 58/9/292 630/575/296 60/7/296
f 14/769/283 608/776/282 16/68/282
f 481/719/308 640/777/316 495/720/316
f 32/772/266 617/739/264 34/64/264
f 52/60/281 625/736/278 626/570/281
f 672/26/306 1/778/312 63/779/306
f 671/19/307 63/779/306 61/780/307
f 670/12/296 61/780/307 59/781/296
f 57/782/292 670/12/296 59/781/296
f 55/783/288 669/10/292 57/782/292
f 53/784/284 668/785/288 55/783/288
f 51/786/281 667/787/284 53/784/284
f 665/788/278 51/786/281 49/789/278
f 47/790/274 665/788/278 49/789/278
f 45/791/270 664/792/274 47/790/274
f 43/793/271 663/794/270 45/791/270
f 661/795/228 43/793/271 41/796/228
f 39/797/314 661/795/228 41/796/228
f 37/798/308 660/799/314 39/797/314
f 658/800/309 37/798/308 35/801/309
f 33/802/264 658/800/309 35/801/309
f 31/803/266 657/804/264 33/802/264
f 655/70/316 31/803/266 29/805/316
f 654/66/310 29/805/316 27/806/310
f 653/62/304 27/806/310 25/807/304
f 23/808/305 653/62/304 25/807/304
f 651/53/294 23/808/305 21/809/294
f 650/50/290 21/809/294 19/810/290
f 649/44/286 19/810/290 17/811/286
f 648/40/282 17/811/286 15/812/282
f 647/36/283 15/812/282 13/813/283
f 646/30/279 13/813/283 11/814/279
f 645/21/276 11/814/279 9/815/276
f 644/13/267 9/815/276 7/816/267
f 643/6/269 7/816/267 5/817/269
f 642/4/322 5/817/269 3/818/322
f 641/33/312 3/818/322 1/778/312
f 674/48/312 706/819/322 675/34/312
f 673/28/322 707/5/269 706/819/322
f 707/5/269 677/820/267 708/14/267
f 677/820/267 709/20/276 708/14/267
f 678/821/276 710/29/279 709/20/276
f 679/822/279 711/35/283 710/29/279
f 680/823/283 712/39/282 711/35/283
f 681/67/282 713/43/286 712/39/282
f 682/56/286 714/49/290 713/43/286
f 683/41/290 715/54/294 714/49/290
f 684/24/294 716/57/305 715/54/294
f 716/57/305 686/824/304 717/61/304
f 686/824/304 718/65/310 717/61/304
f 687/825/310 719/69/316 718/65/310
f 688/826/316 720/827/266 719/69/316
f 689/828/266 721/829/264 720/827/266
f 690/63/264 722/830/309 721/829/264
f 691/51/309 723/831/308 722/830/309
f 723/831/308 693/16/314 724/832/314
f 724/832/314 694/833/228 725/834/228
f 694/833/228 726/835/271 725/834/228
f 726/835/271 696/836/270 727/837/270
f 727/837/270 697/838/274 728/839/274
f 728/839/274 698/840/278 729/841/278
f 698/840/278 730/842/281 729/841/278
f 730/842/281 700/45/284 731/843/284
f 731/843/284 701/31/288 732/844/288
f 732/844/288 702/8/292 733/845/292
f 733/845/292 703/846/296 734/11/296
f 703/846/296 735/18/307 734/11/296
f 704/847/307 736/25/306 735/18/307
f 736/25/306 674/48/312 675/34/312
f 669/10/2 732/844/2 733/845/2
f 26/582/1 685/23/1 24/580/1
f 641/33/2 706/819/2 642/4/2
f 667/787/2 732/844/2 668/785/2
f 42/15/1 695/848/1 694/833/1
f 667/787/2 730/842/2 731/843/2
f 60/7/1 704/847/1 703/846/1
f 10/744/1 677/820/1 8/1/1
f 665/788/2 730/842/2 666/849/2
f 28/747/1 686/824/1 26/582/1
f 665/788/2 728/839/2 729/841/2
f 46/748/1 695/848/1 44/577/1
f 663/794/2 728/839/2 664/792/2
f 62/574/1 705/850/1 704/847/1
f 12/758/1 678/821/1 10/744/1
f 662/851/2 727/837/2 663/794/2
f 28/747/1 688/826/1 687/825/1
f 661/795/2 726/835/2 662/851/2
f 46/748/1 697/838/1 696/836/1
f 661/795/2 724/832/2 725/834/2
f 2/47/1 705/850/1 64/752/1
f 14/769/1 679/822/1 12/758/1
f 660/799/2 723/831/2 724/832/2
f 30/761/1 689/828/1 688/826/1
f 659/852/2 722/830/2 723/831/2
f 50/773/1 697/838/1 48/762/1
f 657/804/2 722/830/2 658/800/2
f 14/769/1 681/67/1 680/823/1
f 657/804/2 720/827/2 721/829/2
f 34/64/1 689/828/1 32/772/1
f 655/70/2 720/827/2 656/853/2
f 52/60/1 698/840/1 50/773/1
f 8/1/1 677/820/1 676/2/1
f 642/4/2 706/819/2 707/5/2
f 60/7/1 703/846/1 702/8/1
f 669/10/2 733/845/2 734/11/2
f 644/13/2 643/6/2 707/5/2
f 42/15/1 694/833/1 693/16/1
f 670/12/2 734/11/2 735/18/2
f 644/13/2 708/14/2 709/20/2
f 22/22/1 24/580/1 685/23/1
f 671/19/2 735/18/2 736/25/2
f 4/27/1 6/3/1 676/2/1
f 645/21/2 709/20/2 710/29/2
f 58/9/1 702/8/1 701/31/1
f 641/33/2 672/26/2 736/25/2
f 646/30/2 710/29/2 711/35/2
f 40/17/1 693/16/1 692/37/1
f 647/36/2 711/35/2 712/39/2
f 22/22/1 684/24/1 683/41/1
f 648/40/2 712/39/2 713/43/2
f 56/32/1 701/31/1 700/45/1
f 2/47/1 4/27/1 673/28/1
f 649/44/2 713/43/2 714/49/2
f 38/38/1 692/37/1 691/51/1
f 651/53/2 650/50/2 714/49/2
f 18/55/1 20/42/1 683/41/1
f 651/53/2 715/54/2 716/57/2
f 54/46/1 700/45/1 699/59/1
f 652/58/2 716/57/2 717/61/2
f 36/52/1 691/51/1 690/63/1
f 653/62/2 717/61/2 718/65/2
f 18/55/1 682/56/1 681/67/1
f 654/66/2 718/65/2 719/69/2
f 69/71/3 68/84/16 132/72/4
f 85/74/6 213/237/169 212/75/7
f 94/77/9 158/86/18 159/78/10
f 109/80/12 161/145/77 162/81/13
f 67/83/15 131/90/22 132/72/4
f 93/85/17 157/92/24 158/86/18
f 108/82/14 162/81/13 163/87/19
f 67/83/15 66/96/28 130/89/21
f 92/91/23 156/98/30 157/92/24
f 107/88/20 163/87/19 164/93/25
f 65/95/27 129/194/126 130/89/21
f 91/97/29 155/102/34 156/98/30
f 105/99/31 106/94/26 164/93/25
f 91/97/29 90/105/37 154/101/33
f 105/99/31 165/100/32 166/103/35
f 90/105/37 89/110/42 153/106/38
f 104/104/36 166/103/35 167/107/39
f 88/109/41 152/117/49 153/106/38
f 102/111/43 103/108/40 167/107/39
f 97/113/45 168/155/87 170/114/46
f 87/116/48 151/123/55 152/117/49
f 102/111/43 169/112/44 171/118/50
f 128/115/47 170/114/46 172/120/52
f 86/122/54 150/128/60 151/123/55
f 101/119/51 171/118/50 173/124/56
f 127/121/53 172/120/52 175/126/58
f 85/74/6 149/134/66 150/128/60
f 99/129/61 100/125/57 173/124/56
f 126/127/59 175/126/58 176/131/63
f 85/74/6 84/76/8 148/133/65
f 99/129/61 174/130/62 177/135/67
f 124/137/69 125/132/64 176/131/63
f 83/139/71 147/231/163 148/133/65
f 143/140/72 179/144/76 180/141/73
f 142/143/75 178/146/78 179/144/76
f 142/143/75 141/148/80 161/145/77
f 140/147/79 162/81/13 161/145/77
f 140/147/79 139/150/82 163/87/19
f 138/149/81 164/93/25 163/87/19
f 137/151/83 165/100/32 164/93/25
f 136/152/84 166/103/35 165/100/32
f 135/153/85 167/107/39 166/103/35
f 135/153/85 134/158/90 169/112/44
f 160/154/86 170/114/46 168/155/87
f 133/157/89 171/118/50 169/112/44
f 159/159/91 172/120/52 170/114/46
f 133/157/89 132/161/93 173/124/56
f 158/160/92 175/126/58 172/120/52
f 132/161/93 131/187/119 174/130/62
f 157/162/94 176/131/63 175/126/58
f 144/142/74 180/141/73 181/163/95
f 145/164/96 181/163/95 182/165/97
f 147/167/99 146/166/98 182/165/97
f 148/169/101 147/167/99 183/168/100
f 148/169/101 184/170/102 185/171/103
f 150/173/105 149/172/104 185/171/103
f 150/173/105 186/174/106 187/175/107
f 152/177/109 151/176/108 187/175/107
f 152/177/109 188/178/110 189/179/111
f 154/181/113 153/180/112 189/179/111
f 154/181/113 190/182/114 191/183/115
f 155/184/116 191/183/115 192/138/70
f 130/186/118 129/156/88 168/155/87
f 157/162/94 156/185/117 192/138/70
f 130/186/118 177/135/67 174/130/62
f 109/80/12 110/193/125 178/146/78
f 96/188/120 95/79/11 159/78/10
f 70/190/122 69/71/3 133/73/5
f 111/192/124 179/144/76 178/146/78
f 96/188/120 160/189/121 129/194/126
f 70/190/122 134/191/123 135/195/127
f 112/197/129 180/141/73 179/144/76
f 71/196/128 135/195/127 136/198/130
f 113/200/132 181/163/95 180/141/73
f 72/199/131 136/198/130 137/201/133
f 114/203/135 182/165/97 181/163/95
f 74/204/136 73/202/134 137/201/133
f 115/206/138 183/168/100 182/165/97
f 74/204/136 138/205/137 139/207/139
f 115/206/138 116/212/144 184/170/102
f 75/208/140 139/207/139 140/209/141
f 117/211/143 185/171/103 184/170/102
f 76/210/142 140/209/141 141/213/145
f 117/211/143 118/218/150 186/174/106
f 77/214/146 141/213/145 142/215/147
f 119/217/149 187/175/107 186/174/106
f 79/219/151 78/216/148 142/215/147
f 120/221/153 188/178/110 187/175/107
f 80/222/154 79/219/151 143/220/152
f 121/224/156 189/179/111 188/178/110
f 80/222/154 144/223/155 145/225/157
f 122/227/159 190/182/114 189/179/111
f 81/226/158 145/225/157 146/228/160
f 123/230/162 191/183/115 190/182/114
f 83/139/71 82/229/161 146/228/160
f 124/137/69 192/138/70 191/183/115
f 98/136/68 177/135/67 168/155/87
f 201/232/164 233/268/200 232/233/165
f 71/196/128 72/199/131 200/234/166
f 85/74/6 86/122/54 214/236/168
f 73/202/134 201/232/164 200/234/166
f 87/116/48 215/238/170 214/236/168
f 74/204/136 202/239/171 201/232/164
f 88/109/41 216/240/172 215/238/170
f 75/208/140 203/241/173 202/239/171
f 89/110/42 217/242/174 216/240/172
f 76/210/142 204/243/175 203/241/173
f 90/105/37 218/244/176 217/242/174
f 77/214/146 205/245/177 204/243/175
f 91/97/29 219/247/179 218/244/176
f 78/216/148 206/248/180 205/245/177
f 91/97/29 92/91/23 220/246/178
f 79/219/151 207/251/183 206/248/180
f 65/95/27 66/96/28 194/249/181
f 93/85/17 221/253/185 220/246/178
f 80/222/154 208/254/186 207/251/183
f 67/83/15 195/255/187 194/249/181
f 93/85/17 94/77/9 222/252/184
f 81/226/158 209/256/188 208/254/186
f 68/84/16 196/257/189 195/255/187
f 95/79/11 223/259/191 222/252/184
f 82/229/161 210/260/192 209/256/188
f 69/71/3 197/262/194 196/257/189
f 95/79/11 96/188/120 224/258/190
f 83/139/71 211/263/195 210/260/192
f 69/71/3 70/190/122 198/261/193
f 65/95/27 193/250/182 224/258/190
f 84/76/8 212/75/7 211/263/195
f 71/196/128 199/235/167 198/261/193
f 227/264/196 259/302/234 258/265/197
f 215/238/170 247/270/202 246/267/199
f 202/239/171 234/271/203 233/268/200
f 215/238/170 216/240/172 248/269/201
f 203/241/173 235/273/205 234/271/203
f 216/240/172 217/242/174 249/272/204
f 204/243/175 236/274/206 235/273/205
f 218/244/176 250/275/207 249/272/204
f 205/245/177 237/277/209 236/274/206
f 219/247/179 251/279/211 250/275/207
f 205/245/177 206/248/180 238/276/208
f 219/247/179 220/246/178 252/278/210
f 207/251/183 239/282/214 238/276/208
f 194/249/181 226/266/198 225/280/212
f 220/246/178 221/253/185 253/281/213
f 208/254/186 240/284/216 239/282/214
f 195/255/187 227/264/196 226/266/198
f 221/253/185 222/252/184 254/283/215
f 209/256/188 241/287/219 240/284/216
f 195/255/187 196/257/189 228/285/217
f 222/252/184 223/259/191 255/286/218
f 210/260/192 242/290/222 241/287/219
f 196/257/189 197/262/194 229/288/220
f 223/259/191 224/258/190 256/289/221
f 211/263/195 243/292/224 242/290/222
f 198/261/193 230/293/225 229/288/220
f 193/250/182 225/280/212 256/289/221
f 211/263/195 212/75/7 244/291/223
f 199/235/167 231/294/226 230/293/225
f 213/237/169 245/295/227 244/291/223
f 199/235/167 200/234/166 232/233/165
f 213/237/169 214/236/168 246/267/199
f 261/296/228 262/340/271 294/297/229
f 253/281/213 254/283/215 286/299/231
f 241/287/219 273/304/236 272/301/233
f 228/285/217 260/305/237 259/302/234
f 254/283/215 255/286/218 287/303/235
f 242/290/222 274/306/238 273/304/236
f 229/288/220 261/307/239 260/305/237
f 256/289/221 288/308/240 287/303/235
f 243/292/224 275/310/242 274/306/238
f 230/293/225 262/311/243 261/307/239
f 225/280/212 257/328/260 288/308/240
f 243/292/224 244/291/223 276/309/241
f 231/294/226 263/313/245 262/311/243
f 245/295/227 277/314/246 276/309/241
f 231/294/226 232/233/165 264/312/244
f 246/267/199 278/315/247 277/314/246
f 233/268/200 265/317/249 264/312/244
f 247/270/202 279/319/251 278/315/247
f 233/268/200 234/271/203 266/316/248
f 247/270/202 248/269/201 280/318/250
f 235/273/205 267/320/252 266/316/248
f 249/272/204 281/322/254 280/318/250
f 236/274/206 268/324/256 267/320/252
f 249/272/204 250/275/207 282/321/253
f 236/274/206 237/277/209 269/323/255
f 251/279/211 283/325/257 282/321/253
f 238/276/208 270/327/259 269/323/255
f 252/278/210 284/329/261 283/325/257
f 238/276/208 239/282/214 271/326/258
f 225/280/212 226/266/198 258/265/197
f 252/278/210 253/281/213 285/300/232
f 239/282/214 240/284/216 272/301/233
f 297/330/262 329/396/1 328/331/1
f 257/333/264 289/372/303 320/334/265
f 276/336/267 308/342/273 307/337/268
f 263/339/270 295/344/275 294/297/229
f 276/336/267 277/345/276 309/341/272
f 264/343/274 296/332/263 295/344/275
f 277/345/276 278/348/279 310/346/277
f 265/347/278 297/330/262 296/332/263
f 278/348/279 279/352/283 311/349/280
f 266/350/281 298/354/285 297/330/262
f 280/351/282 312/356/287 311/349/280
f 267/353/284 299/358/289 298/354/285
f 281/355/286 313/360/291 312/356/287
f 268/357/288 300/362/293 299/358/289
f 282/359/290 314/364/295 313/360/291
f 269/361/292 301/366/297 300/362/293
f 283/363/294 315/368/299 314/364/295
f 270/365/296 302/370/301 301/366/297
f 283/363/294 284/374/305 316/367/298
f 270/365/296 271/376/307 303/369/300
f 257/333/264 258/378/309 290/371/302
f 285/373/304 317/380/311 316/367/298
f 272/375/306 304/382/313 303/369/300
f 259/377/308 291/384/315 290/371/302
f 286/379/310 318/386/317 317/380/311
f 273/381/312 305/388/319 304/382/313
f 260/383/314 292/389/320 291/384/315
f 287/385/316 319/390/321 318/386/317
f 273/381/312 274/391/322 306/387/318
f 261/296/228 293/298/230 292/389/320
f 288/335/266 320/334/265 319/390/321
f 275/338/269 307/337/268 306/387/318
f 331/392/294 332/401/305 364/393/323
f 311/349/280 343/397/1 342/395/1
f 298/354/285 330/398/1 329/396/1
f 312/356/287 344/399/1 343/397/1
f 299/358/289 331/392/1 330/398/1
f 313/360/291 345/400/1 344/399/1
f 300/362/293 332/401/1 331/392/1
f 314/364/295 346/402/1 345/400/1
f 301/366/297 333/404/1 332/401/1
f 315/368/299 347/406/1 346/402/1
f 301/366/297 302/370/301 334/403/1
f 315/368/299 316/367/298 348/405/1
f 303/369/300 335/409/1 334/403/1
f 289/372/303 290/371/302 322/407/1
f 317/380/311 349/411/1 348/405/1
f 304/382/313 336/412/1 335/409/1
f 291/384/315 323/413/1 322/407/1
f 317/380/311 318/386/317 350/410/1
f 305/388/319 337/414/1 336/412/1
f 292/389/320 324/415/1 323/413/1
f 319/390/321 351/416/1 350/410/1
f 306/387/318 338/417/1 337/414/1
f 293/298/230 325/418/1 324/415/1
f 320/334/265 352/419/1 351/416/1
f 307/337/268 339/420/1 338/417/1
f 294/297/229 326/421/1 325/418/1
f 289/372/303 321/408/1 352/419/1
f 308/342/273 340/422/1 339/420/1
f 295/344/275 327/423/1 326/421/1
f 309/341/272 341/424/1 340/422/1
f 295/344/275 296/332/263 328/331/1
f 310/346/277 342/395/1 341/424/1
f 367/425/325 399/462/362 398/426/326
f 346/402/281 378/429/329 377/428/328
f 333/404/304 365/430/330 364/393/323
f 347/406/284 379/431/331 378/429/329
f 333/404/304 334/403/310 366/427/327
f 348/405/288 380/435/335 379/431/331
f 335/409/316 367/425/325 366/427/327
f 321/408/312 322/407/322 354/432/332
f 348/405/288 349/411/292 381/434/334
f 336/412/266 368/437/337 367/425/325
f 322/407/322 323/413/269 355/436/336
f 350/410/296 382/438/338 381/434/334
f 337/414/264 369/439/339 368/437/337
f 324/415/267 356/440/340 355/436/336
f 351/416/307 383/441/341 382/438/338
f 338/417/309 370/442/342 369/439/339
f 325/418/276 357/443/343 356/440/340
f 352/419/306 384/444/344 383/441/341
f 339/420/308 371/446/346 370/442/342
f 326/421/279 358/447/347 357/443/343
f 321/408/312 353/433/333 384/444/344
f 339/420/308 340/422/314 372/445/345
f 327/423/283 359/448/348 358/447/347
f 341/424/228 373/449/349 372/445/345
f 328/331/282 360/450/350 359/448/348
f 342/395/271 374/451/351 373/449/349
f 329/396/286 361/452/352 360/450/350
f 343/397/270 375/453/353 374/451/351
f 330/398/290 362/454/354 361/452/352
f 344/399/274 376/455/355 375/453/353
f 331/392/294 363/394/324 362/454/354
f 345/400/278 377/428/328 376/455/355
f 401/456/356 402/467/367 434/457/357
f 354/432/332 386/463/363 385/459/359
f 380/435/335 381/434/334 413/460/360
f 368/437/337 400/465/365 399/462/362
f 355/436/336 387/466/366 386/463/363
f 381/434/334 382/438/338 414/464/364
f 369/439/339 401/456/356 400/465/365
f 356/440/340 388/468/368 387/466/366
f 383/441/341 415/470/370 414/464/364
f 369/439/339 370/442/342 402/467/367
f 357/443/343 389/472/372 388/468/368
f 383/441/341 384/444/344 416/469/369
f 370/442/342 371/446/346 403/471/371
f 358/447/347 390/474/374 389/472/372
f 384/444/344 353/433/333 385/459/359
f 371/446/346 372/445/345 404/473/373
f 359/448/348 391/476/376 390/474/374
f 373/449/349 405/478/378 404/473/373
f 359/448/348 360/450/350 392/475/375
f 373/449/349 374/451/351 406/477/377
f 360/450/350 361/452/352 393/479/379
f 375/453/353 407/482/382 406/477/377
f 361/452/352 362/454/354 394/480/380
f 375/453/353 376/455/355 408/481/381
f 363/394/324 395/484/384 394/480/380
f 377/428/328 409/485/385 408/481/381
f 363/394/324 364/393/323 396/483/383
f 378/429/329 410/486/386 409/485/385
f 365/430/330 397/487/387 396/483/383
f 379/431/331 411/488/388 410/486/386
f 365/430/330 366/427/327 398/426/326
f 379/431/331 380/435/335 412/461/361
f 437/489/389 469/525/425 468/490/390
f 389/472/372 421/496/396 420/492/392
f 415/470/370 416/469/369 448/493/393
f 402/467/367 403/471/371 435/495/395
f 390/474/374 422/497/397 421/496/396
f 385/459/359 417/514/414 448/493/393
f 403/471/371 404/473/373 436/491/391
f 391/476/376 423/499/399 422/497/397
f 405/478/378 437/489/389 436/491/391
f 391/476/376 392/475/375 424/498/398
f 406/477/377 438/500/400 437/489/389
f 393/479/379 425/501/401 424/498/398
f 407/482/382 439/503/403 438/500/400
f 394/480/380 426/505/405 425/501/401
f 407/482/382 408/481/381 440/502/402
f 394/480/380 395/484/384 427/504/404
f 408/481/381 409/485/385 441/506/406
f 396/483/383 428/509/409 427/504/404
f 409/485/385 410/486/386 442/507/407
f 396/483/383 397/487/387 429/508/408
f 411/488/388 443/512/412 442/507/407
f 397/487/387 398/426/326 430/510/410
f 411/488/388 412/461/361 444/511/411
f 399/462/362 431/516/416 430/510/410
f 385/459/359 386/463/363 418/513/413
f 412/461/361 413/460/360 445/515/415
f 400/465/365 432/517/417 431/516/416
f 387/466/366 419/518/418 418/513/413
f 414/464/364 446/519/419 445/515/415
f 401/456/356 433/458/358 432/517/417
f 387/466/366 388/468/368 420/492/392
f 414/464/364 415/470/370 447/494/394
f 480/522/422 449/537/437 450/541/441
f 450/541/441 451/545/445 452/544/444
f 452/544/444 453/548/448 454/550/450
f 454/550/450 455/524/424 456/523/423
f 456/523/423 457/526/426 458/528/428
f 458/528/428 459/530/430 460/533/433
f 460/533/433 461/532/432 462/535/435
f 462/535/435 463/540/440 464/520/420
f 464/520/420 465/543/443 466/547/447
f 466/547/447 467/549/449 468/490/390
f 468/490/390 469/525/425 470/527/427
f 470/527/427 471/529/429 472/521/421
f 472/521/421 473/531/431 474/534/434
f 474/534/434 475/536/436 476/539/439
f 476/539/439 477/538/438 478/542/442
f 478/542/442 479/546/446 480/522/422
f 480/522/422 450/541/441 452/544/444
f 452/544/444 454/550/450 456/523/423
f 456/523/423 458/528/428 460/533/433
f 460/533/433 462/535/435 464/520/420
f 464/520/420 466/547/447 468/490/390
f 468/490/390 470/527/427 472/521/421
f 472/521/421 474/534/434 476/539/439
f 476/539/439 478/542/442 480/522/422
f 480/522/422 452/544/444 456/523/423
f 456/523/423 460/533/433 464/520/420
f 464/520/420 468/490/390 472/521/421
f 472/521/421 476/539/439 480/522/422
f 480/522/422 456/523/423 464/520/420
f 423/499/399 424/498/398 456/523/423
f 438/500/400 470/527/427 469/525/425
f 424/498/398 425/501/401 457/526/426
f 439/503/403 471/529/429 470/527/427
f 425/501/401 426/505/405 458/528/428
f 439/503/403 440/502/402 472/521/421
f 426/505/405 427/504/404 459/530/430
f 441/506/406 473/531/431 472/521/421
f 428/509/409 460/533/433 459/530/430
f 442/507/407 474/534/434 473/531/431
f 428/509/409 429/508/408 461/532/432
f 443/512/412 475/536/436 474/534/434
f 429/508/408 430/510/410 462/535/435
f 444/511/411 476/539/439 475/536/436
f 431/516/416 463/540/440 462/535/435
f 418/513/413 450/541/441 449/537/437
f 444/511/411 445/515/415 477/538/438
f 431/516/416 432/517/417 464/520/420
f 419/518/418 451/545/445 450/541/441
f 445/515/415 446/519/419 478/542/442
f 432/517/417 433/458/358 465/543/443
f 419/518/418 420/492/392 452/544/444
f 446/519/419 447/494/394 479/546/446
f 434/457/357 466/547/447 465/543/443
f 421/496/396 453/548/448 452/544/444
f 447/494/394 448/493/393 480/522/422
f 435/495/395 467/549/449 466/547/447
f 422/497/397 454/550/450 453/548/448
f 448/493/393 417/514/414 449/537/437
f 435/495/395 436/491/391 468/490/390
f 422/497/397 423/499/399 455/524/424
f 482/551/276 484/554/276 594/552/451
f 484/554/286 486/556/286 595/555/452
f 486/556/304 488/602/304 596/557/453
f 488/558/264 490/608/264 597/559/454
f 597/559/455 490/608/228 492/561/228
f 598/562/456 492/561/278 494/563/278
f 494/563/292 496/566/292 600/565/457
f 496/566/312 482/551/312 593/553/458
f 499/569/2 498/854/2 497/855/2
f 497/855/2 528/856/2 527/857/2
f 527/857/2 526/858/2 525/859/2
f 525/859/2 524/860/2 523/861/2
f 523/861/2 522/862/2 521/863/2
f 521/863/2 520/864/2 519/865/2
f 519/865/2 518/866/2 517/867/2
f 517/867/2 516/868/2 515/567/2
f 515/567/2 514/869/2 513/870/2
f 513/870/2 512/871/2 511/872/2
f 511/872/2 510/873/2 509/874/2
f 509/874/2 508/875/2 507/568/2
f 507/568/2 506/876/2 505/877/2
f 505/877/2 504/878/2 503/879/2
f 503/879/2 502/880/2 501/881/2
f 501/881/2 500/882/2 499/569/2
f 499/569/2 497/855/2 527/857/2
f 527/857/2 525/859/2 523/861/2
f 523/861/2 521/863/2 519/865/2
f 519/865/2 517/867/2 515/567/2
f 515/567/2 513/870/2 511/872/2
f 511/872/2 509/874/2 507/568/2
f 507/568/2 505/877/2 503/879/2
f 503/879/2 501/881/2 499/569/2
f 499/569/2 527/857/2 523/861/2
f 523/861/2 519/865/2 515/567/2
f 515/567/2 511/872/2 507/568/2
f 507/568/2 503/879/2 499/569/2
f 499/569/2 523/861/2 515/567/2
f 54/46/284 52/60/281 626/570/281
f 34/64/264 617/739/264 618/572/309
f 16/68/282 608/776/282 609/573/286
f 62/574/307 60/7/296 630/575/296
f 44/577/271 42/15/228 621/578/228
f 24/580/305 612/775/305 613/581/304
f 489/583/269 637/745/269 636/584/307
f 6/3/269 603/774/269 604/586/267
f 531/622/499 532/626/503 529/623/500
f 533/625/502 534/628/505 532/626/503
f 535/627/504 536/630/507 534/628/505
f 537/629/506 538/632/509 536/630/507
f 537/629/506 539/633/510 540/631/508
f 539/633/510 541/635/512 542/634/511
f 541/635/512 543/638/515 544/636/513
f 545/637/514 546/640/517 544/636/513
f 547/639/516 548/642/519 546/640/517
f 547/639/516 549/644/521 550/641/518
f 551/643/520 552/646/523 550/641/518
f 553/645/522 554/648/525 552/646/523
f 553/645/522 555/650/527 556/647/524
f 557/649/526 558/652/529 556/647/524
f 559/651/528 560/654/531 558/652/529
f 561/653/530 562/656/533 560/654/531
f 563/655/532 564/658/535 562/656/533
f 563/655/532 565/660/537 566/657/534
f 567/659/536 568/662/539 566/657/534
f 569/661/538 570/664/541 568/662/539
f 569/661/538 571/665/542 572/663/540
f 571/665/542 573/668/545 574/666/543
f 575/667/544 576/670/547 574/666/543
f 577/669/546 578/672/549 576/670/547
f 579/671/548 580/674/551 578/672/549
f 581/673/550 582/676/553 580/674/551
f 583/675/552 584/678/555 582/676/553
f 585/677/554 586/680/557 584/678/555
f 587/679/556 588/682/559 586/680/557
f 589/681/558 590/684/561 588/682/559
f 589/681/558 591/685/562 592/683/560
f 591/685/562 530/624/501 529/623/500
f 1/686/563 530/624/501 591/685/562
f 529/623/500 97/113/45 128/115/47
f 3/688/565 531/622/499 530/624/501
f 532/626/503 98/136/68 97/113/45
f 534/628/505 99/129/61 98/136/68
f 5/689/566 533/625/502 531/622/499
f 7/690/567 535/627/504 533/625/502
f 536/630/507 100/125/57 99/129/61
f 538/632/509 101/119/51 100/125/57
f 9/691/568 537/629/506 535/627/504
f 540/631/508 102/111/43 101/119/51
f 11/692/569 539/633/510 537/629/506
f 542/634/511 103/108/40 102/111/43
f 11/692/569 13/693/570 541/635/512
f 544/636/513 104/104/36 103/108/40
f 13/693/570 15/695/572 543/638/515
f 546/640/517 105/99/31 104/104/36
f 17/694/571 545/637/514 543/638/515
f 548/642/519 106/94/26 105/99/31
f 17/694/571 19/696/573 547/639/516
f 550/641/518 107/88/20 106/94/26
f 19/696/573 21/698/575 549/644/521
f 552/646/523 108/82/14 107/88/20
f 23/697/574 551/643/520 549/644/521
f 23/697/574 25/700/577 553/645/522
f 554/648/525 109/80/12 108/82/14
f 554/648/525 556/647/524 110/193/125
f 27/699/576 555/650/527 553/645/522
f 558/652/529 111/192/124 110/193/125
f 27/699/576 29/702/579 557/649/526
f 560/654/531 112/197/129 111/192/124
f 31/701/578 559/651/528 557/649/526
f 562/656/533 113/200/132 112/197/129
f 31/701/578 33/704/581 561/653/530
f 564/658/535 114/203/135 113/200/132
f 35/703/580 563/655/532 561/653/530
f 566/657/534 115/206/138 114/203/135
f 35/703/580 37/706/583 565/660/537
f 566/657/534 568/662/539 116/212/144
f 39/705/582 567/659/536 565/660/537
f 39/705/582 41/708/585 569/661/538
f 570/664/541 117/211/143 116/212/144
f 572/663/540 118/218/150 117/211/143
f 43/707/584 571/665/542 569/661/538
f 574/666/543 119/217/149 118/218/150
f 43/707/584 45/710/587 573/668/545
f 576/670/547 120/221/153 119/217/149
f 47/709/586 575/667/544 573/668/545
f 578/672/549 121/224/156 120/221/153
f 49/711/588 577/669/546 575/667/544
f 580/674/551 122/227/159 121/224/156
f 51/712/589 579/671/548 577/669/546
f 582/676/553 123/230/162 122/227/159
f 53/713/590 581/673/550 579/671/548
f 584/678/555 124/137/69 123/230/162
f 55/714/591 583/675/552 581/673/550
f 584/678/555 586/680/557 125/132/64
f 55/714/591 57/715/592 585/677/554
f 57/715/592 59/716/593 587/679/556
f 588/682/559 126/127/59 125/132/64
f 590/684/561 127/121/53 126/127/59
f 59/716/593 61/717/594 589/681/558
f 592/683/560 128/115/47 127/121/53
f 63/687/564 591/685/562 589/681/558
f 600/718/458 593/883/458 481/719/1
f 599/721/457 600/718/457 495/720/1
f 598/723/456 599/721/456 493/722/1
f 597/725/455 598/723/455 491/724/1
f 596/726/454 597/725/454 489/583/1
f 595/727/453 596/726/453 487/585/1
f 594/729/452 595/727/452 485/728/1
f 481/719/1 593/883/451 594/729/451
f 632/753/1 631/576/1 640/732/1
f 633/733/1 603/774/1 601/764/1
f 602/731/1 632/753/1 640/732/1
f 633/733/1 601/764/1 602/731/1
f 624/763/1 623/749/1 638/734/1
f 639/735/1 627/571/1 626/570/1
f 625/736/1 624/763/1 638/734/1
f 639/735/1 626/570/1 625/736/1
f 616/771/1 615/760/1 636/737/1
f 637/738/1 619/755/1 618/572/1
f 617/739/1 616/771/1 636/737/1
f 637/738/1 618/572/1 617/739/1
f 608/776/1 607/768/1 634/740/1
f 635/741/1 611/766/1 610/754/1
f 609/573/1 608/776/1 634/740/1
f 635/741/1 610/754/1 609/573/1
f 604/586/1 603/774/1 633/733/1
f 634/740/1 607/768/1 606/757/1
f 605/742/1 604/586/1 633/733/1
f 634/740/1 606/757/1 605/742/1
f 612/775/1 611/766/1 635/741/1
f 636/737/1 615/760/1 614/746/1
f 613/581/1 612/775/1 635/741/1
f 636/737/1 614/746/1 613/581/1
f 620/767/1 619/755/1 637/738/1
f 638/734/1 623/749/1 622/579/1
f 621/578/1 620/767/1 637/738/1
f 638/734/1 622/579/1 621/578/1
f 628/756/1 627/571/1 639/735/1
f 640/732/1 631/576/1 630/575/1
f 629/743/1 628/756/1 639/735/1
f 640/732/1 630/575/1 629/743/1
f 10/744/276 8/1/267 604/586/267
f 491/724/283 638/759/283 637/745/269
f 26/582/304 613/581/304 614/746/310
f 46/748/270 44/577/271 622/579/271
f 481/719/308 483/730/270 634/750/270
f 64/752/306 62/574/307 631/576/307
f 18/55/286 609/573/286 610/754/290
f 38/38/308 36/52/309 618/572/309
f 54/46/284 627/571/284 628/756/288
f 10/744/276 605/742/276 606/757/279
f 493/722/294 639/770/294 638/759/283
f 28/747/310 614/746/310 615/760/316
f 48/762/274 46/748/270 623/749/270
f 2/47/312 602/731/312 601/764/322
f 2/47/312 64/752/306 632/753/306
f 483/730/270 485/728/284 635/765/284
f 20/42/290 610/754/290 611/766/294
f 40/17/314 38/38/308 619/755/308
f 58/9/292 56/32/288 628/756/288
f 12/758/279 606/757/279 607/768/283
f 495/720/316 640/777/316 639/770/294
f 30/761/316 615/760/316 616/771/266
f 50/773/278 48/762/274 624/763/274
f 4/27/322 601/764/322 603/774/269
f 485/728/284 487/585/307 636/584/307
f 22/22/294 611/766/294 612/775/305
f 42/15/228 40/17/314 620/767/314
f 58/9/292 629/743/292 630/575/296
f 14/769/283 607/768/283 608/776/282
f 481/719/308 633/751/308 640/777/316
f 32/772/266 616/771/266 617/739/264
f 52/60/281 50/773/278 625/736/278
f 672/26/306 641/33/312 1/778/312
f 671/19/307 672/26/306 63/779/306
f 670/12/296 671/19/307 61/780/307
f 57/782/292 669/10/292 670/12/296
f 55/783/288 668/785/288 669/10/292
f 53/784/284 667/787/284 668/785/288
f 51/786/281 666/849/281 667/787/284
f 665/788/278 666/849/281 51/786/281
f 47/790/274 664/792/274 665/788/278
f 45/791/270 663/794/270 664/792/274
f 43/793/271 662/851/271 663/794/270
f 661/795/228 662/851/271 43/793/271
f 39/797/314 660/799/314 661/795/228
f 37/798/308 659/852/308 660/799/314
f 658/800/309 659/852/308 37/798/308
f 33/802/264 657/804/264 658/800/309
f 31/803/266 656/853/266 657/804/264
f 655/70/316 656/853/266 31/803/266
f 654/66/310 655/70/316 29/805/316
f 653/62/304 654/66/310 27/806/310
f 23/808/305 652/58/305 653/62/304
f 651/53/294 652/58/305 23/808/305
f 650/50/290 651/53/294 21/809/294
f 649/44/286 650/50/290 19/810/290
f 648/40/282 649/44/286 17/811/286
f 647/36/283 648/40/282 15/812/282
f 646/30/279 647/36/283 13/813/283
f 645/21/276 646/30/279 11/814/279
f 644/13/267 645/21/276 9/815/276
f 643/6/269 644/13/267 7/816/267
f 642/4/322 643/6/269 5/817/269
f 641/33/312 642/4/322 3/818/322
f 674/48/312 673/28/322 706/819/322
f 673/28/322 676/2/269 707/5/269
f 707/5/269 676/2/269 677/820/267
f 677/820/267 678/821/276 709/20/276
f 678/821/276 679/822/279 710/29/279
f 679/822/279 680/823/283 711/35/283
f 680/823/283 681/67/282 712/39/282
f 681/67/282 682/56/286 713/43/286
f 682/56/286 683/41/290 714/49/290
f 683/41/290 684/24/294 715/54/294
f 684/24/294 685/23/305 716/57/305
f 716/57/305 685/23/305 686/824/304
f 686/824/304 687/825/310 718/65/310
f 687/825/310 688/826/316 719/69/316
f 688/826/316 689/828/266 720/827/266
f 689/828/266 690/63/264 721/829/264
f 690/63/264 691/51/309 722/830/309
f 691/51/309 692/37/308 723/831/308
f 723/831/308 692/37/308 693/16/314
f 724/832/314 693/16/314 694/833/228
f 694/833/228 695/848/271 726/835/271
f 726/835/271 695/848/271 696/836/270
f 727/837/270 696/836/270 697/838/274
f 728/839/274 697/838/274 698/840/278
f 698/840/278 699/59/281 730/842/281
f 730/842/281 699/59/281 700/45/284
f 731/843/284 700/45/284 701/31/288
f 732/844/288 701/31/288 702/8/292
f 733/845/292 702/8/292 703/846/296
f 703/846/296 704/847/307 735/18/307
f 704/847/307 705/850/306 736/25/306
f 736/25/306 705/850/306 674/48/312
f 669/10/2 668/785/2 732/844/2
f 26/582/1 686/824/1 685/23/1
f 641/33/2 675/34/2 706/819/2
f 667/787/2 731/843/2 732/844/2
f 42/15/1 44/577/1 695/848/1
f 667/787/2 666/849/2 730/842/2
f 60/7/1 62/574/1 704/847/1
f 10/744/1 678/821/1 677/820/1
f 665/788/2 729/841/2 730/842/2
f 28/747/1 687/825/1 686/824/1
f 665/788/2 664/792/2 728/839/2
f 46/748/1 696/836/1 695/848/1
f 663/794/2 727/837/2 728/839/2
f 62/574/1 64/752/1 705/850/1
f 12/758/1 679/822/1 678/821/1
f 662/851/2 726/835/2 727/837/2
f 28/747/1 30/761/1 688/826/1
f 661/795/2 725/834/2 726/835/2
f 46/748/1 48/762/1 697/838/1
f 661/795/2 660/799/2 724/832/2
f 2/47/1 674/48/1 705/850/1
f 14/769/1 680/823/1 679/822/1
f 660/799/2 659/852/2 723/831/2
f 30/761/1 32/772/1 689/828/1
f 659/852/2 658/800/2 722/830/2
f 50/773/1 698/840/1 697/838/1
f 657/804/2 721/829/2 722/830/2
f 14/769/1 16/68/1 681/67/1
f 657/804/2 656/853/2 720/827/2
f 34/64/1 690/63/1 689/828/1
f 655/70/2 719/69/2 720/827/2
f 52/60/1 699/59/1 698/840/1
o Cylinder.001
v 0.000000 1.319592 0.280814
v 0.054784 1.319592 0.275418
v 0.107463 1.319592 0.259438
v 0.156012 1.319592 0.233488
v 0.198566 1.319592 0.198566
v 0.233488 1.319593 0.156012
v 0.259438 1.319593 0.107463
v 0.275418 1.319593 0.054784
v 0.280814 1.319593 0.000000
v 0.275418 1.319593 -0.054784
v 0.259438 1.319593 -0.107463
v 0.233488 1.319593 -0.156012
v 0.198566 1.319593 -0.198565
v 0.156012 1.319592 -0.233488
v 0.107463 1.319593 -0.259438
v 0.054784 1.319593 -0.275418
v 0.000000 1.319593 -0.280814
v -0.054784 1.319593 -0.275418
v -0.107463 1.319593 -0.259438
v -0.156012 1.319592 -0.233488
v -0.198566 1.319593 -0.198565
v -0.233488 1.319593 -0.156012
v -0.259438 1.319593 -0.107463
v -0.275418 1.319593 -0.054784
v -0.280814 1.319593 0.000000
v -0.275418 1.319593 0.054784
v -0.259438 1.319593 0.107463
v -0.233488 1.319593 0.156012
v -0.198566 1.319592 0.198566
v -0.156012 1.319592 0.233488
v -0.107463 1.319592 0.259438
v -0.054784 1.319592 0.275418
v 0.024475 1.269260 0.279746
v 0.078580 1.269260 0.269596
v 0.129666 1.269260 0.249085
v 0.175768 1.269260 0.219003
v 0.215116 1.269260 0.180504
v 0.246197 1.269260 0.135069
v 0.267817 1.269260 0.084443
v 0.279145 1.269260 0.030571
v 0.279746 1.269260 -0.024475
v 0.269596 1.269260 -0.078580
v 0.249085 1.269260 -0.129665
v 0.219003 1.269260 -0.175768
v 0.180504 1.269260 -0.215116
v 0.135068 1.269260 -0.246197
v 0.084442 1.269260 -0.267817
v 0.030571 1.269260 -0.279145
v -0.024475 1.269260 -0.279745
v -0.078580 1.269260 -0.269595
v -0.129666 1.269260 -0.249085
v -0.175768 1.269260 -0.219003
v -0.215116 1.269260 -0.180504
v -0.246197 1.269260 -0.135068
v -0.267817 1.269260 -0.084442
v -0.279145 1.269260 -0.030571
v -0.279746 1.269260 0.024475
v -0.269596 1.269260 0.078580
v -0.249085 1.269260 0.129666
v -0.219003 1.269260 0.175768
v -0.180504 1.269260 0.215116
v -0.135068 1.269260 0.246197
v -0.084442 1.269260 0.267817
v -0.030571 1.269260 0.279145
vn -0.0000 1.0000 -0.0000
vt 0.295651 0.481735
vt 0.014619 0.297920
vt 0.198434 0.016888
vt 0.244711 0.011871
vt 0.291078 0.015978
vt 0.335753 0.029052
vt 0.377019 0.050591
vt 0.413290 0.079767
vt 0.443172 0.115458
vt 0.465517 0.156293
vt 0.479466 0.200703
vt 0.484483 0.246980
vt 0.480376 0.293348
vt 0.467301 0.338022
vt 0.445763 0.379288
vt 0.416587 0.415559
vt 0.380896 0.445441
vt 0.340061 0.467786
vt 0.249374 0.486752
vt 0.203007 0.482645
vt 0.158332 0.469570
vt 0.117066 0.448031
vt 0.080795 0.418856
vt 0.050913 0.383165
vt 0.028568 0.342330
vt 0.009602 0.251643
vt 0.013709 0.205276
vt 0.026784 0.160601
vt 0.048323 0.119335
vt 0.077498 0.083064
vt 0.113189 0.053182
vt 0.154024 0.030837
s 0
usemtl Material
f 752/884/595 760/885/595 768/886/595
f 784/884/595 792/885/595 800/886/595
f 768/886/595 737/887/595 738/888/595
f 738/888/595 739/889/595 740/890/595
f 740/890/595 741/891/595 742/892/595
f 742/892/595 743/893/595 744/894/595
f 744/894/595 745/895/595 746/896/595
f 746/896/595 747/897/595 748/898/595
f 748/898/595 749/899/595 750/900/595
f 750/900/595 751/901/595 752/884/595
f 752/884/595 753/902/595 754/903/595
f 754/903/595 755/904/595 756/905/595
f 756/905/595 757/906/595 758/907/595
f 758/907/595 759/908/595 760/885/595
f 760/885/595 761/909/595 762/910/595
f 762/910/595 763/911/595 764/912/595
f 764/912/595 765/913/595 766/914/595
f 766/914/595 767/915/595 768/886/595
f 768/886/595 738/888/595 740/890/595
f 740/890/595 742/892/595 744/894/595
f 744/894/595 746/896/595 748/898/595
f 748/898/595 750/900/595 752/884/595
f 752/884/595 754/903/595 756/905/595
f 756/905/595 758/907/595 760/885/595
f 760/885/595 762/910/595 764/912/595
f 764/912/595 766/914/595 768/886/595
f 768/886/595 740/890/595 744/894/595
f 744/894/595 748/898/595 752/884/595
f 752/884/595 756/905/595 760/885/595
f 760/885/595 764/912/595 768/886/595
f 768/886/595 744/894/595 752/884/595
f 800/886/595 769/887/595 770/888/595
f 770/888/595 771/889/595 772/890/595
f 772/890/595 773/891/595 774/892/595
f 774/892/595 775/893/595 776/894/595
f 776/894/595 777/895/595 778/896/595
f 778/896/595 779/897/595 780/898/595
f 780/898/595 781/899/595 782/900/595
f 782/900/595 783/901/595 784/884/595
f 784/884/595 785/902/595 786/903/595
f 786/903/595 787/904/595 788/905/595
f 788/905/595 789/906/595 790/907/595
f 790/907/595 791/908/595 792/885/595
f 792/885/595 793/909/595 794/910/595
f 794/910/595 795/911/595 796/912/595
f 796/912/595 797/913/595 798/914/595
f 798/914/595 799/915/595 800/886/595
f 800/886/595 770/888/595 772/890/595
f 772/890/595 774/892/595 776/894/595
f 776/894/595 778/896/595 780/898/595
f 780/898/595 782/900/595 784/884/595
f 784/884/595 786/903/595 788/905/595
f 788/905/595 790/907/595 792/885/595
f 792/885/595 794/910/595 796/912/595
f 796/912/595 798/914/595 800/886/595
f 800/886/595 772/890/595 776/894/595
f 776/894/595 780/898/595 784/884/595
f 784/884/595 788/905/595 792/885/595
f 792/885/595 796/912/595 800/886/595
f 800/886/595 776/894/595 784/884/595
o Cylinder.002
v 0.000000 1.310697 0.275959
v 0.053837 1.310697 0.270657
v 0.105605 1.310697 0.254953
v 0.153315 1.310697 0.229452
v 0.195132 1.310697 0.195133
v 0.229452 1.310697 0.153315
v 0.254953 1.310697 0.105605
v 0.270657 1.310697 0.053837
v 0.275959 1.310697 0.000000
v 0.270657 1.310697 -0.053837
v 0.254953 1.310697 -0.105605
v 0.229452 1.310697 -0.153315
v 0.195132 1.310697 -0.195132
v 0.153315 1.310697 -0.229451
v 0.105605 1.310697 -0.254953
v 0.053837 1.310697 -0.270656
v 0.000000 1.310697 -0.275959
v -0.053837 1.310697 -0.270656
v -0.105605 1.310697 -0.254953
v -0.153315 1.310697 -0.229451
v -0.195132 1.310697 -0.195132
v -0.229452 1.310697 -0.153315
v -0.254953 1.310697 -0.105605
v -0.270657 1.310697 -0.053837
v -0.275959 1.310697 0.000000
v -0.270657 1.310697 0.053837
v -0.254953 1.310697 0.105605
v -0.229452 1.310697 0.153315
v -0.195132 1.310697 0.195133
v -0.153315 1.310697 0.229452
v -0.105605 1.310697 0.254953
v -0.053837 1.310697 0.270657
v 0.053837 1.329883 0.270657
v 0.000000 1.329883 0.275959
v 0.105605 1.329883 0.254953
v 0.153315 1.329883 0.229452
v 0.195132 1.329883 0.195133
v 0.229452 1.329883 0.153315
v 0.254953 1.329883 0.105605
v 0.270657 1.329883 0.053837
v 0.275959 1.329883 0.000000
v 0.270657 1.329883 -0.053837
v 0.254953 1.329883 -0.105605
v 0.229452 1.329883 -0.153315
v 0.195132 1.329883 -0.195132
v 0.153315 1.329883 -0.229451
v 0.105605 1.329883 -0.254953
v 0.053837 1.329883 -0.270656
v 0.000000 1.329883 -0.275959
v -0.053837 1.329883 -0.270656
v -0.105605 1.329883 -0.254953
v -0.153315 1.329883 -0.229451
v -0.195132 1.329883 -0.195132
v -0.229452 1.329883 -0.153315
v -0.254953 1.329883 -0.105605
v -0.270657 1.329883 -0.053837
v -0.275959 1.329883 0.000000
v -0.270657 1.329883 0.053837
v -0.254953 1.329883 0.105605
v -0.229452 1.329883 0.153315
v -0.195132 1.329883 0.195133
v -0.153315 1.329883 0.229452
v -0.105605 1.329883 0.254953
v -0.053837 1.329883 0.270657
v 0.050731 1.310697 0.255040
v 0.000000 1.310697 0.260036
v 0.099511 1.310697 0.240242
v 0.144468 1.310697 0.216212
v 0.183873 1.310697 0.183873
v 0.216212 1.310697 0.144468
v 0.240242 1.310697 0.099512
v 0.255039 1.310697 0.050731
v 0.260036 1.310697 0.000000
v 0.255039 1.310697 -0.050730
v 0.240242 1.310697 -0.099511
v 0.216212 1.310697 -0.144468
v 0.183873 1.310697 -0.183873
v 0.144468 1.310697 -0.216212
v 0.099511 1.310697 -0.240242
v 0.050731 1.310697 -0.255039
v 0.000000 1.310697 -0.260036
v -0.050730 1.310697 -0.255039
v -0.099511 1.310697 -0.240242
v -0.144468 1.310697 -0.216212
v -0.183873 1.310697 -0.183873
v -0.216212 1.310697 -0.144468
v -0.240242 1.310697 -0.099511
v -0.255039 1.310697 -0.050730
v -0.260036 1.310697 0.000000
v -0.255039 1.310697 0.050731
v -0.240242 1.310697 0.099512
v -0.216212 1.310697 0.144468
v -0.183873 1.310697 0.183873
v -0.144468 1.310697 0.216212
v -0.099511 1.310697 0.240242
v -0.050731 1.310697 0.255040
v 0.050731 1.329883 0.255040
v 0.000000 1.329883 0.260036
v 0.099511 1.329883 0.240242
v 0.144468 1.329883 0.216212
v 0.183873 1.329883 0.183873
v 0.216212 1.329883 0.144468
v 0.240242 1.329883 0.099512
v 0.255039 1.329883 0.050731
v 0.260036 1.329883 0.000000
v 0.255039 1.329883 -0.050730
v 0.240242 1.329883 -0.099511
v 0.216212 1.329883 -0.144468
v 0.183873 1.329883 -0.183873
v 0.144468 1.329883 -0.216212
v 0.099511 1.329883 -0.240242
v 0.050731 1.329883 -0.255039
v 0.000000 1.329883 -0.260036
v -0.050730 1.329883 -0.255039
v -0.099511 1.329883 -0.240242
v -0.144468 1.329883 -0.216212
v -0.183873 1.329883 -0.183873
v -0.216212 1.329883 -0.144468
v -0.240242 1.329883 -0.099511
v -0.255039 1.329883 -0.050730
v -0.260036 1.329883 0.000000
v -0.255039 1.329883 0.050731
v -0.240242 1.329883 0.099512
v -0.216212 1.329883 0.144468
v -0.183873 1.329883 0.183873
v -0.144468 1.329883 0.216212
v -0.099511 1.329883 0.240242
v -0.050731 1.329883 0.255040
vn -0.0000 -0.6857 0.7279
vn 0.1420 -0.6857 0.7139
vn 0.2785 -0.6857 0.6725
vn 0.4044 -0.6857 0.6052
vn 0.5147 -0.6857 0.5147
vn 0.6052 -0.6857 0.4044
vn 0.6725 -0.6857 0.2785
vn 0.7139 -0.6857 0.1420
vn 0.7279 -0.6857 -0.0000
vn 0.7139 -0.6857 -0.1420
vn 0.6725 -0.6857 -0.2786
vn 0.6052 -0.6857 -0.4044
vn 0.5147 -0.6857 -0.5147
vn 0.4044 -0.6857 -0.6052
vn 0.2785 -0.6857 -0.6725
vn 0.1420 -0.6857 -0.7139
vn -0.0000 -0.6857 -0.7279
vn -0.1420 -0.6857 -0.7139
vn -0.2785 -0.6857 -0.6725
vn -0.4044 -0.6857 -0.6052
vn -0.5147 -0.6857 -0.5147
vn -0.6052 -0.6857 -0.4044
vn -0.6725 -0.6857 -0.2786
vn -0.7139 -0.6857 -0.1420
vn -0.7279 -0.6857 -0.0000
vn -0.7139 -0.6857 0.1420
vn -0.6725 -0.6857 0.2785
vn -0.6052 -0.6857 0.4044
vn -0.5147 -0.6857 0.5147
vn -0.4044 -0.6857 0.6052
vn -0.2785 -0.6857 0.6725
vn -0.1420 -0.6857 0.7139
vn 0.1420 0.6857 0.7139
vn -0.0000 0.6857 0.7279
vn 0.2785 0.6857 0.6725
vn 0.4044 0.6857 0.6052
vn 0.5147 0.6857 0.5147
vn 0.6052 0.6857 0.4044
vn 0.6725 0.6857 0.2785
vn 0.7139 0.6857 0.1420
vn 0.7279 0.6857 -0.0000
vn 0.7139 0.6857 -0.1420
vn 0.6725 0.6857 -0.2786
vn 0.6052 0.6857 -0.4044
vn 0.5147 0.6857 -0.5147
vn 0.4044 0.6857 -0.6052
vn 0.2785 0.6857 -0.6725
vn 0.1420 0.6857 -0.7139
vn -0.0000 0.6857 -0.7279
vn -0.1420 0.6857 -0.7139
vn -0.2786 0.6857 -0.6725
vn -0.4044 0.6857 -0.6052
vn -0.5147 0.6857 -0.5147
vn -0.6052 0.6857 -0.4044
vn -0.6725 0.6857 -0.2785
vn -0.7139 0.6857 -0.1420
vn -0.7279 0.6857 -0.0000
vn -0.7139 0.6857 0.1420
vn -0.6725 0.6857 0.2785
vn -0.6052 0.6857 0.4044
vn -0.5147 0.6857 0.5147
vn -0.4044 0.6857 0.6052
vn -0.2785 0.6857 0.6725
vn -0.1420 0.6857 0.7139
vn -0.1334 -0.7298 -0.6705
vn -0.0000 -0.7298 -0.6836
vn -0.2616 -0.7298 -0.6316
vn -0.3798 -0.7298 -0.5684
vn -0.4834 -0.7298 -0.4834
vn -0.5684 -0.7299 -0.3798
vn -0.6316 -0.7298 -0.2616
vn -0.6705 -0.7298 -0.1334
vn -0.6836 -0.7299 -0.0000
vn -0.6705 -0.7298 0.1334
vn -0.6316 -0.7298 0.2616
vn -0.5684 -0.7298 0.3798
vn -0.4834 -0.7299 0.4834
vn -0.3798 -0.7298 0.5684
vn -0.2616 -0.7298 0.6316
vn -0.1334 -0.7298 0.6705
vn -0.0000 -0.7298 0.6836
vn 0.1334 -0.7298 0.6705
vn 0.2616 -0.7299 0.6316
vn 0.3798 -0.7298 0.5684
vn 0.4834 -0.7298 0.4834
vn 0.5684 -0.7298 0.3798
vn 0.6316 -0.7298 0.2616
vn 0.6705 -0.7298 0.1334
vn 0.6836 -0.7298 -0.0000
vn 0.6705 -0.7298 -0.1334
vn 0.6316 -0.7298 -0.2616
vn 0.5684 -0.7299 -0.3798
vn 0.4834 -0.7298 -0.4834
vn 0.3798 -0.7298 -0.5684
vn 0.2616 -0.7298 -0.6316
vn 0.1334 -0.7298 -0.6705
vn -0.1334 0.7298 -0.6705
vn -0.0000 0.7298 -0.6836
vn -0.2616 0.7298 -0.6316
vn -0.3798 0.7299 -0.5684
vn -0.4834 0.7298 -0.4834
vn -0.5684 0.7298 -0.3798
vn -0.6316 0.7299 -0.2616
vn -0.6705 0.7298 -0.1334
vn -0.6836 0.7298 -0.0000
vn -0.6705 0.7299 0.1334
vn -0.6316 0.7298 0.2616
vn -0.5684 0.7298 0.3798
vn -0.4834 0.7298 0.4834
vn -0.3798 0.7299 0.5684
vn -0.2616 0.7299 0.6316
vn -0.1334 0.7298 0.6705
vn -0.0000 0.7298 0.6836
vn 0.1334 0.7298 0.6705
vn 0.2616 0.7298 0.6316
vn 0.3798 0.7299 0.5684
vn 0.4834 0.7298 0.4834
vn 0.5684 0.7298 0.3798
vn 0.6316 0.7298 0.2616
vn 0.6705 0.7298 0.1334
vn 0.6836 0.7298 -0.0000
vn 0.6705 0.7298 -0.1334
vn 0.6316 0.7299 -0.2616
vn 0.5684 0.7298 -0.3798
vn 0.4834 0.7299 -0.4834
vn 0.3798 0.7298 -0.5684
vn 0.2616 0.7299 -0.6316
vn 0.1334 0.7298 -0.6705
vt 0.009673 0.874687
vt 0.009627 0.874733
vt 0.009086 0.874444
vt 0.009099 0.874380
vt 0.009747 0.874444
vt 0.009734 0.874380
vt 0.009124 0.874320
vt 0.009573 0.874769
vt 0.009160 0.874266
vt 0.009513 0.874794
vt 0.009206 0.874220
vt 0.009449 0.874807
vt 0.009260 0.874184
vt 0.009384 0.874807
vt 0.009320 0.874159
vt 0.009320 0.874794
vt 0.009384 0.874146
vt 0.009260 0.874769
vt 0.009449 0.874146
vt 0.009206 0.874733
vt 0.009513 0.874159
vt 0.009160 0.874687
vt 0.009573 0.874184
vt 0.009124 0.874633
vt 0.009747 0.874509
vt 0.009627 0.874220
vt 0.009099 0.874573
vt 0.009734 0.874573
vt 0.009673 0.874266
vt 0.009086 0.874509
vt 0.009709 0.874633
vt 0.009709 0.874320
s 1
usemtl Material
f 901/916/696 870/917/665 869/916/664
f 914/918/709 883/919/678 882/918/677
f 819/919/614 850/918/645 818/918/613
f 806/917/601 837/916/632 805/916/600
f 801/920/596 864/921/659 832/921/627
f 819/919/614 852/922/647 851/919/646
f 807/923/602 838/917/633 806/917/601
f 821/924/616 852/922/647 820/922/615
f 808/925/603 839/923/634 807/923/602
f 822/926/617 853/924/648 821/924/616
f 809/927/604 840/925/635 808/925/603
f 823/928/618 854/926/649 822/926/617
f 810/929/605 841/927/636 809/927/604
f 824/930/619 855/928/650 823/928/618
f 811/931/606 842/929/637 810/929/605
f 825/932/620 856/930/651 824/930/619
f 812/933/607 843/931/638 811/931/606
f 826/934/621 857/932/652 825/932/620
f 813/935/608 844/933/639 812/933/607
f 827/936/622 858/934/653 826/934/621
f 813/935/608 846/937/641 845/935/640
f 828/938/623 859/936/654 827/936/622
f 815/939/610 846/937/641 814/937/609
f 802/940/597 834/920/629 801/920/596
f 828/938/623 861/941/656 860/938/655
f 816/942/611 847/939/642 815/939/610
f 803/943/598 833/940/628 802/940/597
f 830/944/625 861/941/656 829/941/624
f 817/945/612 848/942/643 816/942/611
f 804/946/599 835/943/630 803/943/598
f 831/947/626 862/944/657 830/944/625
f 818/918/613 849/945/644 817/945/612
f 805/916/600 836/946/631 804/946/599
f 832/921/627 863/947/658 831/947/626
f 928/921/723 866/920/661 896/921/691
f 883/919/678 916/922/711 884/922/679
f 870/917/665 903/923/698 871/923/666
f 916/922/711 885/924/680 884/922/679
f 903/923/698 872/925/667 871/923/666
f 917/924/712 886/926/681 885/924/680
f 904/925/699 873/927/668 872/925/667
f 918/926/713 887/928/682 886/926/681
f 873/927/668 906/929/701 874/929/669
f 919/928/714 888/930/683 887/928/682
f 906/929/701 875/931/670 874/929/669
f 920/930/715 889/932/684 888/930/683
f 907/931/702 876/933/671 875/931/670
f 921/932/716 890/934/685 889/932/684
f 908/933/703 877/935/672 876/933/671
f 922/934/717 891/936/686 890/934/685
f 877/935/672 910/937/705 878/937/673
f 923/936/718 892/938/687 891/936/686
f 910/937/705 879/939/674 878/937/673
f 898/920/693 865/940/660 866/920/661
f 892/938/687 925/941/720 893/941/688
f 911/939/706 880/942/675 879/939/674
f 897/940/692 867/943/662 865/940/660
f 925/941/720 894/944/689 893/941/688
f 912/942/707 881/945/676 880/942/675
f 899/943/694 868/946/663 867/943/662
f 926/944/721 895/947/690 894/944/689
f 913/945/708 882/918/677 881/945/676
f 900/946/695 869/916/664 868/946/663
f 927/947/722 896/921/691 895/947/690
f 872/925/667 809/927/604 808/925/603
f 862/944/657 925/941/720 861/941/656
f 836/946/631 899/943/694 835/943/630
f 873/927/668 810/929/605 809/927/604
f 927/947/722 862/944/657 863/947/658
f 837/916/632 900/946/695 836/946/631
f 874/929/669 811/931/606 810/929/605
f 928/921/723 863/947/658 864/921/659
f 902/917/697 837/916/632 838/917/633
f 875/931/670 812/933/607 811/931/606
f 898/920/693 864/921/659 834/920/629
f 903/923/698 838/917/633 839/923/634
f 812/933/607 877/935/672 813/935/608
f 840/925/635 903/923/698 839/923/634
f 813/935/608 878/937/673 814/937/609
f 905/927/700 840/925/635 841/927/636
f 814/937/609 879/939/674 815/939/610
f 906/929/701 841/927/636 842/929/637
f 879/939/674 816/942/611 815/939/610
f 843/931/638 906/929/701 842/929/637
f 816/942/611 881/945/676 817/945/612
f 908/933/703 843/931/638 844/933/639
f 881/945/676 818/918/613 817/945/612
f 909/935/704 844/933/639 845/935/640
f 818/918/613 883/919/678 819/919/614
f 846/937/641 909/935/704 845/935/640
f 819/919/614 884/922/679 820/922/615
f 911/939/706 846/937/641 847/939/642
f 884/922/679 821/924/616 820/922/615
f 848/942/643 911/939/706 847/939/642
f 885/924/680 822/926/617 821/924/616
f 913/945/708 848/942/643 849/945/644
f 886/926/681 823/928/618 822/926/617
f 850/918/645 913/945/708 849/945/644
f 823/928/618 888/930/683 824/930/619
f 915/919/710 850/918/645 851/919/646
f 888/930/683 825/932/620 824/930/619
f 916/922/711 851/919/646 852/922/647
f 889/932/684 826/934/621 825/932/620
f 917/924/712 852/922/647 853/924/648
f 826/934/621 891/936/686 827/936/622
f 854/926/649 917/924/712 853/924/648
f 827/936/622 892/938/687 828/938/623
f 866/920/661 802/940/597 801/920/596
f 919/928/714 854/926/649 855/928/650
f 892/938/687 829/941/624 828/938/623
f 802/940/597 867/943/662 803/943/598
f 920/930/715 855/928/650 856/930/651
f 829/941/624 894/944/689 830/944/625
f 867/943/662 804/946/599 803/943/598
f 921/932/716 856/930/651 857/932/652
f 894/944/689 831/947/626 830/944/625
f 804/946/599 869/916/664 805/916/600
f 858/934/653 921/932/716 857/932/652
f 895/947/690 832/921/627 831/947/626
f 805/916/600 870/917/665 806/917/601
f 923/936/718 858/934/653 859/936/654
f 896/921/691 801/920/596 832/921/627
f 870/917/665 807/923/602 806/917/601
f 860/938/655 923/936/718 859/936/654
f 897/940/692 834/920/629 833/940/628
f 871/923/666 808/925/603 807/923/602
f 861/941/656 924/938/719 860/938/655
f 899/943/694 833/940/628 835/943/630
f 901/916/696 902/917/697 870/917/665
f 914/918/709 915/919/710 883/919/678
f 819/919/614 851/919/646 850/918/645
f 806/917/601 838/917/633 837/916/632
f 801/920/596 834/920/629 864/921/659
f 819/919/614 820/922/615 852/922/647
f 807/923/602 839/923/634 838/917/633
f 821/924/616 853/924/648 852/922/647
f 808/925/603 840/925/635 839/923/634
f 822/926/617 854/926/649 853/924/648
f 809/927/604 841/927/636 840/925/635
f 823/928/618 855/928/650 854/926/649
f 810/929/605 842/929/637 841/927/636
f 824/930/619 856/930/651 855/928/650
f 811/931/606 843/931/638 842/929/637
f 825/932/620 857/932/652 856/930/651
f 812/933/607 844/933/639 843/931/638
f 826/934/621 858/934/653 857/932/652
f 813/935/608 845/935/640 844/933/639
f 827/936/622 859/936/654 858/934/653
f 813/935/608 814/937/609 846/937/641
f 828/938/623 860/938/655 859/936/654
f 815/939/610 847/939/642 846/937/641
f 802/940/597 833/940/628 834/920/629
f 828/938/623 829/941/624 861/941/656
f 816/942/611 848/942/643 847/939/642
f 803/943/598 835/943/630 833/940/628
f 830/944/625 862/944/657 861/941/656
f 817/945/612 849/945/644 848/942/643
f 804/946/599 836/946/631 835/943/630
f 831/947/626 863/947/658 862/944/657
f 818/918/613 850/918/645 849/945/644
f 805/916/600 837/916/632 836/946/631
f 832/921/627 864/921/659 863/947/658
f 928/921/723 898/920/693 866/920/661
f 883/919/678 915/919/710 916/922/711
f 870/917/665 902/917/697 903/923/698
f 916/922/711 917/924/712 885/924/680
f 903/923/698 904/925/699 872/925/667
f 917/924/712 918/926/713 886/926/681
f 904/925/699 905/927/700 873/927/668
f 918/926/713 919/928/714 887/928/682
f 873/927/668 905/927/700 906/929/701
f 919/928/714 920/930/715 888/930/683
f 906/929/701 907/931/702 875/931/670
f 920/930/715 921/932/716 889/932/684
f 907/931/702 908/933/703 876/933/671
f 921/932/716 922/934/717 890/934/685
f 908/933/703 909/935/704 877/935/672
f 922/934/717 923/936/718 891/936/686
f 877/935/672 909/935/704 910/937/705
f 923/936/718 924/938/719 892/938/687
f 910/937/705 911/939/706 879/939/674
f 898/920/693 897/940/692 865/940/660
f 892/938/687 924/938/719 925/941/720
f 911/939/706 912/942/707 880/942/675
f 897/940/692 899/943/694 867/943/662
f 925/941/720 926/944/721 894/944/689
f 912/942/707 913/945/708 881/945/676
f 899/943/694 900/946/695 868/946/663
f 926/944/721 927/947/722 895/947/690
f 913/945/708 914/918/709 882/918/677
f 900/946/695 901/916/696 869/916/664
f 927/947/722 928/921/723 896/921/691
f 872/925/667 873/927/668 809/927/604
f 862/944/657 926/944/721 925/941/720
f 836/946/631 900/946/695 899/943/694
f 873/927/668 874/929/669 810/929/605
f 927/947/722 926/944/721 862/944/657
f 837/916/632 901/916/696 900/946/695
f 874/929/669 875/931/670 811/931/606
f 928/921/723 927/947/722 863/947/658
f 902/917/697 901/916/696 837/916/632
f 875/931/670 876/933/671 812/933/607
f 898/920/693 928/921/723 864/921/659
f 903/923/698 902/917/697 838/917/633
f 812/933/607 876/933/671 877/935/672
f 840/925/635 904/925/699 903/923/698
f 813/935/608 877/935/672 878/937/673
f 905/927/700 904/925/699 840/925/635
f 814/937/609 878/937/673 879/939/674
f 906/929/701 905/927/700 841/927/636
f 879/939/674 880/942/675 816/942/611
f 843/931/638 907/931/702 906/929/701
f 816/942/611 880/942/675 881/945/676
f 908/933/703 907/931/702 843/931/638
f 881/945/676 882/918/677 818/918/613
f 909/935/704 908/933/703 844/933/639
f 818/918/613 882/918/677 883/919/678
f 846/937/641 910/937/705 909/935/704
f 819/919/614 883/919/678 884/922/679
f 911/939/706 910/937/705 846/937/641
f 884/922/679 885/924/680 821/924/616
f 848/942/643 912/942/707 911/939/706
f 885/924/680 886/926/681 822/926/617
f 913/945/708 912/942/707 848/942/643
f 886/926/681 887/928/682 823/928/618
f 850/918/645 914/918/709 913/945/708
f 823/928/618 887/928/682 888/930/683
f 915/919/710 914/918/709 850/918/645
f 888/930/683 889/932/684 825/932/620
f 916/922/711 915/919/710 851/919/646
f 889/932/684 890/934/685 826/934/621
f 917/924/712 916/922/711 852/922/647
f 826/934/621 890/934/685 891/936/686
f 854/926/649 918/926/713 917/924/712
f 827/936/622 891/936/686 892/938/687
f 866/920/661 865/940/660 802/940/597
f 919/928/714 918/926/713 854/926/649
f 892/938/687 893/941/688 829/941/624
f 802/940/597 865/940/660 867/943/662
f 920/930/715 919/928/714 855/928/650
f 829/941/624 893/941/688 894/944/689
f 867/943/662 868/946/663 804/946/599
f 921/932/716 920/930/715 856/930/651
f 894/944/689 895/947/690 831/947/626
f 804/946/599 868/946/663 869/916/664
f 858/934/653 922/934/717 921/932/716
f 895/947/690 896/921/691 832/921/627
f 805/916/600 869/916/664 870/917/665
f 923/936/718 922/934/717 858/934/653
f 896/921/691 866/920/661 801/920/596
f 870/917/665 871/923/666 807/923/602
f 860/938/655 924/938/719 923/936/718
f 897/940/692 898/920/693 834/920/629
f 871/923/666 872/925/667 808/925/603
f 861/941/656 925/941/720 924/938/719
f 899/943/694 897/940/692 833/940/628
